user_id,address,age,aweme_count,total_favorited,favoriting_count
MS4wLjABAAAAu5Cv2eZBbbIvZqyoD0al3CdHypDE47cVCLHlhD6BKY1RLYBQzSKUAGk6Y3rD3JSk,未知,未知,未知,未知,未知
MS4wLjABAAAA7vfibih-Yt8TM0ynKG6pMp2h-f_zuozPnOFywR8O9IU,未知,未知,未知,未知,未知
MS4wLjABAAAA7EmgGwgykoTOaLWqFAQQ8OOucLceZWm7gawyRVHk1YWju9VbJPo1Kk9pt4nSP2RM,未知,未知,未知,未知,未知
MS4wLjABAAAA-Q1yNchwMfgLcGIY1I6U0sQTG6lTN6SKrNwTwVvrt8I,未知,未知,未知,未知,未知
MS4wLjABAAAAIp1Y0U4_xpDFl2Rx-aCNfGWs9J5bAEjmyU-Gh9lPqfI,未知,未知,未知,未知,未知
MS4wLjABAAAApzjTQ_ddt32HbFDVFzvisq8sL7FYEW3Fs7pGBw-H5Q8,未知,未知,未知,未知,未知
MS4wLjABAAAASYtC-EZmeEVSBsMPQfaSuhl_n1qu-OipWi7JsocNFNtS2xFYyv2pGTTgT4zh8VF5,未知,未知,未知,未知,未知
MS4wLjABAAAApMehDHnzQos9KHl-jFMnsZ-75jl4rydkFd6WXCQ105o,未知,未知,未知,未知,未知
MS4wLjABAAAAZ0ooGJsI8KrdkwBFbX2JYLOuBycLrCC668Ydxns9hZpiJNex3vJ8OrJEAxua49mu,未知,未知,未知,未知,未知
MS4wLjABAAAARLyCpMKXJJH23740ZSmEALiEGwb3X2fgRtj3Td47TWUyR_0G5GvZtTgqizNuiMDL,未知,未知,未知,未知,未知
MS4wLjABAAAAnQDstuGLOC3LBw6uWgKKInWaFRbv8nMpfDyytF6Jh4HBFFLrHin8MhTb9jLOV2jN,未知,未知,未知,未知,未知
MS4wLjABAAAAIp1Y0U4_xpDFl2Rx-aCNfGWs9J5bAEjmyU-Gh9lPqfI,未知,未知,未知,未知,未知
MS4wLjABAAAARLyCpMKXJJH23740ZSmEALiEGwb3X2fgRtj3Td47TWUyR_0G5GvZtTgqizNuiMDL,未知,未知,未知,未知,未知
MS4wLjABAAAAlE4ySN27NDdStTiaXwt7ilZ5Ax9XQdPddwpZiUzWoxM,未知,未知,未知,未知,未知
MS4wLjABAAAAFyy62rRrrKZkuq4uRuSkekLcAFV1cyQq4St69fPl-eI,未知,未知,未知,未知,未知
MS4wLjABAAAARLyCpMKXJJH23740ZSmEALiEGwb3X2fgRtj3Td47TWUyR_0G5GvZtTgqizNuiMDL,未知,未知,未知,未知,未知
MS4wLjABAAAAqADI2dBVccOTOojOZI9spn3ygn6a1oQKr-lgsprvUt0,未知,未知,未知,未知,未知
MS4wLjABAAAALkI_QlA0U4lrI9mVrEa-gUYIlo-pGpkGc8yBcw9-MdT-kC4UnMR0sry-LbtzwQFl,未知,未知,未知,未知,未知
MS4wLjABAAAAGC991b-Kl7aJa_H14NbQINuLVRxMC2tEyYXgz8ZsuKs,未知,未知,未知,未知,未知
MS4wLjABAAAAlE4ySN27NDdStTiaXwt7ilZ5Ax9XQdPddwpZiUzWoxM,未知,未知,未知,未知,未知
MS4wLjABAAAAGC991b-Kl7aJa_H14NbQINuLVRxMC2tEyYXgz8ZsuKs,未知,未知,未知,未知,未知
MS4wLjABAAAAA-nszlLobKp8bhlbfHZrcm3h6huVS-o8goZIufteuzY,未知,未知,未知,未知,未知
MS4wLjABAAAAKfmCpyJLMsbwJ3IS5ftumxHNxP5r-wtwDV7afEskHUQ,未知,未知,未知,未知,未知
MS4wLjABAAAA2SB3sxWLZxe9W5wiQQwoWbQu8J_hmyolePc3ucTaP-xFv8edOXBIFFJkWAGVVsMr,未知,未知,未知,未知,未知
MS4wLjABAAAA2HQHEhTgwXni72RodQzSsm1SOb5v5JIPXK0bzvejcs0,未知,未知,未知,未知,未知
MS4wLjABAAAABCEi1MUfsVpTo51dY8bhrpZVPTfAQJMDBh90mn-QVz8,未知,未知,未知,未知,未知
MS4wLjABAAAApMehDHnzQos9KHl-jFMnsZ-75jl4rydkFd6WXCQ105o,未知,未知,未知,未知,未知
MS4wLjABAAAAGC991b-Kl7aJa_H14NbQINuLVRxMC2tEyYXgz8ZsuKs,未知,未知,未知,未知,未知
MS4wLjABAAAAqADI2dBVccOTOojOZI9spn3ygn6a1oQKr-lgsprvUt0,未知,未知,未知,未知,未知
MS4wLjABAAAAqvgOndQhBFIg6zXvISVyKeIaAscvtbqKZYmWKhcbHmM,未知,未知,未知,未知,未知
MS4wLjABAAAApMehDHnzQos9KHl-jFMnsZ-75jl4rydkFd6WXCQ105o,未知,未知,未知,未知,未知
MS4wLjABAAAAmEhMHCvvF4C4zwI8mmNFrrMAFd6uX5JioqvAI-cxLiV0Wr_dIXHCePm4iqT804WL,未知,未知,未知,未知,未知
MS4wLjABAAAASYtC-EZmeEVSBsMPQfaSuhl_n1qu-OipWi7JsocNFNtS2xFYyv2pGTTgT4zh8VF5,未知,未知,未知,未知,未知
MS4wLjABAAAAmEhMHCvvF4C4zwI8mmNFrrMAFd6uX5JioqvAI-cxLiV0Wr_dIXHCePm4iqT804WL,未知,未知,未知,未知,未知
MS4wLjABAAAAdvt1HdhoHTLmfy_imjkWAuMiWCsdOnhhM5Ovhpq1ZLs,未知,未知,未知,未知,未知
MS4wLjABAAAA6D8xTHJzgxtWTTkg4VBv-GAmICIOKA5QD4o8-xrq45AwGnhKKCtBcHMA76bSJSr9,未知,未知,未知,未知,未知
MS4wLjABAAAAdvt1HdhoHTLmfy_imjkWAuMiWCsdOnhhM5Ovhpq1ZLs,未知,未知,未知,未知,未知
MS4wLjABAAAAqvgOndQhBFIg6zXvISVyKeIaAscvtbqKZYmWKhcbHmM,未知,未知,未知,未知,未知
MS4wLjABAAAAf9AH3xb8dg6owfjyF4UBsHtuEpsNPxEsE2_xeNWoams,未知,未知,未知,未知,未知
MS4wLjABAAAAeWUauzZI5qsoJCAf0Nc9Se3Z1X4iDtJBEmJ8RK-aVSk3vLyVwkOaL_ro4aT1lXHn,未知,未知,未知,未知,未知
MS4wLjABAAAA5X3hU5KE3W9UF_O4XxE4ZQfDIMu7DYn8XJcpIctVGlPrgCrUT8Tyq3nXHAY5YTcB,未知,未知,未知,未知,未知
MS4wLjABAAAApMehDHnzQos9KHl-jFMnsZ-75jl4rydkFd6WXCQ105o,未知,未知,未知,未知,未知
MS4wLjABAAAARLyCpMKXJJH23740ZSmEALiEGwb3X2fgRtj3Td47TWUyR_0G5GvZtTgqizNuiMDL,未知,未知,未知,未知,未知
MS4wLjABAAAAqADI2dBVccOTOojOZI9spn3ygn6a1oQKr-lgsprvUt0,未知,未知,未知,未知,未知
MS4wLjABAAAAxA44mxJVod_Aq5wc0cZrbZHJ2S_DnoJctGpb_mOvsxs,未知,未知,未知,未知,未知
MS4wLjABAAAARLyCpMKXJJH23740ZSmEALiEGwb3X2fgRtj3Td47TWUyR_0G5GvZtTgqizNuiMDL,未知,未知,未知,未知,未知
MS4wLjABAAAASYtC-EZmeEVSBsMPQfaSuhl_n1qu-OipWi7JsocNFNtS2xFYyv2pGTTgT4zh8VF5,未知,未知,未知,未知,未知
MS4wLjABAAAAVbgvIGWUL5novVrAlrx7-HDchJpPROzNqwrUsoTWB_bilLqoCBX9oqo-PJaY_Vgo,未知,未知,未知,未知,未知
MS4wLjABAAAA6D8xTHJzgxtWTTkg4VBv-GAmICIOKA5QD4o8-xrq45AwGnhKKCtBcHMA76bSJSr9,未知,未知,未知,未知,未知
MS4wLjABAAAAWhF8vhhYbbm5EZGg_nu4lE6GwdltzMaKhXkA4OCvk9s,未知,未知,未知,未知,未知
MS4wLjABAAAAZ0ooGJsI8KrdkwBFbX2JYLOuBycLrCC668Ydxns9hZpiJNex3vJ8OrJEAxua49mu,未知,未知,未知,未知,未知
MS4wLjABAAAAqvgOndQhBFIg6zXvISVyKeIaAscvtbqKZYmWKhcbHmM,未知,未知,未知,未知,未知
MS4wLjABAAAAWhF8vhhYbbm5EZGg_nu4lE6GwdltzMaKhXkA4OCvk9s,未知,未知,未知,未知,未知
MS4wLjABAAAAQliR3awO_SXlxo_ORb5YrCnVVtVG1JcihFP9qYOAfVu32BjnZOtOVXhRKu5em0Ga,未知,未知,未知,未知,未知
MS4wLjABAAAA5X3hU5KE3W9UF_O4XxE4ZQfDIMu7DYn8XJcpIctVGlPrgCrUT8Tyq3nXHAY5YTcB,未知,未知,未知,未知,未知
MS4wLjABAAAAQk0p6Ek7qgUNeKxd0WcvEB-X9ugUNaWKA5pfFnjP951yVFZ-rJ68dbu7HplLo00J,未知,未知,未知,未知,未知
MS4wLjABAAAAGK1f72whyw7gkNqDUfQqbypmQBAj_WlSxOarvxoepK0kWnX4Xpm_YGV-0E54aGjn,未知,未知,未知,未知,未知
MS4wLjABAAAAY841wfC3fdvm6ShLmwLZLPLWOtNDAJzcuLPqNz2k8jnzVZsnHBQbvhHe92R27Scj,未知,未知,未知,未知,未知
MS4wLjABAAAAmEhMHCvvF4C4zwI8mmNFrrMAFd6uX5JioqvAI-cxLiV0Wr_dIXHCePm4iqT804WL,未知,未知,未知,未知,未知
MS4wLjABAAAAKfmCpyJLMsbwJ3IS5ftumxHNxP5r-wtwDV7afEskHUQ,未知,未知,未知,未知,未知
MS4wLjABAAAAqN0M0RY9V9oODY-_BgdciAmaBQ1FOU4X9dLyB__LRlU,未知,未知,未知,未知,未知
MS4wLjABAAAAzq8GhD-miOYSLocmUO7E4Pt8fJK3hTrWstzT0fbJJsc,未知,未知,未知,未知,未知
MS4wLjABAAAApMehDHnzQos9KHl-jFMnsZ-75jl4rydkFd6WXCQ105o,未知,未知,未知,未知,未知
MS4wLjABAAAARLyCpMKXJJH23740ZSmEALiEGwb3X2fgRtj3Td47TWUyR_0G5GvZtTgqizNuiMDL,未知,未知,未知,未知,未知
MS4wLjABAAAAzq8GhD-miOYSLocmUO7E4Pt8fJK3hTrWstzT0fbJJsc,未知,未知,未知,未知,未知
MS4wLjABAAAANzM4u-l3cY4teN83izGOUPZZxwjnjvexLS1L83QxF0o,未知,未知,未知,未知,未知
MS4wLjABAAAARLyCpMKXJJH23740ZSmEALiEGwb3X2fgRtj3Td47TWUyR_0G5GvZtTgqizNuiMDL,未知,未知,未知,未知,未知
MS4wLjABAAAAQk0p6Ek7qgUNeKxd0WcvEB-X9ugUNaWKA5pfFnjP951yVFZ-rJ68dbu7HplLo00J,未知,未知,未知,未知,未知
MS4wLjABAAAAdvt1HdhoHTLmfy_imjkWAuMiWCsdOnhhM5Ovhpq1ZLs,未知,未知,未知,未知,未知
MS4wLjABAAAAQk0p6Ek7qgUNeKxd0WcvEB-X9ugUNaWKA5pfFnjP951yVFZ-rJ68dbu7HplLo00J,未知,未知,未知,未知,未知
MS4wLjABAAAA6D8xTHJzgxtWTTkg4VBv-GAmICIOKA5QD4o8-xrq45AwGnhKKCtBcHMA76bSJSr9,未知,未知,未知,未知,未知
MS4wLjABAAAA2fvbUNtgKouEcEXBnh4B2xBG9_QUReLTdlIB77efuRuRYRTJbzcctb1ptwbF3LWv,未知,未知,未知,未知,未知
MS4wLjABAAAAmEhMHCvvF4C4zwI8mmNFrrMAFd6uX5JioqvAI-cxLiV0Wr_dIXHCePm4iqT804WL,未知,未知,未知,未知,未知
MS4wLjABAAAAQk0p6Ek7qgUNeKxd0WcvEB-X9ugUNaWKA5pfFnjP951yVFZ-rJ68dbu7HplLo00J,未知,未知,未知,未知,未知
MS4wLjABAAAAQliR3awO_SXlxo_ORb5YrCnVVtVG1JcihFP9qYOAfVu32BjnZOtOVXhRKu5em0Ga,未知,未知,未知,未知,未知
MS4wLjABAAAAWhF8vhhYbbm5EZGg_nu4lE6GwdltzMaKhXkA4OCvk9s,未知,未知,未知,未知,未知
MS4wLjABAAAAtc9DJhRNK6rj30SYefeKUvOze08hIzaP0gdhpX5W8s1bQLyXZ3qvhy_yutld3Wgp,未知,未知,未知,未知,未知
MS4wLjABAAAApz3JEvVehqm69G5d7MHIOe4XpT27SCxAPPwrJhgrNQc2ipVR2o45J5tMUtnqc6Av,未知,未知,未知,未知,未知
MS4wLjABAAAAiJ6Wtvbqf2kCbpgDHP8Fvh8xXf2O1wj8cjUDL1p-qvIgBrC4GJWD9b3vrPcvgU07,未知,未知,未知,未知,未知
MS4wLjABAAAAIZfGUA3-I17tb8UJvi_9hWBmg1jUAkmEI-5ZQ4vRukQ,未知,未知,未知,未知,未知
MS4wLjABAAAAQk0p6Ek7qgUNeKxd0WcvEB-X9ugUNaWKA5pfFnjP951yVFZ-rJ68dbu7HplLo00J,未知,未知,未知,未知,未知
MS4wLjABAAAA6D8xTHJzgxtWTTkg4VBv-GAmICIOKA5QD4o8-xrq45AwGnhKKCtBcHMA76bSJSr9,未知,未知,未知,未知,未知
MS4wLjABAAAA5X3hU5KE3W9UF_O4XxE4ZQfDIMu7DYn8XJcpIctVGlPrgCrUT8Tyq3nXHAY5YTcB,未知,未知,未知,未知,未知
MS4wLjABAAAAZ0ooGJsI8KrdkwBFbX2JYLOuBycLrCC668Ydxns9hZpiJNex3vJ8OrJEAxua49mu,未知,未知,未知,未知,未知
MS4wLjABAAAA2fvbUNtgKouEcEXBnh4B2xBG9_QUReLTdlIB77efuRuRYRTJbzcctb1ptwbF3LWv,未知,未知,未知,未知,未知
MS4wLjABAAAAqw1C3jY9-4yN52oph1CXAGRWJZhAa81D7lJ65Sx00v7UENSTxfqK2RUuz3H7Ndog,未知,未知,未知,未知,未知
MS4wLjABAAAAQk0p6Ek7qgUNeKxd0WcvEB-X9ugUNaWKA5pfFnjP951yVFZ-rJ68dbu7HplLo00J,未知,未知,未知,未知,未知
MS4wLjABAAAA5X3hU5KE3W9UF_O4XxE4ZQfDIMu7DYn8XJcpIctVGlPrgCrUT8Tyq3nXHAY5YTcB,未知,未知,未知,未知,未知
MS4wLjABAAAAt6jy3zulz21xarPkb7GiHfEiH8m5IwdL8aPqcAVOJ-8,未知,未知,未知,未知,未知
MS4wLjABAAAAt6jy3zulz21xarPkb7GiHfEiH8m5IwdL8aPqcAVOJ-8,未知,未知,未知,未知,未知
MS4wLjABAAAA6D8xTHJzgxtWTTkg4VBv-GAmICIOKA5QD4o8-xrq45AwGnhKKCtBcHMA76bSJSr9,未知,未知,未知,未知,未知
MS4wLjABAAAA2fvbUNtgKouEcEXBnh4B2xBG9_QUReLTdlIB77efuRuRYRTJbzcctb1ptwbF3LWv,未知,未知,未知,未知,未知
MS4wLjABAAAA32JEoS5N-R2h3aDLXTeavcbAD8zJqzSfSALXsvWUlTef0A3jX17P2T5iPj1ovPf4,未知,未知,未知,未知,未知
MS4wLjABAAAAGK1f72whyw7gkNqDUfQqbypmQBAj_WlSxOarvxoepK0kWnX4Xpm_YGV-0E54aGjn,未知,未知,未知,未知,未知
MS4wLjABAAAA5X3hU5KE3W9UF_O4XxE4ZQfDIMu7DYn8XJcpIctVGlPrgCrUT8Tyq3nXHAY5YTcB,未知,未知,未知,未知,未知
MS4wLjABAAAAQk0p6Ek7qgUNeKxd0WcvEB-X9ugUNaWKA5pfFnjP951yVFZ-rJ68dbu7HplLo00J,未知,未知,未知,未知,未知
MS4wLjABAAAA2fvbUNtgKouEcEXBnh4B2xBG9_QUReLTdlIB77efuRuRYRTJbzcctb1ptwbF3LWv,未知,未知,未知,未知,未知
MS4wLjABAAAAOCLpbyt9s82x7vFE_VU42_p-r5XGkG8yB27-i8go74ZZmQScV4owyP6uHuCylYiU,未知,未知,未知,未知,未知
MS4wLjABAAAAkd1PhokASv8sGmzZofNBSfL_E1puBBAL5mHFrUfeitg,未知,未知,未知,未知,未知
MS4wLjABAAAARZcFtvl5Gx2iqtmU3KtWvR0VGdCJ_mGZn2pdUMw9Jzw,未知,未知,未知,未知,未知
MS4wLjABAAAA5X3hU5KE3W9UF_O4XxE4ZQfDIMu7DYn8XJcpIctVGlPrgCrUT8Tyq3nXHAY5YTcB,未知,未知,未知,未知,未知
MS4wLjABAAAAGK1f72whyw7gkNqDUfQqbypmQBAj_WlSxOarvxoepK0kWnX4Xpm_YGV-0E54aGjn,未知,未知,未知,未知,未知
MS4wLjABAAAA2fvbUNtgKouEcEXBnh4B2xBG9_QUReLTdlIB77efuRuRYRTJbzcctb1ptwbF3LWv,未知,未知,未知,未知,未知
MS4wLjABAAAA32JEoS5N-R2h3aDLXTeavcbAD8zJqzSfSALXsvWUlTef0A3jX17P2T5iPj1ovPf4,未知,未知,未知,未知,未知
MS4wLjABAAAA5X3hU5KE3W9UF_O4XxE4ZQfDIMu7DYn8XJcpIctVGlPrgCrUT8Tyq3nXHAY5YTcB,未知,未知,未知,未知,未知
MS4wLjABAAAA2fvbUNtgKouEcEXBnh4B2xBG9_QUReLTdlIB77efuRuRYRTJbzcctb1ptwbF3LWv,未知,未知,未知,未知,未知
MS4wLjABAAAAQk0p6Ek7qgUNeKxd0WcvEB-X9ugUNaWKA5pfFnjP951yVFZ-rJ68dbu7HplLo00J,未知,未知,未知,未知,未知
MS4wLjABAAAAOCLpbyt9s82x7vFE_VU42_p-r5XGkG8yB27-i8go74ZZmQScV4owyP6uHuCylYiU,未知,未知,未知,未知,未知
MS4wLjABAAAAkd1PhokASv8sGmzZofNBSfL_E1puBBAL5mHFrUfeitg,未知,未知,未知,未知,未知
MS4wLjABAAAAGK1f72whyw7gkNqDUfQqbypmQBAj_WlSxOarvxoepK0kWnX4Xpm_YGV-0E54aGjn,未知,未知,未知,未知,未知
MS4wLjABAAAApz3JEvVehqm69G5d7MHIOe4XpT27SCxAPPwrJhgrNQc2ipVR2o45J5tMUtnqc6Av,未知,未知,未知,未知,未知
MS4wLjABAAAAZ0ooGJsI8KrdkwBFbX2JYLOuBycLrCC668Ydxns9hZpiJNex3vJ8OrJEAxua49mu,未知,未知,未知,未知,未知
MS4wLjABAAAApMehDHnzQos9KHl-jFMnsZ-75jl4rydkFd6WXCQ105o,未知,未知,未知,未知,未知
MS4wLjABAAAAdvt1HdhoHTLmfy_imjkWAuMiWCsdOnhhM5Ovhpq1ZLs,未知,未知,未知,未知,未知
MS4wLjABAAAA2fvbUNtgKouEcEXBnh4B2xBG9_QUReLTdlIB77efuRuRYRTJbzcctb1ptwbF3LWv,未知,未知,未知,未知,未知
MS4wLjABAAAA6D8xTHJzgxtWTTkg4VBv-GAmICIOKA5QD4o8-xrq45AwGnhKKCtBcHMA76bSJSr9,未知,未知,未知,未知,未知
MS4wLjABAAAAxG-og2Q6H0H3qzvFBA4Qx4O0R2fBWrU18sxsqV6e6I0,未知,未知,未知,未知,未知
MS4wLjABAAAAoMF0FxdgOR1wdY1PrjZFlVrpiCr88re8vFqOSH9gH0k,未知,未知,未知,未知,未知
MS4wLjABAAAAhtjhrVUoaMtDH_dYufFTxJEh1PHLFcRL5XozWy4MmmQ,未知,未知,未知,未知,未知
MS4wLjABAAAAqvgOndQhBFIg6zXvISVyKeIaAscvtbqKZYmWKhcbHmM,未知,未知,未知,未知,未知
MS4wLjABAAAAhtjhrVUoaMtDH_dYufFTxJEh1PHLFcRL5XozWy4MmmQ,未知,未知,未知,未知,未知
MS4wLjABAAAALkI_QlA0U4lrI9mVrEa-gUYIlo-pGpkGc8yBcw9-MdT-kC4UnMR0sry-LbtzwQFl,未知,未知,未知,未知,未知
MS4wLjABAAAAQk0p6Ek7qgUNeKxd0WcvEB-X9ugUNaWKA5pfFnjP951yVFZ-rJ68dbu7HplLo00J,未知,未知,未知,未知,未知
MS4wLjABAAAAxG-og2Q6H0H3qzvFBA4Qx4O0R2fBWrU18sxsqV6e6I0,未知,未知,未知,未知,未知
MS4wLjABAAAApMehDHnzQos9KHl-jFMnsZ-75jl4rydkFd6WXCQ105o,未知,未知,未知,未知,未知
MS4wLjABAAAApzjTQ_ddt32HbFDVFzvisq8sL7FYEW3Fs7pGBw-H5Q8,未知,未知,未知,未知,未知
MS4wLjABAAAAm0bwmzZrKGprvwmnWXCAypCqdqrVmn9pG_ucc7mbjHIYGH5qKDgVKnYlmsj6r-NZ,未知,未知,未知,未知,未知
MS4wLjABAAAA2fvbUNtgKouEcEXBnh4B2xBG9_QUReLTdlIB77efuRuRYRTJbzcctb1ptwbF3LWv,未知,未知,未知,未知,未知
MS4wLjABAAAABCEi1MUfsVpTo51dY8bhrpZVPTfAQJMDBh90mn-QVz8,未知,未知,未知,未知,未知
MS4wLjABAAAAFLiU7BSSGKleJ6lkprNLcvgYIDnsUgLiMLOvdgm4xF4,未知,未知,未知,未知,未知
MS4wLjABAAAAGK1f72whyw7gkNqDUfQqbypmQBAj_WlSxOarvxoepK0kWnX4Xpm_YGV-0E54aGjn,未知,未知,未知,未知,未知
MS4wLjABAAAAGC991b-Kl7aJa_H14NbQINuLVRxMC2tEyYXgz8ZsuKs,未知,未知,未知,未知,未知
MS4wLjABAAAA5X3hU5KE3W9UF_O4XxE4ZQfDIMu7DYn8XJcpIctVGlPrgCrUT8Tyq3nXHAY5YTcB,未知,未知,未知,未知,未知
MS4wLjABAAAAIXtOKtF_E7cmIe37wwbXYqj07RpGS0VRsCu19K4vH5b4cagpiyH_gnqOQQwRRFRH,未知,未知,未知,未知,未知
MS4wLjABAAAAWhF8vhhYbbm5EZGg_nu4lE6GwdltzMaKhXkA4OCvk9s,未知,未知,未知,未知,未知
MS4wLjABAAAAqvgOndQhBFIg6zXvISVyKeIaAscvtbqKZYmWKhcbHmM,未知,未知,未知,未知,未知
MS4wLjABAAAAPUG08xj-oo8FJcryGOGHXb18vGmgnqyyJIctPvhN-iI,未知,未知,未知,未知,未知
MS4wLjABAAAA6D8xTHJzgxtWTTkg4VBv-GAmICIOKA5QD4o8-xrq45AwGnhKKCtBcHMA76bSJSr9,未知,未知,未知,未知,未知
MS4wLjABAAAApz3JEvVehqm69G5d7MHIOe4XpT27SCxAPPwrJhgrNQc2ipVR2o45J5tMUtnqc6Av,未知,未知,未知,未知,未知
MS4wLjABAAAA9VFkagP-2qqo8rUyYdpic5ac9VS3u2P_un1ejDKgZyg,未知,未知,未知,未知,未知
MS4wLjABAAAA5X3hU5KE3W9UF_O4XxE4ZQfDIMu7DYn8XJcpIctVGlPrgCrUT8Tyq3nXHAY5YTcB,未知,未知,未知,未知,未知
MS4wLjABAAAAqvgOndQhBFIg6zXvISVyKeIaAscvtbqKZYmWKhcbHmM,未知,未知,未知,未知,未知
MS4wLjABAAAAqvgOndQhBFIg6zXvISVyKeIaAscvtbqKZYmWKhcbHmM,未知,未知,未知,未知,未知
MS4wLjABAAAA5X3hU5KE3W9UF_O4XxE4ZQfDIMu7DYn8XJcpIctVGlPrgCrUT8Tyq3nXHAY5YTcB,未知,未知,未知,未知,未知
MS4wLjABAAAAKfmCpyJLMsbwJ3IS5ftumxHNxP5r-wtwDV7afEskHUQ,未知,未知,未知,未知,未知
MS4wLjABAAAADusZX-aSTPImP6EttiQJIcm528J0vw0K6c5VaYLeO8QZ26COeadOyVT3cHJ5D9UT,未知,未知,未知,未知,未知
MS4wLjABAAAAN8AdUxRVLs2WrUaAI_mXQ_tqjWpdJGuKfRrVDXHgSrhbdwtNflG5vySxWtJgOYx3,未知,未知,未知,未知,未知
MS4wLjABAAAAIdbPasGD6QQgZJl2ClD_dGz7cCGfTTuK8WtYx_A-EC4,未知,未知,未知,未知,未知
MS4wLjABAAAARLyCpMKXJJH23740ZSmEALiEGwb3X2fgRtj3Td47TWUyR_0G5GvZtTgqizNuiMDL,未知,未知,未知,未知,未知
MS4wLjABAAAAGK1f72whyw7gkNqDUfQqbypmQBAj_WlSxOarvxoepK0kWnX4Xpm_YGV-0E54aGjn,未知,未知,未知,未知,未知
MS4wLjABAAAAVZ5vqhjmD55lC783B-a_ga0G2kCrhqysJSP8mkLZaFgaJx_Y3LzK1OxQoQuCgVS6,未知,未知,未知,未知,未知
MS4wLjABAAAAOCLpbyt9s82x7vFE_VU42_p-r5XGkG8yB27-i8go74ZZmQScV4owyP6uHuCylYiU,未知,未知,未知,未知,未知
MS4wLjABAAAANx2decYfoUosddpVQ8b9lMXt51p6xx53NFCtYZqKDvOdQTx6uuCTpOlvftybFnFL,未知,未知,未知,未知,未知
MS4wLjABAAAARAyP2NxtvoiCoOlV5yucR42p5sD3GB6rE-02_kB8-Lg,未知,未知,未知,未知,未知
MS4wLjABAAAAplpKC_p2aKZB114VMNKN4f47wAQKjQVq87SMAMzW1njKyhmWRzAor-9dtbSm-APU,未知,未知,未知,未知,未知
MS4wLjABAAAAKfmCpyJLMsbwJ3IS5ftumxHNxP5r-wtwDV7afEskHUQ,未知,未知,未知,未知,未知
MS4wLjABAAAAZ0ooGJsI8KrdkwBFbX2JYLOuBycLrCC668Ydxns9hZpiJNex3vJ8OrJEAxua49mu,未知,未知,未知,未知,未知
MS4wLjABAAAACfTm8VE6Ia7Tzbhh-ehC8Lab6BmAD0lhLozEFQE5sNfbL5rOux0Vl0LtBzDzgnMr,未知,未知,未知,未知,未知
MS4wLjABAAAAng5Y-N9ItWPaVK3bsCV52blVSbhUNJ17Mu4TXirBE37mIodUsmeULp1mXSyHI8MO,未知,未知,未知,未知,未知
MS4wLjABAAAAng5Y-N9ItWPaVK3bsCV52blVSbhUNJ17Mu4TXirBE37mIodUsmeULp1mXSyHI8MO,未知,未知,未知,未知,未知
MS4wLjABAAAApMehDHnzQos9KHl-jFMnsZ-75jl4rydkFd6WXCQ105o,未知,未知,未知,未知,未知
MS4wLjABAAAAqvgOndQhBFIg6zXvISVyKeIaAscvtbqKZYmWKhcbHmM,未知,未知,未知,未知,未知
MS4wLjABAAAAf9AH3xb8dg6owfjyF4UBsHtuEpsNPxEsE2_xeNWoams,未知,未知,未知,未知,未知
MS4wLjABAAAA5X3hU5KE3W9UF_O4XxE4ZQfDIMu7DYn8XJcpIctVGlPrgCrUT8Tyq3nXHAY5YTcB,未知,未知,未知,未知,未知
MS4wLjABAAAAOCLpbyt9s82x7vFE_VU42_p-r5XGkG8yB27-i8go74ZZmQScV4owyP6uHuCylYiU,未知,未知,未知,未知,未知
MS4wLjABAAAAGC991b-Kl7aJa_H14NbQINuLVRxMC2tEyYXgz8ZsuKs,未知,未知,未知,未知,未知
MS4wLjABAAAAWhF8vhhYbbm5EZGg_nu4lE6GwdltzMaKhXkA4OCvk9s,未知,未知,未知,未知,未知
MS4wLjABAAAAZ0ooGJsI8KrdkwBFbX2JYLOuBycLrCC668Ydxns9hZpiJNex3vJ8OrJEAxua49mu,未知,未知,未知,未知,未知
MS4wLjABAAAA2fvbUNtgKouEcEXBnh4B2xBG9_QUReLTdlIB77efuRuRYRTJbzcctb1ptwbF3LWv,未知,未知,未知,未知,未知
MS4wLjABAAAAGK1f72whyw7gkNqDUfQqbypmQBAj_WlSxOarvxoepK0kWnX4Xpm_YGV-0E54aGjn,未知,未知,未知,未知,未知
MS4wLjABAAAARAyP2NxtvoiCoOlV5yucR42p5sD3GB6rE-02_kB8-Lg,未知,未知,未知,未知,未知
MS4wLjABAAAA5X3hU5KE3W9UF_O4XxE4ZQfDIMu7DYn8XJcpIctVGlPrgCrUT8Tyq3nXHAY5YTcB,未知,未知,未知,未知,未知
MS4wLjABAAAADtQbwFxtmNMLvp9TwX1fNVHDrEVTS0X4RblRaOqqk5s,未知,未知,未知,未知,未知
MS4wLjABAAAAdvt1HdhoHTLmfy_imjkWAuMiWCsdOnhhM5Ovhpq1ZLs,未知,未知,未知,未知,未知
MS4wLjABAAAA2eif0jBybogsn3xypZvHP7NAtzWniYlB154kUAz9Azw,未知,未知,未知,未知,未知
MS4wLjABAAAA3A4oGQG3tnWZ9G5bTbtO6RWK-Agk08micQVJkzUwkLuS52-nwRwYzKNwXfgpjGio,未知,未知,未知,未知,未知
MS4wLjABAAAApzjTQ_ddt32HbFDVFzvisq8sL7FYEW3Fs7pGBw-H5Q8,未知,未知,未知,未知,未知
MS4wLjABAAAAGK1f72whyw7gkNqDUfQqbypmQBAj_WlSxOarvxoepK0kWnX4Xpm_YGV-0E54aGjn,未知,未知,未知,未知,未知
MS4wLjABAAAAdvt1HdhoHTLmfy_imjkWAuMiWCsdOnhhM5Ovhpq1ZLs,未知,未知,未知,未知,未知
MS4wLjABAAAAR9HxrXKUobJV3L7OCxcFxlC9vX3OguJ_RmZ7C6cK51g,未知,未知,未知,未知,未知
MS4wLjABAAAARLyCpMKXJJH23740ZSmEALiEGwb3X2fgRtj3Td47TWUyR_0G5GvZtTgqizNuiMDL,未知,未知,未知,未知,未知
MS4wLjABAAAApMehDHnzQos9KHl-jFMnsZ-75jl4rydkFd6WXCQ105o,未知,未知,未知,未知,未知
MS4wLjABAAAA5X3hU5KE3W9UF_O4XxE4ZQfDIMu7DYn8XJcpIctVGlPrgCrUT8Tyq3nXHAY5YTcB,未知,未知,未知,未知,未知
MS4wLjABAAAA5X3hU5KE3W9UF_O4XxE4ZQfDIMu7DYn8XJcpIctVGlPrgCrUT8Tyq3nXHAY5YTcB,未知,未知,未知,未知,未知
MS4wLjABAAAALkI_QlA0U4lrI9mVrEa-gUYIlo-pGpkGc8yBcw9-MdT-kC4UnMR0sry-LbtzwQFl,未知,未知,未知,未知,未知
MS4wLjABAAAASYtC-EZmeEVSBsMPQfaSuhl_n1qu-OipWi7JsocNFNtS2xFYyv2pGTTgT4zh8VF5,未知,未知,未知,未知,未知
MS4wLjABAAAAi9pkR296BwsFnwmtcz9lHp9jksJVNL_zX9zyLNqJFVM,未知,未知,未知,未知,未知
MS4wLjABAAAAdvt1HdhoHTLmfy_imjkWAuMiWCsdOnhhM5Ovhpq1ZLs,未知,未知,未知,未知,未知
MS4wLjABAAAAGK1f72whyw7gkNqDUfQqbypmQBAj_WlSxOarvxoepK0kWnX4Xpm_YGV-0E54aGjn,未知,未知,未知,未知,未知
MS4wLjABAAAAqADI2dBVccOTOojOZI9spn3ygn6a1oQKr-lgsprvUt0,未知,未知,未知,未知,未知
MS4wLjABAAAA1n6fpRsavPRQ-wdFQMAe1Zca2E6WMrHZdRt58SH7_Wzo6COGEfDfJGTZLjdLZA4z,未知,未知,未知,未知,未知
MS4wLjABAAAAWRvCo9un9WFnaVS0QHFzX3msDAeludMtwaepGSJWM9DVMCKxTzVoKChh984Qd0bd,未知,未知,未知,未知,未知
MS4wLjABAAAA3A4oGQG3tnWZ9G5bTbtO6RWK-Agk08micQVJkzUwkLuS52-nwRwYzKNwXfgpjGio,未知,未知,未知,未知,未知
MS4wLjABAAAApz3JEvVehqm69G5d7MHIOe4XpT27SCxAPPwrJhgrNQc2ipVR2o45J5tMUtnqc6Av,未知,未知,未知,未知,未知
MS4wLjABAAAA5eIkXTQm6i-dMJoiuAiPjgi2ZTT4q-avxlPXvy1OYT7EVsTO73L3ASovAqExjga5,未知,未知,未知,未知,未知
MS4wLjABAAAASYtC-EZmeEVSBsMPQfaSuhl_n1qu-OipWi7JsocNFNtS2xFYyv2pGTTgT4zh8VF5,未知,未知,未知,未知,未知
MS4wLjABAAAApQt4XNWsIr0WT099qFmAR-k3z0z7rSieyu2pY6Z1PtA,未知,未知,未知,未知,未知
MS4wLjABAAAAVmV743TYh5ItnI5xgYj4K6aLcd2Bt2deQGUoaHQe9wEjQUBuKnFbN5LCCxXC1lZS,未知,未知,未知,未知,未知
MS4wLjABAAAAqADI2dBVccOTOojOZI9spn3ygn6a1oQKr-lgsprvUt0,未知,未知,未知,未知,未知
MS4wLjABAAAApMehDHnzQos9KHl-jFMnsZ-75jl4rydkFd6WXCQ105o,未知,未知,未知,未知,未知
MS4wLjABAAAA48E-szfduZotKJqzvx-DaKlwpSFjX_ppq0go1kzY7zeZpMVU0YvtetkkRkCNDyB_,未知,未知,未知,未知,未知
MS4wLjABAAAAf9AH3xb8dg6owfjyF4UBsHtuEpsNPxEsE2_xeNWoams,未知,未知,未知,未知,未知
MS4wLjABAAAAGK1f72whyw7gkNqDUfQqbypmQBAj_WlSxOarvxoepK0kWnX4Xpm_YGV-0E54aGjn,未知,未知,未知,未知,未知
MS4wLjABAAAARLyCpMKXJJH23740ZSmEALiEGwb3X2fgRtj3Td47TWUyR_0G5GvZtTgqizNuiMDL,未知,未知,未知,未知,未知
MS4wLjABAAAAZOGTRCM4HE0i2Mk_H7oEbcjcRTcf7JK4FNq3SEjzQwk,未知,未知,未知,未知,未知
MS4wLjABAAAAFLiU7BSSGKleJ6lkprNLcvgYIDnsUgLiMLOvdgm4xF4,未知,未知,未知,未知,未知
MS4wLjABAAAA7QxkwL2bIleYi-5BZL8alj-oX4ErnOjlqLlhZav3Z6QHhwip17iFr85LjvSLtD-P,未知,未知,未知,未知,未知
MS4wLjABAAAASYtC-EZmeEVSBsMPQfaSuhl_n1qu-OipWi7JsocNFNtS2xFYyv2pGTTgT4zh8VF5,未知,未知,未知,未知,未知
MS4wLjABAAAAqADI2dBVccOTOojOZI9spn3ygn6a1oQKr-lgsprvUt0,未知,未知,未知,未知,未知
MS4wLjABAAAAu5Cv2eZBbbIvZqyoD0al3CdHypDE47cVCLHlhD6BKY1RLYBQzSKUAGk6Y3rD3JSk,未知,未知,未知,未知,未知
MS4wLjABAAAA5X3hU5KE3W9UF_O4XxE4ZQfDIMu7DYn8XJcpIctVGlPrgCrUT8Tyq3nXHAY5YTcB,未知,未知,未知,未知,未知
MS4wLjABAAAA2eif0jBybogsn3xypZvHP7NAtzWniYlB154kUAz9Azw,未知,未知,未知,未知,未知
MS4wLjABAAAApMehDHnzQos9KHl-jFMnsZ-75jl4rydkFd6WXCQ105o,未知,未知,未知,未知,未知
MS4wLjABAAAApMehDHnzQos9KHl-jFMnsZ-75jl4rydkFd6WXCQ105o,未知,未知,未知,未知,未知
MS4wLjABAAAApz3JEvVehqm69G5d7MHIOe4XpT27SCxAPPwrJhgrNQc2ipVR2o45J5tMUtnqc6Av,未知,未知,未知,未知,未知
MS4wLjABAAAAIXtOKtF_E7cmIe37wwbXYqj07RpGS0VRsCu19K4vH5b4cagpiyH_gnqOQQwRRFRH,未知,未知,未知,未知,未知
MS4wLjABAAAA2eif0jBybogsn3xypZvHP7NAtzWniYlB154kUAz9Azw,未知,未知,未知,未知,未知
MS4wLjABAAAAeWUauzZI5qsoJCAf0Nc9Se3Z1X4iDtJBEmJ8RK-aVSk3vLyVwkOaL_ro4aT1lXHn,未知,未知,未知,未知,未知
MS4wLjABAAAAWRvCo9un9WFnaVS0QHFzX3msDAeludMtwaepGSJWM9DVMCKxTzVoKChh984Qd0bd,未知,未知,未知,未知,未知
MS4wLjABAAAAuIg0zUtMb6_wCla0_cu9IJLY-qfyD3ZuhqRR624mi3Q,未知,未知,未知,未知,未知
MS4wLjABAAAApMehDHnzQos9KHl-jFMnsZ-75jl4rydkFd6WXCQ105o,未知,未知,未知,未知,未知
MS4wLjABAAAA2Z2v2FwJFUlRaAyjmDu9HGaCmVDwpFTdeEekNBCpaMwr-jqMfcD1WpWhGuO-BDpq,未知,未知,未知,未知,未知
MS4wLjABAAAA5X3hU5KE3W9UF_O4XxE4ZQfDIMu7DYn8XJcpIctVGlPrgCrUT8Tyq3nXHAY5YTcB,未知,未知,未知,未知,未知
MS4wLjABAAAA7EmgGwgykoTOaLWqFAQQ8OOucLceZWm7gawyRVHk1YWju9VbJPo1Kk9pt4nSP2RM,未知,未知,未知,未知,未知
MS4wLjABAAAApMehDHnzQos9KHl-jFMnsZ-75jl4rydkFd6WXCQ105o,未知,未知,未知,未知,未知
MS4wLjABAAAA5X3hU5KE3W9UF_O4XxE4ZQfDIMu7DYn8XJcpIctVGlPrgCrUT8Tyq3nXHAY5YTcB,未知,未知,未知,未知,未知
MS4wLjABAAAAuuldqpGqj3McgzkQeaM7UBroMHtNHmbsmMqfwLWlWTr8_RhIogZAuXbO5glm-Iw9,未知,未知,未知,未知,未知
MS4wLjABAAAAI2FqjpTBGUD3cPJvqQNCpIYDO6rV2IC78GlobFrFkgoVF9VGYK7D85AzP0lWINsK,未知,未知,未知,未知,未知
MS4wLjABAAAAOCLpbyt9s82x7vFE_VU42_p-r5XGkG8yB27-i8go74ZZmQScV4owyP6uHuCylYiU,未知,未知,未知,未知,未知
MS4wLjABAAAAZ0ooGJsI8KrdkwBFbX2JYLOuBycLrCC668Ydxns9hZpiJNex3vJ8OrJEAxua49mu,未知,未知,未知,未知,未知
MS4wLjABAAAAFLiU7BSSGKleJ6lkprNLcvgYIDnsUgLiMLOvdgm4xF4,未知,未知,未知,未知,未知
MS4wLjABAAAApMehDHnzQos9KHl-jFMnsZ-75jl4rydkFd6WXCQ105o,未知,未知,未知,未知,未知
MS4wLjABAAAACfTm8VE6Ia7Tzbhh-ehC8Lab6BmAD0lhLozEFQE5sNfbL5rOux0Vl0LtBzDzgnMr,未知,未知,未知,未知,未知
MS4wLjABAAAAZ0ooGJsI8KrdkwBFbX2JYLOuBycLrCC668Ydxns9hZpiJNex3vJ8OrJEAxua49mu,未知,未知,未知,未知,未知
MS4wLjABAAAAGs6z6-8txBvNXpVhuk0EH7aCQKrwwugXxbItGQTF1h0,未知,未知,未知,未知,未知
MS4wLjABAAAASgobnVkhuKduWA3w2t4XDjpPUKoBm4kSCWsOlI86XKNvczOsJKEARFZw8AfqNJgF,未知,未知,未知,未知,未知
MS4wLjABAAAAOfPcb4xYq5iAYPxT4e7rDrBoq_DTfbsW2j32lFoKpikqx1TTw-4TkidjmpkIR6hc,未知,未知,未知,未知,未知
MS4wLjABAAAApz3JEvVehqm69G5d7MHIOe4XpT27SCxAPPwrJhgrNQc2ipVR2o45J5tMUtnqc6Av,未知,未知,未知,未知,未知
MS4wLjABAAAArFXy6LfiJXASOlYlloW-qLE09cwqiEOJICbE8nBdbXaKVT2Fmfn4EK9U6HUHlTBf,未知,未知,未知,未知,未知
MS4wLjABAAAAIZfGUA3-I17tb8UJvi_9hWBmg1jUAkmEI-5ZQ4vRukQ,未知,未知,未知,未知,未知
MS4wLjABAAAArFXy6LfiJXASOlYlloW-qLE09cwqiEOJICbE8nBdbXaKVT2Fmfn4EK9U6HUHlTBf,未知,未知,未知,未知,未知
MS4wLjABAAAAu5Cv2eZBbbIvZqyoD0al3CdHypDE47cVCLHlhD6BKY1RLYBQzSKUAGk6Y3rD3JSk,未知,未知,未知,未知,未知
MS4wLjABAAAAGs6z6-8txBvNXpVhuk0EH7aCQKrwwugXxbItGQTF1h0,未知,未知,未知,未知,未知
MS4wLjABAAAAFLiU7BSSGKleJ6lkprNLcvgYIDnsUgLiMLOvdgm4xF4,未知,未知,未知,未知,未知
MS4wLjABAAAAGK1f72whyw7gkNqDUfQqbypmQBAj_WlSxOarvxoepK0kWnX4Xpm_YGV-0E54aGjn,未知,未知,未知,未知,未知
MS4wLjABAAAA5X3hU5KE3W9UF_O4XxE4ZQfDIMu7DYn8XJcpIctVGlPrgCrUT8Tyq3nXHAY5YTcB,未知,未知,未知,未知,未知
MS4wLjABAAAAqvgOndQhBFIg6zXvISVyKeIaAscvtbqKZYmWKhcbHmM,未知,未知,未知,未知,未知
MS4wLjABAAAAdvt1HdhoHTLmfy_imjkWAuMiWCsdOnhhM5Ovhpq1ZLs,未知,未知,未知,未知,未知
MS4wLjABAAAA5X3hU5KE3W9UF_O4XxE4ZQfDIMu7DYn8XJcpIctVGlPrgCrUT8Tyq3nXHAY5YTcB,未知,未知,未知,未知,未知
MS4wLjABAAAAWRvCo9un9WFnaVS0QHFzX3msDAeludMtwaepGSJWM9DVMCKxTzVoKChh984Qd0bd,未知,未知,未知,未知,未知
MS4wLjABAAAASgobnVkhuKduWA3w2t4XDjpPUKoBm4kSCWsOlI86XKNvczOsJKEARFZw8AfqNJgF,未知,未知,未知,未知,未知
MS4wLjABAAAAqvgOndQhBFIg6zXvISVyKeIaAscvtbqKZYmWKhcbHmM,未知,未知,未知,未知,未知
MS4wLjABAAAA5X3hU5KE3W9UF_O4XxE4ZQfDIMu7DYn8XJcpIctVGlPrgCrUT8Tyq3nXHAY5YTcB,未知,未知,未知,未知,未知
MS4wLjABAAAAFLiU7BSSGKleJ6lkprNLcvgYIDnsUgLiMLOvdgm4xF4,未知,未知,未知,未知,未知
MS4wLjABAAAA5X3hU5KE3W9UF_O4XxE4ZQfDIMu7DYn8XJcpIctVGlPrgCrUT8Tyq3nXHAY5YTcB,未知,未知,未知,未知,未知
MS4wLjABAAAAZ0ooGJsI8KrdkwBFbX2JYLOuBycLrCC668Ydxns9hZpiJNex3vJ8OrJEAxua49mu,未知,未知,未知,未知,未知
MS4wLjABAAAA5X3hU5KE3W9UF_O4XxE4ZQfDIMu7DYn8XJcpIctVGlPrgCrUT8Tyq3nXHAY5YTcB,未知,未知,未知,未知,未知
MS4wLjABAAAANDMEXmXxuD92xFHcS1fmrVawf4gEzAwneEyaeT1ZR-E0fLmBxcy4XW34CiCnP2Zd,未知,未知,未知,未知,未知
MS4wLjABAAAApwssKn1I4-f97HzDF-9FPBmu99d4P2oFc3g5ktTA7Ft-2F2qMRg_9RQWNwH6vZMQ,未知,未知,未知,未知,未知
MS4wLjABAAAAR9HxrXKUobJV3L7OCxcFxlC9vX3OguJ_RmZ7C6cK51g,未知,未知,未知,未知,未知
MS4wLjABAAAAZ0ooGJsI8KrdkwBFbX2JYLOuBycLrCC668Ydxns9hZpiJNex3vJ8OrJEAxua49mu,未知,未知,未知,未知,未知
MS4wLjABAAAApz3JEvVehqm69G5d7MHIOe4XpT27SCxAPPwrJhgrNQc2ipVR2o45J5tMUtnqc6Av,未知,未知,未知,未知,未知
MS4wLjABAAAApQt4XNWsIr0WT099qFmAR-k3z0z7rSieyu2pY6Z1PtA,未知,未知,未知,未知,未知
MS4wLjABAAAApzjTQ_ddt32HbFDVFzvisq8sL7FYEW3Fs7pGBw-H5Q8,未知,未知,未知,未知,未知
MS4wLjABAAAANx2decYfoUosddpVQ8b9lMXt51p6xx53NFCtYZqKDvOdQTx6uuCTpOlvftybFnFL,未知,未知,未知,未知,未知
MS4wLjABAAAAu5Cv2eZBbbIvZqyoD0al3CdHypDE47cVCLHlhD6BKY1RLYBQzSKUAGk6Y3rD3JSk,未知,未知,未知,未知,未知
MS4wLjABAAAAdvt1HdhoHTLmfy_imjkWAuMiWCsdOnhhM5Ovhpq1ZLs,未知,未知,未知,未知,未知
MS4wLjABAAAAIXtOKtF_E7cmIe37wwbXYqj07RpGS0VRsCu19K4vH5b4cagpiyH_gnqOQQwRRFRH,未知,未知,未知,未知,未知
MS4wLjABAAAABDWQnH8k8UP72zQvvk1uQMnEPgrqinBddlQxk9kv9QeGroFUnosR8oRS8Hh363E3,未知,未知,未知,未知,未知
MS4wLjABAAAASzCHTrZyxjkj5kGsPmnCozKpyi-tVvx0uW4RXn-6lTI,未知,未知,未知,未知,未知
MS4wLjABAAAAVmV743TYh5ItnI5xgYj4K6aLcd2Bt2deQGUoaHQe9wEjQUBuKnFbN5LCCxXC1lZS,未知,未知,未知,未知,未知
MS4wLjABAAAAxG-og2Q6H0H3qzvFBA4Qx4O0R2fBWrU18sxsqV6e6I0,未知,未知,未知,未知,未知
MS4wLjABAAAARLyCpMKXJJH23740ZSmEALiEGwb3X2fgRtj3Td47TWUyR_0G5GvZtTgqizNuiMDL,未知,未知,未知,未知,未知
MS4wLjABAAAApMehDHnzQos9KHl-jFMnsZ-75jl4rydkFd6WXCQ105o,未知,未知,未知,未知,未知
MS4wLjABAAAAFLiU7BSSGKleJ6lkprNLcvgYIDnsUgLiMLOvdgm4xF4,未知,未知,未知,未知,未知
MS4wLjABAAAAfDM3GuQsxd3hsr3S2xuSONMjNSl1hK1WNS95bV04NyXnFkEJsQEz_RSn3QUkjKe2,未知,未知,未知,未知,未知
MS4wLjABAAAA5X3hU5KE3W9UF_O4XxE4ZQfDIMu7DYn8XJcpIctVGlPrgCrUT8Tyq3nXHAY5YTcB,未知,未知,未知,未知,未知
MS4wLjABAAAA5eIkXTQm6i-dMJoiuAiPjgi2ZTT4q-avxlPXvy1OYT7EVsTO73L3ASovAqExjga5,未知,未知,未知,未知,未知
MS4wLjABAAAASYtC-EZmeEVSBsMPQfaSuhl_n1qu-OipWi7JsocNFNtS2xFYyv2pGTTgT4zh8VF5,未知,未知,未知,未知,未知
MS4wLjABAAAAfDM3GuQsxd3hsr3S2xuSONMjNSl1hK1WNS95bV04NyXnFkEJsQEz_RSn3QUkjKe2,未知,未知,未知,未知,未知
MS4wLjABAAAAFzRCT4ZylWmLW84JFmNfOmWBr7JizondF0d6h8cB1uM,未知,未知,未知,未知,未知
MS4wLjABAAAAFLiU7BSSGKleJ6lkprNLcvgYIDnsUgLiMLOvdgm4xF4,未知,未知,未知,未知,未知
MS4wLjABAAAAdvt1HdhoHTLmfy_imjkWAuMiWCsdOnhhM5Ovhpq1ZLs,未知,未知,未知,未知,未知
MS4wLjABAAAALkI_QlA0U4lrI9mVrEa-gUYIlo-pGpkGc8yBcw9-MdT-kC4UnMR0sry-LbtzwQFl,未知,未知,未知,未知,未知
MS4wLjABAAAA5eIkXTQm6i-dMJoiuAiPjgi2ZTT4q-avxlPXvy1OYT7EVsTO73L3ASovAqExjga5,未知,未知,未知,未知,未知
MS4wLjABAAAASYtC-EZmeEVSBsMPQfaSuhl_n1qu-OipWi7JsocNFNtS2xFYyv2pGTTgT4zh8VF5,未知,未知,未知,未知,未知
MS4wLjABAAAApzjTQ_ddt32HbFDVFzvisq8sL7FYEW3Fs7pGBw-H5Q8,未知,未知,未知,未知,未知
MS4wLjABAAAAqvgOndQhBFIg6zXvISVyKeIaAscvtbqKZYmWKhcbHmM,未知,未知,未知,未知,未知
MS4wLjABAAAAWhF8vhhYbbm5EZGg_nu4lE6GwdltzMaKhXkA4OCvk9s,未知,未知,未知,未知,未知
MS4wLjABAAAAqoSWYiBjqZuDqjqhloHAWMP9S53hfeMbzXNb4ZKZSNn2Dj2MPI0eXWhb9qFIUSKn,未知,未知,未知,未知,未知
MS4wLjABAAAALkI_QlA0U4lrI9mVrEa-gUYIlo-pGpkGc8yBcw9-MdT-kC4UnMR0sry-LbtzwQFl,未知,未知,未知,未知,未知
MS4wLjABAAAAyMTyMvlfM9dCla6EZL770Ib1AvZG2sXxnsmNRgIws80,未知,未知,未知,未知,未知
MS4wLjABAAAA5X3hU5KE3W9UF_O4XxE4ZQfDIMu7DYn8XJcpIctVGlPrgCrUT8Tyq3nXHAY5YTcB,未知,未知,未知,未知,未知
MS4wLjABAAAAmTUc8U4cEINoU09YBoj8aFKa33rIfc5EnByongdn5X5QZEOCDYCcloKezeOXALCQ,未知,未知,未知,未知,未知
MS4wLjABAAAAWRvCo9un9WFnaVS0QHFzX3msDAeludMtwaepGSJWM9DVMCKxTzVoKChh984Qd0bd,未知,未知,未知,未知,未知
MS4wLjABAAAAGK1f72whyw7gkNqDUfQqbypmQBAj_WlSxOarvxoepK0kWnX4Xpm_YGV-0E54aGjn,未知,未知,未知,未知,未知
MS4wLjABAAAAqVeqgrjNWQWVpmKk8RXgncsY3qPX0C-ZGCsjqRwHvQxCFS0YXdh-9Kd8DK7j7P14,未知,未知,未知,未知,未知
MS4wLjABAAAA4wtanCvdH92A9350DPL_1vbK6iLXyPssTjGW3HObDY_FX4NH6qgsmsFGanb2HxKL,未知,未知,未知,未知,未知
MS4wLjABAAAA2fvbUNtgKouEcEXBnh4B2xBG9_QUReLTdlIB77efuRuRYRTJbzcctb1ptwbF3LWv,未知,未知,未知,未知,未知
MS4wLjABAAAALkI_QlA0U4lrI9mVrEa-gUYIlo-pGpkGc8yBcw9-MdT-kC4UnMR0sry-LbtzwQFl,未知,未知,未知,未知,未知
MS4wLjABAAAAqADI2dBVccOTOojOZI9spn3ygn6a1oQKr-lgsprvUt0,未知,未知,未知,未知,未知
MS4wLjABAAAAmTUc8U4cEINoU09YBoj8aFKa33rIfc5EnByongdn5X5QZEOCDYCcloKezeOXALCQ,未知,未知,未知,未知,未知
MS4wLjABAAAApz3JEvVehqm69G5d7MHIOe4XpT27SCxAPPwrJhgrNQc2ipVR2o45J5tMUtnqc6Av,未知,未知,未知,未知,未知
MS4wLjABAAAAOCLpbyt9s82x7vFE_VU42_p-r5XGkG8yB27-i8go74ZZmQScV4owyP6uHuCylYiU,未知,未知,未知,未知,未知
MS4wLjABAAAAxqmcNoK627N5M9UUD4ldtEDEjukYYeow6Ijkz3kDm0n-7CoqLOatn3E7jnbejXW-,未知,未知,未知,未知,未知
MS4wLjABAAAAOZoXj8kYk4nwl5lvzZtrwsT6_n_ddF6sCHtByviXWFoJlpe4Z3MQ8w1DSM2QfqnH,未知,未知,未知,未知,未知
MS4wLjABAAAAqvgOndQhBFIg6zXvISVyKeIaAscvtbqKZYmWKhcbHmM,未知,未知,未知,未知,未知
MS4wLjABAAAAWRvCo9un9WFnaVS0QHFzX3msDAeludMtwaepGSJWM9DVMCKxTzVoKChh984Qd0bd,未知,未知,未知,未知,未知
MS4wLjABAAAAFLiU7BSSGKleJ6lkprNLcvgYIDnsUgLiMLOvdgm4xF4,未知,未知,未知,未知,未知
MS4wLjABAAAA2fvbUNtgKouEcEXBnh4B2xBG9_QUReLTdlIB77efuRuRYRTJbzcctb1ptwbF3LWv,未知,未知,未知,未知,未知
MS4wLjABAAAAVbgvIGWUL5novVrAlrx7-HDchJpPROzNqwrUsoTWB_bilLqoCBX9oqo-PJaY_Vgo,未知,未知,未知,未知,未知
MS4wLjABAAAA-uQX11gLqrGYWZrZHDZy5Akazj_RqdEqcdxRFUSIZnQ,未知,未知,未知,未知,未知
MS4wLjABAAAAY841wfC3fdvm6ShLmwLZLPLWOtNDAJzcuLPqNz2k8jnzVZsnHBQbvhHe92R27Scj,未知,未知,未知,未知,未知
MS4wLjABAAAAWhF8vhhYbbm5EZGg_nu4lE6GwdltzMaKhXkA4OCvk9s,未知,未知,未知,未知,未知
MS4wLjABAAAAqoSWYiBjqZuDqjqhloHAWMP9S53hfeMbzXNb4ZKZSNn2Dj2MPI0eXWhb9qFIUSKn,未知,未知,未知,未知,未知
MS4wLjABAAAALsi2yFbKcgPBjVZNUd58vn-ELcbrRjeEwPkcPMQbo_3S6ZJYVXVu-39xJV9EeC7j,未知,未知,未知,未知,未知
MS4wLjABAAAAmTUc8U4cEINoU09YBoj8aFKa33rIfc5EnByongdn5X5QZEOCDYCcloKezeOXALCQ,未知,未知,未知,未知,未知
MS4wLjABAAAASeauUR5J7UXW_Hdi6K2danhpjtiXpeylILjZI08QhJQ1sXJfm_MUR_QFTqP_J9Wn,未知,未知,未知,未知,未知
MS4wLjABAAAA6D8xTHJzgxtWTTkg4VBv-GAmICIOKA5QD4o8-xrq45AwGnhKKCtBcHMA76bSJSr9,未知,未知,未知,未知,未知
MS4wLjABAAAAVbgvIGWUL5novVrAlrx7-HDchJpPROzNqwrUsoTWB_bilLqoCBX9oqo-PJaY_Vgo,未知,未知,未知,未知,未知
MS4wLjABAAAA6D8xTHJzgxtWTTkg4VBv-GAmICIOKA5QD4o8-xrq45AwGnhKKCtBcHMA76bSJSr9,未知,未知,未知,未知,未知
MS4wLjABAAAApz3JEvVehqm69G5d7MHIOe4XpT27SCxAPPwrJhgrNQc2ipVR2o45J5tMUtnqc6Av,未知,未知,未知,未知,未知
MS4wLjABAAAArerQNuBnARCL2iF9dfY_E1ECp2O5ulCHO0LGTqAxVDBA04l54KJ_lr33Uu_VzKlZ,未知,未知,未知,未知,未知
MS4wLjABAAAAR9HxrXKUobJV3L7OCxcFxlC9vX3OguJ_RmZ7C6cK51g,未知,未知,未知,未知,未知
MS4wLjABAAAAmTUc8U4cEINoU09YBoj8aFKa33rIfc5EnByongdn5X5QZEOCDYCcloKezeOXALCQ,未知,未知,未知,未知,未知
MS4wLjABAAAAR9HxrXKUobJV3L7OCxcFxlC9vX3OguJ_RmZ7C6cK51g,未知,未知,未知,未知,未知
MS4wLjABAAAAYiL47KgFrPJTleTKaC91GvfkmspeDL5-ZxfrEaYgnpO7RDctY1_VJE99hnEuA5nc,未知,未知,未知,未知,未知
MS4wLjABAAAACfTm8VE6Ia7Tzbhh-ehC8Lab6BmAD0lhLozEFQE5sNfbL5rOux0Vl0LtBzDzgnMr,未知,未知,未知,未知,未知
MS4wLjABAAAAY841wfC3fdvm6ShLmwLZLPLWOtNDAJzcuLPqNz2k8jnzVZsnHBQbvhHe92R27Scj,未知,未知,未知,未知,未知
MS4wLjABAAAAIXtOKtF_E7cmIe37wwbXYqj07RpGS0VRsCu19K4vH5b4cagpiyH_gnqOQQwRRFRH,未知,未知,未知,未知,未知
MS4wLjABAAAA7QxkwL2bIleYi-5BZL8alj-oX4ErnOjlqLlhZav3Z6QHhwip17iFr85LjvSLtD-P,未知,未知,未知,未知,未知
MS4wLjABAAAACfTm8VE6Ia7Tzbhh-ehC8Lab6BmAD0lhLozEFQE5sNfbL5rOux0Vl0LtBzDzgnMr,未知,未知,未知,未知,未知
MS4wLjABAAAALsi2yFbKcgPBjVZNUd58vn-ELcbrRjeEwPkcPMQbo_3S6ZJYVXVu-39xJV9EeC7j,未知,未知,未知,未知,未知
MS4wLjABAAAAxG-og2Q6H0H3qzvFBA4Qx4O0R2fBWrU18sxsqV6e6I0,未知,未知,未知,未知,未知
MS4wLjABAAAAXrfNAWmZg_P8DJ_JAX0fyWEacUWFlOdMWDSTHJZLf_qd5MWCAhCflAGhD2zZ4Ygo,未知,未知,未知,未知,未知
MS4wLjABAAAA1Vq2EA4rjXKih4SLvL1zaHo3UxnxlDRRpKi0LJKZd1HoEK8GTOUU7_b9bxxfCcdq,未知,未知,未知,未知,未知
MS4wLjABAAAAxG-og2Q6H0H3qzvFBA4Qx4O0R2fBWrU18sxsqV6e6I0,未知,未知,未知,未知,未知
MS4wLjABAAAAYYk3jkOhPOO3-PD7Slj-UJ2KbiWuE8dB8yXMiCHesB0,未知,未知,未知,未知,未知
MS4wLjABAAAAqADI2dBVccOTOojOZI9spn3ygn6a1oQKr-lgsprvUt0,未知,未知,未知,未知,未知
MS4wLjABAAAARAyP2NxtvoiCoOlV5yucR42p5sD3GB6rE-02_kB8-Lg,未知,未知,未知,未知,未知
MS4wLjABAAAApz3JEvVehqm69G5d7MHIOe4XpT27SCxAPPwrJhgrNQc2ipVR2o45J5tMUtnqc6Av,未知,未知,未知,未知,未知
MS4wLjABAAAAYYk3jkOhPOO3-PD7Slj-UJ2KbiWuE8dB8yXMiCHesB0,未知,未知,未知,未知,未知
MS4wLjABAAAAhtjhrVUoaMtDH_dYufFTxJEh1PHLFcRL5XozWy4MmmQ,未知,未知,未知,未知,未知
MS4wLjABAAAApz3JEvVehqm69G5d7MHIOe4XpT27SCxAPPwrJhgrNQc2ipVR2o45J5tMUtnqc6Av,未知,未知,未知,未知,未知
MS4wLjABAAAAr4YOH058klUzKTwvZ63CBOgSh5m7bYkv0fj0ts8Grbs8KauTuzCafj24AtR93ykK,未知,未知,未知,未知,未知
MS4wLjABAAAA1Vq2EA4rjXKih4SLvL1zaHo3UxnxlDRRpKi0LJKZd1HoEK8GTOUU7_b9bxxfCcdq,未知,未知,未知,未知,未知
MS4wLjABAAAAFLiU7BSSGKleJ6lkprNLcvgYIDnsUgLiMLOvdgm4xF4,未知,未知,未知,未知,未知
MS4wLjABAAAApz3JEvVehqm69G5d7MHIOe4XpT27SCxAPPwrJhgrNQc2ipVR2o45J5tMUtnqc6Av,未知,未知,未知,未知,未知
MS4wLjABAAAABDWQnH8k8UP72zQvvk1uQMnEPgrqinBddlQxk9kv9QeGroFUnosR8oRS8Hh363E3,未知,未知,未知,未知,未知
MS4wLjABAAAAqADI2dBVccOTOojOZI9spn3ygn6a1oQKr-lgsprvUt0,未知,未知,未知,未知,未知
MS4wLjABAAAA2SB3sxWLZxe9W5wiQQwoWbQu8J_hmyolePc3ucTaP-xFv8edOXBIFFJkWAGVVsMr,未知,未知,未知,未知,未知
MS4wLjABAAAAxPNb-UATSSa1fFHjucP3zmZFOZUdk3wsSCxO45TTWvSd80g0zom8ow8JGiklN1IU,未知,未知,未知,未知,未知
MS4wLjABAAAAFLiU7BSSGKleJ6lkprNLcvgYIDnsUgLiMLOvdgm4xF4,未知,未知,未知,未知,未知
MS4wLjABAAAAxG-og2Q6H0H3qzvFBA4Qx4O0R2fBWrU18sxsqV6e6I0,未知,未知,未知,未知,未知
MS4wLjABAAAAxG-og2Q6H0H3qzvFBA4Qx4O0R2fBWrU18sxsqV6e6I0,未知,未知,未知,未知,未知
MS4wLjABAAAACfTm8VE6Ia7Tzbhh-ehC8Lab6BmAD0lhLozEFQE5sNfbL5rOux0Vl0LtBzDzgnMr,未知,未知,未知,未知,未知
MS4wLjABAAAAmTUc8U4cEINoU09YBoj8aFKa33rIfc5EnByongdn5X5QZEOCDYCcloKezeOXALCQ,未知,未知,未知,未知,未知
MS4wLjABAAAAqADI2dBVccOTOojOZI9spn3ygn6a1oQKr-lgsprvUt0,未知,未知,未知,未知,未知
MS4wLjABAAAA17943deer7ltmHZZRcMgwwuHlFXqoqzPv99VRsuTDI9SLhUGgdikSV-gJqzOLls9,未知,未知,未知,未知,未知
MS4wLjABAAAAtzekAQs5nruU9nE0gMiVGcx-eF-NcFRxtL7rTGkU8sq9kd-1yR9ob1-RxiVwPFYn,未知,未知,未知,未知,未知
MS4wLjABAAAAdvt1HdhoHTLmfy_imjkWAuMiWCsdOnhhM5Ovhpq1ZLs,未知,未知,未知,未知,未知
MS4wLjABAAAAuuldqpGqj3McgzkQeaM7UBroMHtNHmbsmMqfwLWlWTr8_RhIogZAuXbO5glm-Iw9,未知,未知,未知,未知,未知
MS4wLjABAAAAHkrnGIcUhwqPxKAJisA-xOW7lpA2BMo4o4Ba3LGQRy1BZIOVo8psGDV7ayQFMM3O,未知,未知,未知,未知,未知
MS4wLjABAAAAVJRnEOAGPXEMfU-DmT9V8_EXyXI4bXNT7Vf2T8JVm5F7if6id0OU0M3UWFgTsfoB,未知,未知,未知,未知,未知
MS4wLjABAAAApz3JEvVehqm69G5d7MHIOe4XpT27SCxAPPwrJhgrNQc2ipVR2o45J5tMUtnqc6Av,未知,未知,未知,未知,未知
MS4wLjABAAAAYiL47KgFrPJTleTKaC91GvfkmspeDL5-ZxfrEaYgnpO7RDctY1_VJE99hnEuA5nc,未知,未知,未知,未知,未知
MS4wLjABAAAArFXy6LfiJXASOlYlloW-qLE09cwqiEOJICbE8nBdbXaKVT2Fmfn4EK9U6HUHlTBf,未知,未知,未知,未知,未知
MS4wLjABAAAA5X3hU5KE3W9UF_O4XxE4ZQfDIMu7DYn8XJcpIctVGlPrgCrUT8Tyq3nXHAY5YTcB,未知,未知,未知,未知,未知
MS4wLjABAAAA5X3hU5KE3W9UF_O4XxE4ZQfDIMu7DYn8XJcpIctVGlPrgCrUT8Tyq3nXHAY5YTcB,未知,未知,未知,未知,未知
MS4wLjABAAAAtUG3oNZZ4wz1lMI8E6O7-hTxi2WOWR9neXvlum7bQm5Rb0Y_JZ8SoNLceZ0rkPRq,未知,未知,未知,未知,未知
MS4wLjABAAAAxHH-kg95JJbIvINHpf-49NsqWdxgi01KH3z3D6JZEP9fesNQqMv9PJ3uxeTJy7Ky,未知,未知,未知,未知,未知
MS4wLjABAAAApMehDHnzQos9KHl-jFMnsZ-75jl4rydkFd6WXCQ105o,未知,未知,未知,未知,未知
MS4wLjABAAAA04h5M35bG-AGtCkM5unnuu6lmxwQ-EVqrG3b7T3Brt0,未知,未知,未知,未知,未知
MS4wLjABAAAARAyP2NxtvoiCoOlV5yucR42p5sD3GB6rE-02_kB8-Lg,未知,未知,未知,未知,未知
MS4wLjABAAAAWRvCo9un9WFnaVS0QHFzX3msDAeludMtwaepGSJWM9DVMCKxTzVoKChh984Qd0bd,未知,未知,未知,未知,未知
MS4wLjABAAAAGA2usF-z1skmDm3phyFPnZgSB_0hcopNH8UycYi6c_TDdlmtj7nOhwuQWf24f6pY,未知,未知,未知,未知,未知
MS4wLjABAAAApz3JEvVehqm69G5d7MHIOe4XpT27SCxAPPwrJhgrNQc2ipVR2o45J5tMUtnqc6Av,未知,未知,未知,未知,未知
MS4wLjABAAAApz3JEvVehqm69G5d7MHIOe4XpT27SCxAPPwrJhgrNQc2ipVR2o45J5tMUtnqc6Av,未知,未知,未知,未知,未知
MS4wLjABAAAAIXtOKtF_E7cmIe37wwbXYqj07RpGS0VRsCu19K4vH5b4cagpiyH_gnqOQQwRRFRH,未知,未知,未知,未知,未知
MS4wLjABAAAAIXtOKtF_E7cmIe37wwbXYqj07RpGS0VRsCu19K4vH5b4cagpiyH_gnqOQQwRRFRH,未知,未知,未知,未知,未知
MS4wLjABAAAAQm509H0yzJ6FsyNDL4z5lKuy4ljxaIT3WIV7ggzShzU,未知,未知,未知,未知,未知
MS4wLjABAAAA5X3hU5KE3W9UF_O4XxE4ZQfDIMu7DYn8XJcpIctVGlPrgCrUT8Tyq3nXHAY5YTcB,未知,未知,未知,未知,未知
MS4wLjABAAAANDMEXmXxuD92xFHcS1fmrVawf4gEzAwneEyaeT1ZR-E0fLmBxcy4XW34CiCnP2Zd,未知,未知,未知,未知,未知
MS4wLjABAAAAtUG3oNZZ4wz1lMI8E6O7-hTxi2WOWR9neXvlum7bQm5Rb0Y_JZ8SoNLceZ0rkPRq,未知,未知,未知,未知,未知
MS4wLjABAAAAPUG08xj-oo8FJcryGOGHXb18vGmgnqyyJIctPvhN-iI,未知,未知,未知,未知,未知
MS4wLjABAAAA5eIkXTQm6i-dMJoiuAiPjgi2ZTT4q-avxlPXvy1OYT7EVsTO73L3ASovAqExjga5,未知,未知,未知,未知,未知
MS4wLjABAAAAMKduqNNzO1cFOpnWwYQ6GwE3khfqEj9qkH8ZKT1zazI,未知,未知,未知,未知,未知
MS4wLjABAAAAZcAUMsn6BkIwQnTCZeoEt0kyS7-UEqR-TlAt138nI3SIj8IVn7EDVjI4_aSabpkS,未知,未知,未知,未知,未知
MS4wLjABAAAAOZoXj8kYk4nwl5lvzZtrwsT6_n_ddF6sCHtByviXWFoJlpe4Z3MQ8w1DSM2QfqnH,未知,未知,未知,未知,未知
MS4wLjABAAAABDWQnH8k8UP72zQvvk1uQMnEPgrqinBddlQxk9kv9QeGroFUnosR8oRS8Hh363E3,未知,未知,未知,未知,未知
MS4wLjABAAAAjT6agwCNWRGS4FpSBGM9ENWREDuLkbZvSKL19NM4DUJt1HjL7dZLV5JvfFknB_uN,未知,未知,未知,未知,未知
MS4wLjABAAAAZ0ooGJsI8KrdkwBFbX2JYLOuBycLrCC668Ydxns9hZpiJNex3vJ8OrJEAxua49mu,未知,未知,未知,未知,未知
MS4wLjABAAAA8KPD9RkYPZfK9tvQqMNjc5u8dE6poFdULNbqUhE0oEk,未知,未知,未知,未知,未知
MS4wLjABAAAAGA2usF-z1skmDm3phyFPnZgSB_0hcopNH8UycYi6c_TDdlmtj7nOhwuQWf24f6pY,未知,未知,未知,未知,未知
MS4wLjABAAAApMehDHnzQos9KHl-jFMnsZ-75jl4rydkFd6WXCQ105o,未知,未知,未知,未知,未知
MS4wLjABAAAASeauUR5J7UXW_Hdi6K2danhpjtiXpeylILjZI08QhJQ1sXJfm_MUR_QFTqP_J9Wn,未知,未知,未知,未知,未知
MS4wLjABAAAAGA2usF-z1skmDm3phyFPnZgSB_0hcopNH8UycYi6c_TDdlmtj7nOhwuQWf24f6pY,未知,未知,未知,未知,未知
MS4wLjABAAAApMehDHnzQos9KHl-jFMnsZ-75jl4rydkFd6WXCQ105o,未知,未知,未知,未知,未知
MS4wLjABAAAAaxdKnokmaegsaBiQe8SUDfYmMUWWfz2V04SVj_vEtx3yVGe0Sn1fV_4APMd-AaC2,未知,未知,未知,未知,未知
