video_id,desc,author,author_id,create_time,tags,duration,digg_count,comment_count,play_count,share_count,video_url
7520956709948820763,冲吧 我的朋友 像勇敢的水手一样征服大海和风浪 文案来自@君士坦丁的流浪指南  #配音 #诗歌 #抽象 #唐吉诃德式的冲锋 #勇气,四十四次日落,3692583597126435,2025-06-28 19:13:14,"配音, 诗歌, 抽象, 唐吉诃德式的冲锋, 勇气",0,576,88,0,55,https://www.douyin.com/video/7520956709948820763
7520625333435993378,伟大的堂吉诃德开始计划他的冒险 #赛马娘 #诗歌剧 #傻了吧唧 #堂吉诃德 #骑士精神 音频@不爱折耳根 原创@君士坦丁的流浪指南,一根华仔,53157044659,2025-06-28 09:00:00,"赛马娘, 诗歌剧, 傻了吧唧, 堂吉诃德, 骑士精神",0,309809,4071,0,39441,https://www.douyin.com/video/7520625333435993378
7520975574542650659,"⚡我要对你实行我的加班专属权⚡ 翻调 改词 混音 ：我
声源：AI诗歌剧 RVC
歌词提供﻿-萨摩好耶-﻿ #诗歌剧 #赛马娘 #曼波 #爱情专属权 #改词翻唱",肇岁初十,2986733210440699,2025-06-28 20:27:34,"诗歌剧, 赛马娘, 曼波, 爱情专属权, 改词翻唱",0,9115,538,0,18165,https://www.douyin.com/video/7520975574542650659
7520509755438255370,#唐国强的唐是唐诗三百首的唐  谁看了不说一句：唐国强初代偶像的含金量还在上升啊！#老一辈艺术家的诗歌储备量  #唐国强  #这是我的西游,会火大明星,108179683309,2025-06-27 14:18:57,"唐国强的唐是唐诗三百首的唐, 老一辈艺术家的诗歌储备量, 唐国强, 这是我的西游",0,65602,424,0,1936,https://www.douyin.com/video/7520509755438255370
7521006182586436921,老师我的嘴好像有点鼠掉了#plainjane #翻唱#诗歌朗诵 #散装rap,温差.,3587072338192992,2025-06-28 22:25:13,"plainjane, 翻唱, 诗歌朗诵, 散装rap",0,7831,220,0,3051,https://www.douyin.com/video/7521006182586436921
7507411310594755879,曼波恩典 #诗歌剧 #待兼诗歌剧 #赛马娘 #哈基米 #一起来唱哈基米曼波,法兰西诗歌剧（哈基米音乐）,2478752995482604,2025-05-23 07:10:51,"诗歌剧, 待兼诗歌剧, 赛马娘, 哈基米, 一起来唱哈基米曼波",0,1563,99,0,799,https://www.douyin.com/video/7507411310594755879
7518255359078944057,课件多打了字，这一课只有诗歌，下一课上语用#高考语文 #全国二卷,朱老师的语文课堂,4182146814324957,2025-06-27 21:30:00,"高考语文, 全国二卷",0,374,11,0,49,https://www.douyin.com/video/7518255359078944057
7521359802245664010,告诉你恋爱的秘方 让你能牵制着对方~ #诗歌剧 #方大同 #情胜策略 #翻唱 #赛马娘,爱吃花生酱,3395722744710157,2025-06-29 21:18:00,"诗歌剧, 方大同, 情胜策略, 翻唱, 赛马娘",0,940,41,0,167,https://www.douyin.com/video/7521359802245664010
7520991082277047586,哪有男人送女人冰箱的 #赛马娘 #诗歌剧 #傻了吧唧 #野兽之瞳 #甜蜜,一根华仔,53157044659,2025-06-29 09:00:00,"赛马娘, 诗歌剧, 傻了吧唧, 野兽之瞳, 甜蜜",0,51220,866,0,4837,https://www.douyin.com/video/7520991082277047586
7520499600591965491,《你好 太阳》 好热啊 #蒹葭玖 #原创诗歌 #文字 #情感 #ai生成图,蒹葭玖,2316035648929459,2025-06-27 19:00:00,"蒹葭玖, 原创诗歌, 文字, 情感, ai生成图",0,2926,49,0,314,https://www.douyin.com/video/7520499600591965491
7520670701058116900,我有的思念，我又该怎么传达 #哈萨克语诗歌 #诗歌原创 #哈萨克语 #思念母亲 #诗与远方,灿灿Jaynar,1313289732365508,2025-06-28 00:43:28,"哈萨克语诗歌, 诗歌原创, 哈萨克语, 思念母亲, 诗与远方",0,3750,272,0,449,https://www.douyin.com/video/7520670701058116900
7520922055903071531,赛马界的万年老四倒霉蛋，网络上的大红人曼波 #赛马娘 #曼波 #动漫解说 #动漫推荐 #二次元,星晴动漫解说,4455664119461299,2025-06-28 16:58:56,"赛马娘, 曼波, 动漫解说, 动漫推荐, 二次元",0,18423,652,0,1429,https://www.douyin.com/video/7520922055903071531
7510782680645061899,"今年，#是光诗歌  继续和好朋友#谭松韵  @谭松韵工作室   一起，守护小诗人们的成长，在诗歌里让表达勇敢发生。 
在这个特别的日子里，祝大小朋友们六一快乐！ 
#会写诗的孩子不砸玻璃   #是光诗",是光诗歌,111478050581,2025-06-01 09:15:56,"是光诗歌, 谭松韵, 会写诗的孩子不砸玻璃, 是光诗歌守护大使谭松韵, 大山里的小诗人",0,6243,218,0,116,https://www.douyin.com/video/7510782680645061899
7520577732343467302,当我真的找了一群小朋友来念绘梦节的诗歌！ #光遇绘梦节 #光遇绘梦节人均设计师 #在抖音记录光遇六周年  #光遇追光计划 #光遇六周年,一只刀子晚,100021704157,2025-06-27 18:42:37,"光遇绘梦节, 光遇绘梦节人均设计师, 在抖音记录光遇六周年, 光遇追光计划, 光遇六周年",0,62400,1004,0,6459,https://www.douyin.com/video/7520577732343467302
7520951964662910246,蝴蝶眨几次眼睛 才学会飞行~ #诗歌剧 #王力宏 #你不知道的事 #翻唱 #赛马娘,爱吃花生酱,3395722744710157,2025-06-28 18:55:18,"诗歌剧, 王力宏, 你不知道的事, 翻唱, 赛马娘",0,900,69,0,164,https://www.douyin.com/video/7520951964662910246
7520647134299934004,"宋佳为你读诗：我的心变得芬芳 
“跟我说说他吧，
使我幸福的心变得芬芳。冰凉。”
——蓝蓝 
当微风吹过、麦浪涌起，
想念一个人，内心也变得美丽。 
本期诗歌：蓝蓝《跟我说说他吧》（节选）
诗歌独白：",为你读诗,101198751234,2025-06-27 23:12:10,"宋佳为你读诗, 为你读诗, 为你读诗声音礼物, 宋佳, 白玉兰奖最佳女主角",0,723,24,0,51,https://www.douyin.com/video/7520647134299934004
7520488441855872296,没事的朋友 #诗歌剧 #东海帝皇 #曼波 #哈基米 #朋友,大大诗,83717027379,2025-06-27 12:56:21,"诗歌剧, 东海帝皇, 曼波, 哈基米, 朋友",0,2578,86,0,2004,https://www.douyin.com/video/7520488441855872296
7514845716800671036,我问你人生像什么？你告诉我“雪泥鸿爪”！#苏轼 #和子由渑池怀旧 #雪泥鸿爪 #诗词名句赏析,悠然的诗歌电台,1354236303250980,2025-06-12 07:59:31,"苏轼, 和子由渑池怀旧, 雪泥鸿爪, 诗词名句赏析",0,978,68,0,80,https://www.douyin.com/video/7514845716800671036
7520560614067850547,一分钟搞定高考古诗词鉴赏主观题#上热门 #高考语文 #古诗词鉴赏 #古诗词鉴赏主观题 #高中语文答题技巧 @DOU+小助手 @抖音小助手 @DOU+上热门 @抖音知识分享 @抖音创……版本过低，升级后,老黄讲套路-高考语文（看置顶作品）,2422974439752935,2025-06-27 17:36:13,"上热门, 高考语文, 古诗词鉴赏, 古诗词鉴赏主观题, 高中语文答题技巧",0,435,14,0,112,https://www.douyin.com/video/7520560614067850547
7520559915837263162,唐国强老师诗词储备量好大，收下鼠鼠的膝盖#唐国强的唐是唐诗三百首的唐 #老一辈艺术家的诗歌储备量 #这是我的西游 #唐国强,巨星花栗鼠,61357601142,2025-06-27 17:33:28,"唐国强的唐是唐诗三百首的唐, 老一辈艺术家的诗歌储备量, 这是我的西游, 唐国强",0,3833,37,0,56,https://www.douyin.com/video/7520559915837263162
7491831846750162239,,诗歌,2647229194845967,2025-04-11 07:34:23,,0,29518,1043,0,565,https://www.douyin.com/video/7491831846750162239
7515592583957171515,有些离别，竟成永别！让你念念不忘的分别，是和谁呢？#王昌龄 #孟浩然 #青山一道同云雨 #诗词名句赏析,悠然的诗歌电台,1354236303250980,2025-06-14 08:17:45,"王昌龄, 孟浩然, 青山一道同云雨, 诗词名句赏析",0,2326,323,0,135,https://www.douyin.com/video/7515592583957171515
7470695268162342170,小学二年级诗歌，《晓出净慈寺送林子方》，宋代杨万里#小学必背古诗 #儿童诗词三百首全集 #杨万里,今日诗歌,369080169140087,2025-02-13 08:34:04,"小学必背古诗, 儿童诗词三百首全集, 杨万里",0,435,96,0,130,https://www.douyin.com/video/7470695268162342170
7520645644084612388,为什么99%的诗都不入流？不懂写诗根本 #古诗词 #诗词 #原创诗词 #古诗 #诗歌 @抖音小助手 @抖音来客官方助推官 @CCTV中国诗词大会 @抖音创作小助手,颜庭月诗词学院,866854979765599,2025-06-28 06:30:00,"古诗词, 诗词, 原创诗词, 古诗, 诗歌",0,205,82,0,24,https://www.douyin.com/video/7520645644084612388
7520573567181950265,我把谷城地名写成一首诗歌 送给各位老乡 愿大家脚下的路铺满阳光，手中的事顺遂如愿 平安喜乐常伴，万事皆得圆满！#谷城文旅 #谷城县 #谷城风景 #强烈推荐,主持人雨露 （喜缘堂口才）,1014164539338835,2025-06-27 18:26:28,"谷城文旅, 谷城县, 谷城风景, 强烈推荐",0,817,122,0,46,https://www.douyin.com/video/7520573567181950265
7520520783589920058,不是吧 #火影忍者手游 #诗歌剧,鲑鱼trout,2962503469636576,2025-06-27 15:01:39,"火影忍者手游, 诗歌剧",0,10588,225,0,351,https://www.douyin.com/video/7520520783589920058
7521305760945540367,爱国诗歌《红色的七月》朗诵 如果不是那一面 红旗，怎会有今天壮丽锦绣的山河，如果不是那一点燎原的星火，怎会有今天幸福安康的生活，如果不是那一种坚韧的信仰怎会有今天光辉灿烂的祖国。#  #少儿朗诵 #七,天果爸,2744858888909623,2025-06-29 17:48:15,"少儿朗诵, 七一建党节, 建党百年",0,216,28,0,2,https://www.douyin.com/video/7521305760945540367
7520343815845186828,"“baby我们的感情好像肯德基” 翻调 改词 混音 ：我
声源：AI诗歌剧 RVC
歌词来自“一小张老师z”#诗歌剧 #赛马娘 #曼波 #跳楼机 #肯德基",肇岁初十,2986733210440699,2025-06-27 18:02:00,"诗歌剧, 赛马娘, 曼波, 跳楼机, 肯德基",0,1290,76,0,566,https://www.douyin.com/video/7520343815845186828
7520627851817798922,堂吉诃德式的冲锋 #赛马娘 #诗歌剧 #堂吉诃德 #抽象 音频来自@不爱折耳根,万山云鹤萧,106003221973774,2025-06-28 08:30:00,"赛马娘, 诗歌剧, 堂吉诃德, 抽象",0,437,26,0,66,https://www.douyin.com/video/7520627851817798922
7521334009234804006,《荣耀向我俯首》要么生而为王，要么一文不名，我要荣耀向我俯首 #曼波 #赛马娘 #诗歌剧 #荣耀向我俯首,轩辕飞鸿,869054442904155,2025-06-29 19:37:47,"曼波, 赛马娘, 诗歌剧, 荣耀向我俯首",0,34,5,0,1,https://www.douyin.com/video/7521334009234804006
7520761899945774393,惠风邀你合拍《望海潮·齐岳山观云海》作者｜尚官#诗歌 #朗诵合拍 #邀您来配音 #齐岳山 #云海 @尚官,惠风诵读（合拍底板制作）,356679042204556,2025-06-28 06:37:23,"诗歌, 朗诵合拍, 邀您来配音, 齐岳山, 云海",0,166,66,0,11,https://www.douyin.com/video/7520761899945774393
7520558550599470371,徐志摩的《再别康桥》真的写绝了！‘悄悄是别离的笙箫’——你说它静悄悄，可它又像笙箫在呜咽。静默里藏着千言万语，沉默中翻涌着别离的愁绪。这不就是鲁迅说的‘沉默时感到充实，一开口便觉空虚’吗？那种欲言又止,超级语文课,3790736060056055,2025-06-29 07:30:00,"超级语文课, 再别康桥, 诗歌, 文学, 中国风",0,122,1,0,7,https://www.douyin.com/video/7520558550599470371
7520867676136344884,#搀扶#马健涛#诗朗诵#憋笑挑战,阿诗牛,111627314105,2025-06-28 13:27:49,"搀扶, 马健涛, 诗朗诵, 憋笑挑战",0,380,215,0,2,https://www.douyin.com/video/7520867676136344884
7521139291768524086,曾付出几多心跳#陀飞轮#陈奕迅,写进詩歌裡,4020289181058303,2025-06-29 07:02:02,"陀飞轮, 陈奕迅",0,13,0,0,0,https://www.douyin.com/video/7521139291768524086
7501644917731708194,往后各自天涯路，情深缘浅终殊途。#离别 #偷偷给那个不能在一起的人留句话吧 #古诗词 #上热门🔥,遇见诗歌,7494921696962774074,2025-05-07 18:13:40,"离别, 偷偷给那个不能在一起的人留句话吧, 古诗词, 上热门🔥",0,1927,2891,0,203,https://www.douyin.com/video/7501644917731708194
7520540392899611944,人生很好，下辈子再也不来了 #人生 #曹天 #诗歌 @观沧海书画院,收藏家曹天,3222027423190568,2025-06-27 18:20:00,"人生, 曹天, 诗歌",0,495,27,0,32,https://www.douyin.com/video/7520540392899611944
7520560344620600611,老一辈艺术家还是太全面了！#唐国强的唐是唐诗三百首的唐 #老一辈艺术家的诗歌储备量 #唐国强 #这是我的西游,青柠娱乐家,81560104246,2025-06-27 17:35:14,"唐国强的唐是唐诗三百首的唐, 老一辈艺术家的诗歌储备量, 唐国强, 这是我的西游",0,5308,33,0,141,https://www.douyin.com/video/7520560344620600611
7521214372241247524,小马の《蠢货》完整版❤ #赛马娘 #诗歌剧 #曼波 #蠢货 #翻唱,三叶仆仆,561187297174736,2025-06-29 17:20:00,"赛马娘, 诗歌剧, 曼波, 蠢货, 翻唱",0,393,19,0,144,https://www.douyin.com/video/7521214372241247524
7515283435138927912,,张弟兄（天缘诗歌）集,1912781654198711,2025-06-13 12:18:10,,0,4936,343,0,475,https://www.douyin.com/video/7515283435138927912
7480195838111649063,来自合唱团的诗歌《我知谁掌管明天》 弟兄姊妹~晚安 #音乐会 #来听春天的音乐会 #合唱团 #神级现场#水流之音,诗歌金曲榜,2089546122004056,2025-03-10 23:00:29,"音乐会, 来听春天的音乐会, 合唱团, 神级现场, 水流之音",0,1392,64,0,155,https://www.douyin.com/video/7480195838111649063
7480898229203111222,来自合唱团的诗歌《唱一首天上的歌》 弟兄姊妹~晚安 #音乐会  #唱一首天上的歌  #合唱团  #神级现场 #水流之音,诗歌金曲榜,2089546122004056,2025-03-12 20:30:23,"音乐会, 唱一首天上的歌, 合唱团, 神级现场, 水流之音",0,4550,155,0,423,https://www.douyin.com/video/7480898229203111222
7520495367872351530,"别给我小马唱似了😭👊🏻《盗墓笔记 十年人间》 翻调 混音 ：我
声源：AI诗歌剧 RVC#诗歌剧 #赛马娘 #曼波 #盗墓笔记 #高音",肇岁初十,2986733210440699,2025-06-27 13:23:13,"诗歌剧, 赛马娘, 曼波, 盗墓笔记, 高音",0,635,43,0,101,https://www.douyin.com/video/7520495367872351530
7520641838036012348,奔跑吧王楚然,田园诗歌,3795154764314638,2025-06-27 22:51:24,,0,102,3,0,2,https://www.douyin.com/video/7520641838036012348
7520563423952915721,宋雨老师邀您朗诵《中文有多美》，我骄傲，我是中国人，我骄傲，我懂中文。#朗诵 #朗读 #诗歌 #中文有多美 #普通话,苇渡雨诵读,3270403679856160,2025-06-28 16:50:00,"朗诵, 朗读, 诗歌, 中文有多美, 普通话",0,520,100,0,30,https://www.douyin.com/video/7520563423952915721
7520772204494228790,这匆忙的人间啊，错过多少该爱的人。 #原创诗歌 #文学 #情感 #人生感悟 #扎心文案,苗蕾的文字坊,1293451702051207,2025-06-28 07:17:20,"原创诗歌, 文学, 情感, 人生感悟, 扎心文案",0,3084,201,0,179,https://www.douyin.com/video/7520772204494228790
7514091139202321721,小时候 我坐在父亲的肩头，望见的世界好高好远 如今才懂，那是他为我托起的春天 #父亲节快乐 #父亲是人间的山 #原来爸妈年轻时是这样 #90秒感受父亲的一生  #父亲节,素衣凝香诗歌,659295771575415,2025-06-10 07:11:23,"父亲节快乐, 父亲是人间的山, 原来爸妈年轻时是这样, 90秒感受父亲的一生, 父亲节",0,2112,438,0,253,https://www.douyin.com/video/7514091139202321721
7520847871034264870,喷不了，这是真小马 #崩坏星穹铁道 #在黎明升起时坠落#赛马娘 #诗歌剧 #曼波,喰时之城的三三,2264646465369144,2025-06-28 12:11:03,"崩坏星穹铁道, 在黎明升起时坠落, 赛马娘, 诗歌剧, 曼波",0,319,18,0,74,https://www.douyin.com/video/7520847871034264870
7520559510625406268,老一辈艺术家的含金量摆在这呢#唐国强的唐是唐诗三百首的唐#老一辈艺术家的诗歌储备量#这是我的西游#唐国强,会火,59309425475,2025-06-27 17:31:55,"唐国强的唐是唐诗三百首的唐, 老一辈艺术家的诗歌储备量, 这是我的西游, 唐国强",0,232,3,0,7,https://www.douyin.com/video/7520559510625406268
7519885167511620916,宋雨老师邀您诵读《见与不见》，你见或者不见我，我就在那里，不悲不喜，你念或者不念我，情就在那里，不来不去。#朗诵  #朗读  #诗歌  #见与不见  #普通话,梨花朗诵库,2047752097787577,2025-06-28 08:55:00,"朗诵, 朗读, 诗歌, 见与不见, 普通话",0,380,87,0,10,https://www.douyin.com/video/7519885167511620916
7520590974985440572,中国话是如诗如画的表达，是中国人心灵的吐纳，我爱我们的中国话 #朗诵 #诗歌 #正能量 #中国话博大精深 #每日分享,李宁·朗诵,2779179034093358,2025-06-27 19:33:59,"朗诵, 诗歌, 正能量, 中国话博大精深, 每日分享",0,625,66,0,58,https://www.douyin.com/video/7520590974985440572
7520585749432634643,两分半一镜到底为你讲述杜甫的一生，杜甫年轻时一心报国，却在长安求官多年不得志。安史之乱爆发后，他四处流浪，吃尽苦头。一路上，他把老百姓的悲惨遭遇写成诗。最后在漂泊中离世，但他的诗记……版本过低，升级后,说历史,1954254283088823,2025-06-27 19:13:44,"上热门, 历史人物, 中国历史, 杜甫, 历史故事",0,763,18,0,31,https://www.douyin.com/video/7520585749432634643
7520965688488545596,刀郎的《大眼睛》藏着的浪漫，和《诗经》一样的爱情密码。你发现了吗？ #刀郎 #刀郎经典歌曲 #大眼睛 #文化传承 #刀郎演唱会现场,文文颖颖,2969145931732488,2025-06-28 19:48:03,"刀郎, 刀郎经典歌曲, 大眼睛, 文化传承, 刀郎演唱会现场",0,2551,188,0,12,https://www.douyin.com/video/7520965688488545596
7479805711828946217,一首诗歌《千万个理由》晚安~ #音乐现场LIVE#爱音乐爱生活#worship#新店行道会#神级现场,诗歌金曲榜,2089546122004056,2025-03-09 21:52:37,"音乐现场LIVE, 爱音乐爱生活, worship, 新店行道会, 神级现场",0,2390,51,0,167,https://www.douyin.com/video/7479805711828946217
7519437123611643171,邀您诵读《谢谢你》 #朗诵 #朗读 #诗歌朗诵 #传统文化 #谢谢你,精灵教朗诵,3833363941303274,2025-06-29 06:06:00,"朗诵, 朗读, 诗歌朗诵, 传统文化, 谢谢你",0,654,27,0,406,https://www.douyin.com/video/7519437123611643171
7502067735820520739,《以便以谢》 弟兄姊妹~晚安 #音乐现场LIVE  #爱音乐爱生活  #生命河  #Worship  #诗歌崇拜,诗歌金曲榜,2089546122004056,2025-05-08 21:34:35,"音乐现场LIVE, 爱音乐爱生活, 生命河, Worship, 诗歌崇拜",0,1678,27,0,102,https://www.douyin.com/video/7502067735820520739
7481848882645847308,跟我一起学诗歌#启蒙早教 #儿童诗词启蒙早教0-6岁 #幼儿启蒙古诗词 #古诗3-6岁儿童必背朗诵 #儿童诗词三百首全集,🥭果果儿诗歌📖,1257457353760168,2025-03-15 09:55:28,"启蒙早教, 儿童诗词启蒙早教0, 幼儿启蒙古诗词, 古诗3, 儿童诗词三百首全集",0,13187,390,0,2734,https://www.douyin.com/video/7481848882645847308
7520551395193572666,百年党史  再续新篇章庆祝中国共产党建党104周年诗歌朗诵会 #朗诵会,深泽融媒体中心（深泽广播电视台）,95489846710,2025-06-27 17:00:26,朗诵会,0,11,1,0,3,https://www.douyin.com/video/7520551395193572666
7520916443724434745,#上热门🔥 #林诗栋 #樊振东 #诗歌 #国乒,诗岩心语,110675502473,2025-06-28 16:37:01,"上热门🔥, 林诗栋, 樊振东, 诗歌, 国乒",0,819,181,0,21,https://www.douyin.com/video/7520916443724434745
7520563133233106185,宋雨老师邀您朗诵《干净的人》，一个干净的人，并非不食人间烟火，不染世俗，而是灵魂深处有净土，思想背后有初心。坚守良知和道义，有所为有所不为。#朗诵 #朗读 #诗歌 #干净的人 #普通话,苇渡雨诵读,3270403679856160,2025-06-28 07:45:00,"朗诵, 朗读, 诗歌, 干净的人, 普通话",0,516,79,0,14,https://www.douyin.com/video/7520563133233106185
7515104808349666619,【哈基米音乐】印度神曲-Ankhein Khuili#哈基米音乐 #哈基米 #鬼畜 #赛马娘  #曼波,极霸猫诗歌剧（红玉楼楼主）,91617549282,2025-06-13 00:44:57,"哈基米音乐, 哈基米, 鬼畜, 赛马娘, 曼波",0,18362,1119,0,22725,https://www.douyin.com/video/7515104808349666619
7520584866099612988,你会读懂那些注定要落笔的隐喻 就像，我不止一次读懂  你比海更湛蓝的眼睛… #原创诗歌 #现代诗 #原创 #随笔,礼 与拾柒,4218183626798606,2025-06-27 19:10:17,"原创诗歌, 现代诗, 原创, 随笔",0,899,83,0,64,https://www.douyin.com/video/7520584866099612988
7461535569647111458,#原创诗歌#唱出心声唱出爱 @张弟兄诗歌伴奏,张弟兄（天缘诗歌）集,1912781654198711,2025-01-19 16:09:39,原创诗歌,0,9638,505,0,2554,https://www.douyin.com/video/7461535569647111458
7521141211618364730,曾以为不嗅蔷薇 不忆初遇，不听那首写满故事的老歌 就不会暗自神伤，徒留相思寄明月 #情诗#云朵是天空的情书 #恰逢那年你明媚翻唱#曾以为#素衣凝香,素衣凝香诗歌,659295771575415,2025-06-29 07:09:17,"情诗, 恰逢那年你明媚翻唱, 曾以为, 素衣凝香",0,774,232,0,97,https://www.douyin.com/video/7521141211618364730
7520945175464807740,《决断》是徐志摩先生一首富有决断和激情的诗歌，表达作者对于爱情，自由和生与死深刻的思考。生和死就呼吸之间，谁都主宰不了这个问题，看淡放下一切执念，随性自在就好！😊😊😊,书韵同心—秋月,2931769844182579,2025-06-28 18:28:28,,0,93,52,0,0,https://www.douyin.com/video/7520945175464807740
7519436788604226868,邀您诵读《人生最好的活法》 #朗诵 #朗读 #诗歌朗诵 #人生 #传统文化,精灵教朗诵,3833363941303274,2025-06-28 06:27:00,"朗诵, 朗读, 诗歌朗诵, 人生, 传统文化",0,346,16,0,130,https://www.douyin.com/video/7519436788604226868
7520926714123406650,卢昱晓,田园诗歌,3795154764314638,2025-06-28 17:16:50,,0,4,0,0,0,https://www.douyin.com/video/7520926714123406650
7520490228088474916,石之轩说春江花月夜 #唐诗宋词 #春江花月夜 #孤篇盖全唐,石之轩,717353265931875,2025-06-27 13:03:18,"唐诗宋词, 春江花月夜, 孤篇盖全唐",0,80,7,0,5,https://www.douyin.com/video/7520490228088474916
7520965572629286183,谁懂啊，诗宝真的像一位女朋友一样，可爱还呆呆的，还体贴 #诗歌剧 #赛马娘 #二次元 #待兼诗歌剧,東海帝皇,7449310790073730108,2025-06-28 19:47:40,"诗歌剧, 赛马娘, 二次元, 待兼诗歌剧",0,789,41,0,142,https://www.douyin.com/video/7520965572629286183
7518996907672112394,,张弟兄（天缘诗歌）集,1912781654198711,2025-06-23 12:28:17,,0,2011,143,0,129,https://www.douyin.com/video/7518996907672112394
7520494054720818489,世间最美的遇见，不是街角的擦肩，不是人潮中的回眸， 而是两颗灵魂，在寂静中悄然共鸣。#朗诵 #诗词 #诗歌 #情感 #那个语文老师,那个语文老师,202757793388062,2025-06-27 18:03:00,"朗诵, 诗词, 诗歌, 情感, 那个语文老师",0,2853,715,0,421,https://www.douyin.com/video/7520494054720818489
7520964019240848700,杨绛先生用自身实践证明：优雅老去本质上是对生命律动的深刻理解，是在时光淬炼中保持精神世界的完整与丰沛，最终达到“聚散起落皆从容”的人生境界 #朗诵 #诗歌 #情感 #每日分享 #人……版本过低，升级后,李宁·朗诵,2779179034093358,2025-06-28 19:41:36,"朗诵, 诗歌, 情感, 每日分享, 人生感悟",0,1656,93,0,547,https://www.douyin.com/video/7520964019240848700
7520597940893945140,比赛想要拿高分，记住这5个关键点！提前做准备，比赛有结果！#朗诵比赛#朗诵 #诗歌朗诵 #播音主持 #小学生朗诵,主持表演小羊老师（8月师训）,641759852903496,2025-06-27 20:01:03,"朗诵比赛, 朗诵, 诗歌朗诵, 播音主持, 小学生朗诵",0,76,14,0,20,https://www.douyin.com/video/7520597940893945140
7520783932649016615,《劝学》是一首七言古诗。前两句通过对学习环境的描写来表达年少读书时应该勤奋，后两句通过头发颜色变化来表达年长时读书已晚。诗人从学习的意义、作用和学习应持的态度方法等角度立意，希望人……版本过低，升级后,萌童学诗歌,2678858887732016,2025-06-28 08:02:54,"打卡每日吟诵诗词, 创作者中心, 创作灵感, 和抖音一起学古诗, 幼儿早教启蒙",0,2,2,0,1,https://www.douyin.com/video/7520783932649016615
7520769133437537582,#原创诗歌 #现代诗 #原创文字 #随笔 #文案,东海潮歌,3125287767507908,2025-06-28 07:05:30,"原创诗歌, 现代诗, 原创文字, 随笔, 文案",0,173,57,0,7,https://www.douyin.com/video/7520769133437537582
7512104592567504155,儿歌《读书郎》小二郎#幼儿启蒙教育 #儿歌律动 #幼儿园 #启蒙教育 #儿童睡前故事,儿童诗歌精选,1584809102552155,2025-06-04 22:42:41,"幼儿启蒙教育, 儿歌律动, 幼儿园, 启蒙教育, 儿童睡前故事",0,6404,214,0,1952,https://www.douyin.com/video/7512104592567504155
7520734944016993586,<欣月复活>^^矢O//乎#当代大学生精神状态 #看了不后悔系列 #炒鸡好看小说 #女大学生,梨诗歌,4294024943634568,2025-06-28 04:53:48,"当代大学生精神状态, 看了不后悔系列, 炒鸡好看小说, 女大学生",0,272,6,0,7,https://www.douyin.com/video/7520734944016993586
7520400885827079424,欣月湖心，纸～胡#当代大学生精神状态 #炒鸡好看小说 #女大学生 #宝藏小说,梨诗歌,4294024943634568,2025-06-27 11:15:00,"当代大学生精神状态, 炒鸡好看小说, 女大学生, 宝藏小说",0,138,0,0,3,https://www.douyin.com/video/7520400885827079424
7520942036196707641,从今以后，我就珍惜两种人。一种是没有义务却陪着我的人，一种是 没有利益却惦记我的人。#朗诵 #诗词 #诗歌 #情感 #那个语文老师,那个语文老师,202757793388062,2025-06-28 18:16:19,"朗诵, 诗词, 诗歌, 情感, 那个语文老师",0,2301,659,0,119,https://www.douyin.com/video/7520942036196707641
7520994764008721715,《好宝宝》天蓝蓝，背起小书包，我是好宝宝，爱爸爸爱妈妈#儿童动画 #启蒙早教 #儿童益智 #儿童启蒙,儿童诗歌精选,1584809102552155,2025-06-28 21:41:00,"儿童动画, 启蒙早教, 儿童益智, 儿童启蒙",0,25,2,0,4,https://www.douyin.com/video/7520994764008721715
7515577571292941626,他从不说爱，却把一生的光阴熬成最浓的糖；他明明那么普通，却伟岸的像山一样 #父亲节#父亲节快乐#父爱如山 #父亲节我给老爸颁个奖#素衣凝香 ,素衣凝香诗歌,659295771575415,2025-06-14 07:19:35,"父亲节, 父亲节快乐, 父爱如山, 父亲节我给老爸颁个奖, 素衣凝香",0,1561,319,0,269,https://www.douyin.com/video/7515577571292941626
7519405949552528675,#西楼儿女,🏀诗歌趁年华🏀,3490270980873707,2025-06-24 14:55:33,西楼儿女,0,643,24,0,142,https://www.douyin.com/video/7519405949552528675
7520592850883497243,溆浦：屈子行吟诗歌之源 溆浦：屈子行吟诗歌之源 #第五届湖南旅游发展大会#福地怀化懂你如家#福地怀化如诗如画#诗歌里的溆浦 #每一个热爱诗歌的人都应该去溆浦走一走@怀化文旅 @我的怀化,溆浦旅游,71613158325,2025-06-27 19:41:29,,0,53,2,0,4,https://www.douyin.com/video/7520592850883497243
7517965747537284410,“黑暗”找到“光明”，“迷失”中“被寻回”#诗歌 #唱出你的心声,兰煊老师教诗歌,3547472661577803,2025-06-20 17:46:46,"诗歌, 唱出你的心声",0,3784,139,0,199,https://www.douyin.com/video/7517965747537284410
7520811899531185468,#史诗#诗歌#西游长生园#四大名著,姜恿,2729441515809536,2025-06-28 09:51:19,"史诗, 诗歌, 西游长生园, 四大名著",0,595,132,0,0,https://www.douyin.com/video/7520811899531185468
7521203093020822844,#小白兔白又白 #儿歌 #小白兔 @抖音创作小助手 ，小白兔，白又白两只耳朵竖起来,儿童诗歌,1093360752269408,2025-06-29 11:09:22,"小白兔白又白, 儿歌, 小白兔",0,15,1,0,1,https://www.douyin.com/video/7521203093020822844
7511221392542485760,儿童启蒙，唐诗三百首，每天一首必背古诗分享《望庐山瀑布》#国学启蒙 #学古诗 #唐诗 #儿歌 #唐诗三百首,宝宝早教诗歌,1209095313174340,2025-06-02 13:35:28,"国学启蒙, 学古诗, 唐诗, 儿歌, 唐诗三百首",0,352,112,0,43,https://www.douyin.com/video/7511221392542485760
7501673296276131112,儿童启蒙，唐诗三百首，每天一首必背古诗分享《一去二三里》#学古诗 #国学启蒙 #幼儿古诗 #幼儿启蒙 #ai,宝宝早教诗歌,1209095313174340,2025-05-07 20:03:58,"学古诗, 国学启蒙, 幼儿古诗, 幼儿启蒙, ai",0,19093,850,0,5710,https://www.douyin.com/video/7501673296276131112
7515341435245481216,#愿为你,🏀诗歌趁年华🏀,3490270980873707,2025-06-13 16:03:13,愿为你,0,3171,143,0,2896,https://www.douyin.com/video/7515341435245481216
7501979431255641384,儿童启蒙，唐诗三百首，每天一首必背古诗分享《一去二三里》#国学启蒙 #学古诗 #幼儿古诗 #幼儿启蒙 #启蒙早教儿歌,宝宝早教诗歌,1209095313174340,2025-05-08 15:51:54,"国学启蒙, 学古诗, 幼儿古诗, 幼儿启蒙, 启蒙早教儿歌",0,684,34,0,244,https://www.douyin.com/video/7501979431255641384
7521098057951399206,诗歌朗诵唐白居易《琵琶行》浔阳江头夜送客，枫叶荻花秋瑟瑟 #唐诗三百首 #创作者中心 #创作灵感,浣溪沙～人间有味是清欢,106178047937,2025-06-29 04:22:12,"唐诗三百首, 创作者中心, 创作灵感",0,205,79,0,4,https://www.douyin.com/video/7521098057951399206
7520686071136472380,拒绝焦虑❗四升五年级上册暑假预习背诵表 拒绝焦虑❗四升五年级上册暑假预习背诵表 四升五年级暑假该预习哪些方面的内容，古诗译文日积月累！跟着背诵版逐字闯关，打好基础。#单元归纳[话题……版本过低，升级后,朱老师四年级,9273409013015,2025-06-28 01:43:10,"单元归纳, 小学语文怎么学, 语文预习, 学习打卡, 五年级语文",0,2097,229,0,1255,https://www.douyin.com/video/7520686071136472380
7512108566866906426,儿童启蒙，唐诗三百首，每天一首必背古诗分享《赠汪伦》#唐诗 #儿歌 #启蒙早教 #启蒙 ##古诗吟唱,宝宝早教诗歌,1209095313174340,2025-06-04 22:57:56,"唐诗, 儿歌, 启蒙早教, 启蒙, 古诗吟唱",0,486,153,0,47,https://www.douyin.com/video/7512108566866906426
7520640569703910715,奔跑吧张真源,田园诗歌,3795154764314638,2025-06-27 22:46:28,,0,12,0,0,0,https://www.douyin.com/video/7520640569703910715
7521208852822904099,儿童启蒙，唐诗三百首，每天一首必背古诗分享《水调歌头・明月几时有》#国学启蒙 #唐诗 #启蒙教育 #古诗吟唱 #儿歌,宝宝早教诗歌,1209095313174340,2025-06-29 11:31:42,"国学启蒙, 唐诗, 启蒙教育, 古诗吟唱, 儿歌",0,14,5,0,0,https://www.douyin.com/video/7521208852822904099
7519206462389570831,让诗人躺平的地方：三正半山温泉酒店——诗意栖居之地 #诗歌万里行#祁人#三正半山,祁人：诗歌万里行,1983146159256667,2025-06-24 02:01:52,"诗歌万里行, 祁人, 三正半山",0,66,7,0,0,https://www.douyin.com/video/7519206462389570831
7521299015854476604,日本动画最长告白“7453”字数#超超超超超喜欢你的100个女朋友 #爱城恋太郎 #吉尼斯世界纪录 #离谱 #诗歌剧,蕾姆鱼鱼,364676695197454,2025-06-29 17:21:33,"超超超超超喜欢你的100个女朋友, 爱城恋太郎, 吉尼斯世界纪录, 离谱, 诗歌剧",0,1201,71,0,284,https://www.douyin.com/video/7521299015854476604
7521353277620210970,溱洧水城项目是新密市“文旅兴市”的关键落子。是新密市实施“文旅兴市”的标志性工程。 《诗经》作为中国最早的诗歌总集，其中“郑风”“桧风”便发源于新密市境的溱水、洧水流域。两千六百多……版本过低，升级后,新密同城会,15525945681,2025-06-29 20:52:06,"溱洧水城, 河南旅游, 发现郑青春, 郑州遛娃好去处, 新密同城会",0,276,112,0,34,https://www.douyin.com/video/7521353277620210970
7521100637272329524,#往后余生,🏀诗歌趁年华🏀,3490270980873707,2025-06-29 04:32:27,往后余生,0,312,25,0,64,https://www.douyin.com/video/7521100637272329524
7520259960459939081,儿歌古诗 晓出净慈寺送林子方，人教版必背古诗词#儿歌早教 #儿歌100首 #古诗 #田逗集合 #一甲萌宝,逗逗田里诗歌多🎶🌙,83317583420,2025-06-28 20:00:00,"儿歌早教, 儿歌100首, 古诗, 田逗集合, 一甲萌宝",0,1,0,0,0,https://www.douyin.com/video/7520259960459939081
7521099945408548122,,王辉女装,3865521704665799,2025-06-29 04:29:41,,0,282,10,0,16,https://www.douyin.com/video/7521099945408548122
7520927671640886588,王玉雯,田园诗歌,3795154764314638,2025-06-28 17:20:34,,0,9,0,0,2,https://www.douyin.com/video/7520927671640886588
7520640569703910715,奔跑吧张真源,田园诗歌,3795154764314638,2025-06-27 22:46:28,,0,12,0,0,0,https://www.douyin.com/video/7520640569703910715
7520925533447294268,何瑞贤,田园诗歌,3795154764314638,2025-06-28 17:12:16,,0,11,1,0,1,https://www.douyin.com/video/7520925533447294268
7521113072590179610,#合拍朗诵#诗歌朗诵 #奇遇 林河作品【天庭女孩的奇遇（二）】邀请您合拍朗诵。,林河02001,4252566743159575,2025-06-29 05:20:16,"合拍朗诵, 奇遇",0,102,30,0,0,https://www.douyin.com/video/7521113072590179610
7502625882827689256,儿童启蒙，唐诗三百首，每天一首必背古诗分享《寻隐者不遇》#幼儿启蒙 #唐诗三百首 #启蒙早教儿歌 #儿歌 #启蒙早教儿歌,宝宝早教诗歌,1209095313174340,2025-05-10 09:40:33,"幼儿启蒙, 唐诗三百首, 启蒙早教儿歌, 儿歌, 启蒙早教儿歌",0,553,172,0,92,https://www.douyin.com/video/7502625882827689256
7521519237513563427,岁月，总是在不经意间溜走。 岁月如同一首无声的歌，在指尖轻轻滑过，留下的是淡淡的痕迹和深深的回忆。回首往事，仿佛一切都还在昨天，可实际上，那些美好的时光早已远去。,沉默诗歌,3153874724329176,2025-06-30 07:36:10,,0,36,12,0,0,https://www.douyin.com/video/7521519237513563427
7521566481521757498,#古诗词#诗词#朗诵#诗歌#王维 《送别》[唐]王维 我们用离开证明，某些相遇从不会被距离吹散,夏鸣,7493751812874535996,2025-06-30 10:39:30,"古诗词, 诗词, 朗诵, 诗歌, 王维",0,0,0,0,0,https://www.douyin.com/video/7521566481521757498
7521572070633229609,回答-北岛 生活还要继续 希望你会碰到对的人 满眼都是你#原创 #朗诵#诗歌,橙子冲啊冲,3746760786184843,2025-06-30 11:01:11,"原创, 朗诵, 诗歌",0,0,0,0,0,https://www.douyin.com/video/7521572070633229609
7521547218948820258,#配音师,诗歌,105105635698,2025-06-30 09:24:47,配音师,0,1,0,0,0,https://www.douyin.com/video/7521547218948820258
7520734975659412755,《石榴花开时》石榴花开，情丝暗涌，从春到秋，道尽深情与眷恋。 #诗歌原创 #诗歌朗诵 《石榴花开时》诗以细腻笔触，勾勒出石榴花与爱情交织的唯美画卷。从石榴树抽叶到花开，再到结果，将暗恋的情愫融入其中，,世界因你而精彩,641763745741405,2025-06-28 04:59:48,"诗歌原创, 诗歌朗诵",0,146,76,0,0,https://www.douyin.com/video/7520734975659412755
7521218267479608585,千家诗卷三 七绝 诗歌积累，很多耳熟能详的诗句都出在这里。 ＃唐诗#知识分享 #涨知识 #知识点总结,诗书集曼,1981764185635739,2025-06-29 12:08:15,"知识分享, 涨知识, 知识点总结",0,5,0,0,0,https://www.douyin.com/video/7521218267479608585
7521554734118538553,,好好学练诗歌,98689338403,2025-06-30 09:53:55,,0,4,0,0,0,https://www.douyin.com/video/7521554734118538553
7520934484629835068,我自无心观山海，却由山海研墨来： “余生，非你不爱，一字不改！” #现代诗 #现代诗歌 #诗词文案 #原创文案 #古风,四月裂帛,93692116153,2025-06-28 17:47:01,"现代诗, 现代诗歌, 诗词文案, 原创文案, 古风",0,911,122,0,138,https://www.douyin.com/video/7520934484629835068
7521331411363269945,#西子爱情诗歌,西子爱情诗歌,110038645196,2025-06-29 19:27:16,西子爱情诗歌,0,21,3,0,0,https://www.douyin.com/video/7521331411363269945
7521323288295984411,巩岩诗歌：虎遇蔷薇（民国小调）简版 #民国风情 #好听音乐 #唯美诗词,巩岩诗歌,2428135079422280,2025-06-29 18:56:07,"民国风情, 好听音乐, 唯美诗词",0,2,2,0,0,https://www.douyin.com/video/7521323288295984411
7521117898628648246,《状元桥书》妙笔勾勒状元桥故事，重现黄梅戏经典动人风采。 #诗歌原创 #诗歌朗诵 《状元桥书》诗歌以灵动笔触将状元桥与《女驸马》故事融合，从桥的岁月痕迹到冯素珍的传奇经历，字句间流淌着细腻情感。“笔尖,世界因你而精彩,641763745741405,2025-06-29 05:43:44,"诗歌原创, 诗歌朗诵",0,128,77,0,0,https://www.douyin.com/video/7521117898628648246
7520828390346984763,#诵读经典散文诗歌#《你是我最美的遇见》#诗意描述了流星、樱花和友谊的美丽与永恒。表达了对生命中美妙相遇的珍惜#,春明诵读,817684295720862,2025-06-28 10:55:18,"诵读经典散文诗歌, 诗意描述了流星、樱花和友谊的美丽与永恒。表达了对生命中美妙相遇的珍惜",0,994,565,0,0,https://www.douyin.com/video/7520828390346984763
7520664812607769919,《西子的国》 ——北之南/莫西子 #原创 #文学 #现代诗 #随笔 #原创诗歌,北之南,4070809966485210,2025-06-28 00:20:35,"原创, 文学, 现代诗, 随笔, 原创诗歌",0,477,15,0,23,https://www.douyin.com/video/7520664812607769919
7521149323553262907,诗歌/《临江仙·如是禅心》#上热门🔥🔥 #原创诗词 #每日一首诗 #抖音热歌 #万歌诗词 @DOU+小助手,万歌诗词——源于生活自我原创,105805990530,2025-06-29 07:40:42,"上热门🔥🔥, 原创诗词, 每日一首诗, 抖音热歌, 万歌诗词",0,39,27,0,1,https://www.douyin.com/video/7521149323553262907
7521521841770859827,和 @李楚涵散文诗歌（合拍诵读） 一起 #合拍 《七律·诗意江南雨》#美文分享感谢聆听 #美好的一天从清晨开始,朦胧天际,4446068357741192,2025-06-30 07:46:19,"合拍, 美文分享感谢聆听, 美好的一天从清晨开始",0,126,60,0,0,https://www.douyin.com/video/7521521841770859827
7521526417566240039,《山居秋暝》是一首五言律诗。此诗描绘了秋雨初晴后傍晚时分山村的旖旎风光和山居村民的淳朴风尚，表现了诗人寄情山水田园并对隐居生活怡然自得的满足心情，以自然美来表现人格美和社会美。全诗……版本过低，升级后,萌童学诗歌,2678858887732016,2025-06-30 08:04:05,"启蒙早教, 和抖音一起学古诗, 古诗词, 唐诗三百首, 每日打卡一首诗",0,1,1,0,1,https://www.douyin.com/video/7521526417566240039
7521296023890873652,一去二三里 《一去二三里》是宋代诗人邵雍的一首五言绝句，语言简练，充满童趣，常被用作儿童启蒙诗歌。以下是全诗及赏析： 《一去二三里》 一去二三里，烟村四五家。   亭台六七座，八九……版本过低，升级后,糖糖妈妈成长双螺旋,97206638619,2025-06-29 17:10:01,"古诗词, 古诗词的魅力, 爱上古诗词, 一去二三里",0,4,0,0,0,https://www.douyin.com/video/7521296023890873652
7521379456926207242,《诗词里的荷香》 请欣赏22位朗读者倾情合诵江风秦雨诗歌，愿我们像荷花那样，不与世俗同流合污，永远保持自己的纯洁与高尚！#原创作品,江风秦雨,1337476761523896,2025-06-29 22:34:09,,0,75,18,0,0,https://www.douyin.com/video/7521379456926207242
7521383324439301418,《面朝大海，春暖花开》——海子 经典永流传#诗歌 #诗歌朗诵 #海子 #面朝大海春暖花开,耶拇,7499765316440884283,2025-06-29 22:49:16,"诗歌, 诗歌朗诵, 海子, 面朝大海春暖花开",0,0,0,0,0,https://www.douyin.com/video/7521383324439301418
7521161992821722403,寄蜉蝣于天地，渺沧海之一粟。#原创诗歌#现代诗#随笔 #抖音二创激励计划,蘭若,2220631119366627,2025-06-29 08:29:58,"原创诗歌, 现代诗, 随笔, 抖音二创激励计划",0,865,288,0,38,https://www.douyin.com/video/7521161992821722403
7520641088357469482,诗文大意：河东流云翻涌如大海，群山仿佛沉于渤海。日出后云散烟消，万重翠绿的山峦现于门前。岩岫似故友容颜未改，感叹流云变幻徒劳，连痴龙都懊悔。不解云何意，我愿在柘南城择居，寻丘壑无需……版本过低，升级后,无量景东,69049037760,2025-06-27 22:48:31,,0,47,0,0,0,https://www.douyin.com/video/7520641088357469482
7521333593734614308,如同一切的发生，都刚刚好，刚来得及把人生填满 #原创 #现代诗 #原创诗歌 #心灵感悟 #孟轻舟现代诗,孟轻舟（现代诗）,3192603070446471,2025-06-29 19:35:44,"原创, 现代诗, 原创诗歌, 心灵感悟, 孟轻舟现代诗",0,203,88,0,1,https://www.douyin.com/video/7521333593734614308
7521128246491237672,#原创诗歌 #情感 @陶布和,梅弘音视界,67113916340,2025-06-29 06:19:02,"原创诗歌, 情感",0,161,157,0,1,https://www.douyin.com/video/7521128246491237672
7520585212384824633,《龟虽寿》东汉•曹操#国学经典 #曹操 #龟虽寿 #初中古诗文 #中华好诗词,多多诗书,74877944868,2025-06-27 19:11:37,"国学经典, 曹操, 龟虽寿, 初中古诗文, 中华好诗词",0,208,2,0,30,https://www.douyin.com/video/7520585212384824633
7520971461277568296,今日分享现代诗歌《致橡树》🍃🍃#朗诵分享#评论留言你最喜欢的作品吧🌈      爱❣️不仅爱你伟岸的身躯 #你值得拥有美好的一切 #每日分享 也爱你坚持的位置 🌱🌱 足下的土地,宣城国控文旅推介官,65213469533,2025-06-28 20:10:30,"朗诵分享, 评论留言你最喜欢的作品吧🌈, 你值得拥有美好的一切, 每日分享",0,53,14,0,2,https://www.douyin.com/video/7520971461277568296
7521312829413707065,我说，你是人间的四月天…#你是人间的四月天 #林徽因 #唯美诗词 #诗歌朗诵 #,筱意学说话,105419540502,2025-06-29 18:15:09,"你是人间的四月天, 林徽因, 唯美诗词, 诗歌朗诵",0,7,0,0,0,https://www.douyin.com/video/7521312829413707065
7521138158236912906,#原创 #诗歌 #合拍#情感共鸣#黄站英,黄站英,888006603178542,2025-06-29 06:57:23,"原创, 诗歌, 合拍, 情感共鸣, 黄站英",0,22,26,0,0,https://www.douyin.com/video/7521138158236912906
7520823193780374844,#古诗词 #古诗词的魅力 #杜甫 #陪你读诗 #幼小,文譚小妮,4145572955830704,2025-06-28 10:35:08,"古诗词, 古诗词的魅力, 杜甫, 陪你读诗, 幼小",0,247,13,0,2,https://www.douyin.com/video/7520823193780374844
7521495228332756233,#诗歌 | 夏天的荷花开了。碧绿的荷叶中，一枝枝荷花挺出水面，婷婷玉立。夏日炎炎，荷花盛开，为这世间带来一抹清凉与雅致。#夏日荷花 #荷塘美景 #荷花 #诗歌朗诵 @,姬忠实,2823192967396407,2025-06-30 06:03:14,"诗歌, 夏日荷花, 荷塘美景, 荷花, 诗歌朗诵",0,6,1,0,0,https://www.douyin.com/video/7521495228332756233
7521253916437220642,"宋雨老师邀您朗诵来自余华的《活着》，曾经以为老去是很遥远的事情，突然间发现年轻已经是很久以前的事了。
#朗诵  #朗读  #诗歌  #活着  #余华  #普通话",苇渡雨诵读,3270403679856160,2025-06-29 16:30:00,"朗诵, 朗读, 诗歌, 活着, 余华",0,318,65,0,25,https://www.douyin.com/video/7521253916437220642
7520791349319257390,虎遇蔷薇（民国小调） #民国风情 #好听音乐 #唯美诗词 #猛虎 #蔷薇,巩岩诗歌,2428135079422280,2025-06-28 08:31:53,"民国风情, 好听音乐, 唯美诗词, 猛虎, 蔷薇",0,3,2,0,0,https://www.douyin.com/video/7520791349319257390
7520906256828173602,《万物生而有翼》——鲁米 #鲁米 #诗歌 #关系 #自我成长,水灵老师,618357874780845,2025-06-29 06:30:00,"鲁米, 诗歌, 关系, 自我成长",0,42,4,0,2,https://www.douyin.com/video/7520906256828173602
7521516236800576809,#原创诗歌 #视觉艺术  #超现实主义  《边   界》          生命树/文  森林里一只 很有灵性的鸟 偶尔听到几句梵语 便觉得参悟了天机 于是决定远离森林 在幽静的暗……版本过低，升级后,生命树,105117010780,2025-06-30 07:24:35,"原创诗歌, 视觉艺术, 超现实主义",0,154,44,0,1,https://www.douyin.com/video/7521516236800576809
7521190256972975412,傍晚的山坡 #原创诗歌 #现代诗歌 #唯美诗词,他乡明月,51917542957,2025-06-29 17:00:00,"原创诗歌, 现代诗歌, 唯美诗词",0,136,92,0,0,https://www.douyin.com/video/7521190256972975412
7521296495699725587,#《爱的真谛》—萨提亚#诗歌#诵读 #朗读爱好者,雪梅阅读,211526309382525,2025-06-29 17:11:47,"诗歌, 朗读爱好者",0,97,43,0,0,https://www.douyin.com/video/7521296495699725587
7520764969219034425,#原创诗歌(夏莲) 翠盖如罗裙， 花开似佳人， 夏日风情这般好， 醉了游人心。,@一介草民,4029066548874011,2025-06-28 06:49:14,原创诗歌,0,510,206,0,2,https://www.douyin.com/video/7520764969219034425
7521135686436425020,#诗词歌赋 #唯美诗词,木林诗歌汇,751672196866686,2025-06-29 06:47:51,"诗词歌赋, 唯美诗词",0,68,18,0,0,https://www.douyin.com/video/7521135686436425020
7521336589302435131,《白雪歌送武判官归京》作于岑参第二次出塞期间（754年），正值安西节度使封常清幕府任职时期。诗中武判官为其同僚，归京背景赋予诗歌双重内涵：既是对边塞风光的礼赞，也是对家国情怀的寄托……版本过低，升级后,书海寻臻,2454561104331395,2025-06-29 19:47:22,"诗词, 唯美诗词, 语文, 国学文化, 岑参",0,103,6,0,2,https://www.douyin.com/video/7521336589302435131
7521200630179859752,诗人眼里的一年四季 春天赏花，夏天听蝉，秋闻桂香，冬看雪景，一年四季都是画#唯美诗词 #诗人眼里的一年四季 #诗歌朗诵,朗朗洁声,103547684049,2025-06-29 10:59:50,"唯美诗词, 诗人眼里的一年四季, 诗歌朗诵",0,57,12,0,6,https://www.douyin.com/video/7521200630179859752
7521135265408208180,#原创诗歌#精彩朗诵#爱情故事#情感治愈 #你若安好便是晴天 #,惊鸿照影,466654597485512,2025-06-29 06:46:28,"原创诗歌, 精彩朗诵, 爱情故事, 你若安好便是晴天",0,51,26,0,0,https://www.douyin.com/video/7521135265408208180
7521543853049613626,为你诵读阿紫诗歌《起风了》🌹🌹🌹❤❤❤#诵读爱好者 #用心为你读首诗 #阿紫诗歌,冬之灵兮,109594046905127,2025-06-30 09:11:42,"诵读爱好者, 用心为你读首诗, 阿紫诗歌",0,11,4,0,0,https://www.douyin.com/video/7521543853049613626
7521188186748423481,夏日晨景，似一幅徐徐展开的翠卷……#原创视频 #每日推荐 #原创作品 #原创诗词 #原创诗歌,唯有云知语,103701007688,2025-06-29 10:11:29,"原创视频, 每日推荐, 原创作品, 原创诗词, 原创诗歌",0,289,205,0,1,https://www.douyin.com/video/7521188186748423481
7521552269835078955,"#非常喜欢的一首现代诗歌《诗意中国》是由诗人欧震创作，全诗通过""屋檐水珠""""劳动者汗珠""""普通人笑容""等核心意象，构建出涵盖自然美景、劳动精神、人文风貌的多维度诗意图景。",多是,111124190897,2025-06-30 09:44:20,非常喜欢的一首现代诗歌,0,0,0,0,0,https://www.douyin.com/video/7521552269835078955
7520989253963238715,诗歌如灯火，照亮岁月长河 #朱广权 #古诗词,央视网阅读,91674139815,2025-06-28 21:19:31,"朱广权, 古诗词",0,74,1,0,6,https://www.douyin.com/video/7520989253963238715
7520984557848448290,#上热门发作品 #现代诗 #诗词 #原创诗歌 #文学,大道至简(原创诗歌),106882873410,2025-06-28 21:01:19,"上热门发作品, 现代诗, 诗词, 原创诗歌, 文学",0,71,38,0,0,https://www.douyin.com/video/7520984557848448290
7521331225173282106,#西子爱情诗歌,西子爱情诗歌,110038645196,2025-06-29 19:26:32,西子爱情诗歌,0,27,4,0,0,https://www.douyin.com/video/7521331225173282106
7520676028668742954,草根农民诗人刘文华的诗歌作品《血战湘江》陈路云𡿨红茶）诵读,刘文华,1521366665006936,2025-06-28 01:04:17,,0,56,27,0,19,https://www.douyin.com/video/7520676028668742954
7520751402781117696,#原创诗歌#花纹#《星星》组诗选一,闫中的诗歌盲盒,1961180156658173,2025-06-28 05:56:42,"原创诗歌, 花纹",0,49,26,0,0,https://www.douyin.com/video/7520751402781117696
7521317008764472611,致橡树诗歌 #我要上热门 #诗歌朗诵 #诗歌 #诗歌剧 #诗词,苏琳说世界,63661180971,2025-06-29 18:31:24,"我要上热门, 诗歌朗诵, 诗歌, 诗歌剧, 诗词",0,224,27,0,5,https://www.douyin.com/video/7521317008764472611
7521247331980840252,原创诗歌 红河谷梦不醒 杨越 沐风听雨时静等荷花开 是时光太美长醉不醒 醉了一丝丝的眼角的妩媚 白云的委婉叮咛 是一抬头的理由 若夏的深情 莲的期许 是诗意的逗留倾听  微笑的诗行……版本过低，升级后,杨越,2867150024096141,2025-06-29 14:01:00,,0,106,23,0,1,https://www.douyin.com/video/7521247331980840252
7521216848705113403,时光酝酿的酒酿，我留七分苦赠你三分甜，我不念夏蝉 不思秋雁，不羡春山 不赴江南……惟愿你朝朝如愿，没有“故里”也能长安。#原创现代诗歌#祝卿长安#江南#故里 #祝卿长安,红豆,93002928166,2025-06-29 12:02:43,"原创现代诗歌, 故里, 祝卿长安",0,365,70,0,27,https://www.douyin.com/video/7521216848705113403
7521172851866651942,#原创诗歌 #现代诗 #随笔 #原创文字 #情不知所起一往而深,东海潮歌,3125287767507908,2025-06-29 09:12:07,"原创诗歌, 现代诗, 随笔, 原创文字, 情不知所起一往而深",0,188,46,0,8,https://www.douyin.com/video/7521172851866651942
7521315232008031546,在南宋的苍茫历史中，辛弃疾一腔热血与满腹才情，于京口北固停挥毫泼墨写下了“永遇乐.京口北固亭怀古”这一千古绝唱。这首词不仅是对古代英雄的缅怀更是对南宋朝廷偏安一隅，不思进取的深刻批……版本过低，升级后,栗顺,4089806155159624,2025-06-29 18:24:29,,0,524,155,0,0,https://www.douyin.com/video/7521315232008031546
7520899577929977126,品读诗歌《我在等你》，既觉浪漫执着，又感孤寂绵长。好的诗文，总予人以愉悦与美感。,小眼飞飞,2752776342351643,2025-06-28 15:31:33,,0,590,197,0,0,https://www.douyin.com/video/7520899577929977126
7521125459347705127,诗朗诵：十里桃花 作者：李炳智 朗诵：水墨丹青    阳 光,炳智诗歌坊,3430110096302669,2025-06-29 06:08:19,,0,62,0,0,0,https://www.douyin.com/video/7521125459347705127
7520721144535436594,诗歌朗诵唐诗三百首杜牧《泊秦淮》烟笼寒水月笼沙，夜泊秦淮近酒 #唐诗三百首 #创作者中心 #创作灵感,浣溪沙～人间有味是清欢,106178047937,2025-06-28 03:59:59,"唐诗三百首, 创作者中心, 创作灵感",0,215,92,0,2,https://www.douyin.com/video/7520721144535436594
7521529532253687074,铁骨、野渡、阿银朗诵朵渔的诗歌《今夜，写诗是轻浮的……》#奔腾诗歌#奔腾诗歌汇#诗歌朗诵#情感,奔腾诗歌汇,1748684156961068,2025-06-30 08:16:10,"奔腾诗歌, 奔腾诗歌汇, 诗歌朗诵, 情感",0,2,0,0,0,https://www.douyin.com/video/7521529532253687074
7520918770165402926,#抖音创作者大会话题 #诗歌朗诵《南湖的红船》分享,陈哥歌好物,4397662611716451,2025-06-28 16:46:01,"抖音创作者大会话题, 诗歌朗诵",0,178,220,0,0,https://www.douyin.com/video/7520918770165402926
7521305660858322228,《春晓》唐.孟浩然#古诗配画 #儿童诗歌朗诵适合4-6岁 #国学启蒙 #ai原创 #ai动画故事,糖豆爱古诗,1390252603738343,2025-06-29 17:47:25,"古诗配画, 儿童诗歌朗诵适合4-6岁, 国学启蒙, ai原创, ai动画故事",0,7,7,0,0,https://www.douyin.com/video/7521305660858322228
7521523026681711932,我不再羡慕 ，谁家的玫瑰千朵，也不再期待重逢几何，你裙摆盛开那一枝海棠，是我想你时最美的月亮#原创现代诗歌#最美的月亮#海棠#海棠里最美的月亮,红豆,93002928166,2025-06-30 07:50:53,"原创现代诗歌, 最美的月亮, 海棠, 海棠里最美的月亮",0,114,24,0,7,https://www.douyin.com/video/7521523026681711932
7521519804094008639,诗歌鉴赏 #诗 #诗歌 #诗词 ,疾风,2352592236843486,2025-06-30 07:40:00,"诗, 诗歌, 诗词",0,2,0,0,0,https://www.douyin.com/video/7521519804094008639
7520187777837763855,七月稻花香 #原创诗歌 #现代诗歌 #唯美诗词,他乡明月,51917542957,2025-06-28 17:00:00,"原创诗歌, 现代诗歌, 唯美诗词",0,148,86,0,0,https://www.douyin.com/video/7520187777837763855
7521497239749152039,,天空,3316540399689181,2025-06-30 06:11:10,,0,49,32,0,0,https://www.douyin.com/video/7521497239749152039
7521542391967599908,#《紅色的七月》,木子诗歌,175555539638270,2025-06-30 09:06:00,,0,5,1,0,0,https://www.douyin.com/video/7521542391967599908
7521163897619025188,《石灰吟》明.于谦#和抖音一起学古诗 #启蒙早教 #唐诗三百首 #古诗词 #幼儿必背唐诗大全,萌童学诗歌,2678858887732016,2025-06-29 08:37:20,"和抖音一起学古诗, 启蒙早教, 唐诗三百首, 古诗词, 幼儿必背唐诗大全",0,4,1,0,2,https://www.douyin.com/video/7521163897619025188
7520957450469231932,秋风月影染神州，水露珠霞穹遨游。钰砚墨香抒奇锦，缘心童语谱春绸。这是一首藏头诗《秋水钰缘》，2025年6月28日作！原创知心诗歌！,知心诗歌！,2167865952710451,2025-06-28 19:16:06,,0,96,25,0,0,https://www.douyin.com/video/7520957450469231932
7520920043812916531,《情罪》这首歌描述了恋人之间的情感纠葛与无奈结局,诗歌,3496060392314291,2025-06-28 16:51:02,,0,11,3,0,0,https://www.douyin.com/video/7520920043812916531
7521398536660208953,诗歌分享 #正能量#诗歌朗诵 #好诗 @麦麦提江·塞麦提,小麦老师,99902312659,2025-06-29 23:47:48,"正能量, 诗歌朗诵, 好诗",0,787,84,0,234,https://www.douyin.com/video/7521398536660208953
7521522197644905787,“月光，她曾照亮过无数人的梦，雪色，亦溶化过无数人的明眸”。 #现代诗 #现代诗歌 #诗词文案 #原创文案 #古风,四月裂帛,93692116153,2025-06-30 07:47:42,"现代诗, 现代诗歌, 诗词文案, 原创文案, 古风",0,287,94,0,19,https://www.douyin.com/video/7521522197644905787
7521138685766143266,明明你才是那个惯犯，合上了一页春天，就笃定我是萧瑟的秋……  #随笔 #回眸 #现代诗 #抖音二创激励计划 #抖音助推,浣雪【原创诗歌诗词】,1983113433720952,2025-06-29 06:59:34,"随笔, 回眸, 现代诗, 抖音二创激励计划, 抖音助推",0,60,16,0,0,https://www.douyin.com/video/7521138685766143266
7520807742807149881,#原创现代诗歌 #题图诗 #我的文字里有你的故事 #每日一诗,一米阳光（原创）,70903477005,2025-06-28 09:35:10,"原创现代诗歌, 题图诗, 我的文字里有你的故事, 每日一诗",0,92,27,0,0,https://www.douyin.com/video/7520807742807149881
7521366593637518646,《土地·忧郁·死亡》——海子 #诗歌 #诗歌朗诵 #海子 #土地·忧郁·死亡 #诗人,耶拇,7499765316440884283,2025-06-29 21:44:20,"诗歌, 诗歌朗诵, 海子, 土地·忧郁·死亡, 诗人",0,1,0,0,0,https://www.douyin.com/video/7521366593637518646
7521146687184899368,原创诗歌,蝉药,3311384582171532,2025-06-29 07:30:31,,0,66,18,0,0,https://www.douyin.com/video/7521146687184899368
7519437502243999016,邀您诵读《你是我抵达不了的远方》 #朗诵 #朗读 #诗歌朗诵 #传统文化 #远方,精灵教朗诵,3833363941303274,2025-06-30 06:12:00,"朗诵, 朗读, 诗歌朗诵, 传统文化, 远方",0,123,8,0,39,https://www.douyin.com/video/7519437502243999016
7521322602821700921,芦苇荡的千年情劫#AI写歌 #学古诗 #古诗配画 #诗经,左左做诗歌AI,2306097174556516,2025-06-29 18:53:05,"ai写歌, 学古诗, 古诗配画, 诗经",0,0,0,0,0,https://www.douyin.com/video/7521322602821700921
7521223963323665722,毛主席诗词#文学#诗歌#国家,千山,1574105814145951,2025-06-29 12:30:21,"文学, 诗歌, 国家",0,1,0,0,1,https://www.douyin.com/video/7521223963323665722
7521158924687707452,嗓子哑的真是猝不及防啊～#人生南北多歧路 #君向潇湘我向秦 #诗词名句赏析,悠然的诗歌电台,1354236303250980,2025-06-29 08:17:57,"人生南北多歧路, 君向潇湘我向秦, 诗词名句赏析",0,197,43,0,7,https://www.douyin.com/video/7521158924687707452
7521340832931384595,#原创作品 #修心修性 #诗情画意 #心有一首诗足以慰风尘 #上热门,诗歌与安全,2676632469373416,2025-06-29 20:03:51,"原创作品, 修心修性, 诗情画意, 心有一首诗足以慰风尘, 上热门",0,116,54,0,0,https://www.douyin.com/video/7521340832931384595
7521357074309238055,#文强诗歌#诗词原创 缠绵无尽江南雨，苍茫无际长安雪,文强诗歌,103844225654,2025-06-29 21:06:51,"文强诗歌, 诗词原创",0,145,34,0,0,https://www.douyin.com/video/7521357074309238055
7521183003457883451,我扔掉了所有的昨天#诗歌#原创视频 #情感共鸣,琛,3148083527,2025-06-29 09:51:23,"诗歌, 原创视频, 情感共鸣",0,149,36,0,0,https://www.douyin.com/video/7521183003457883451
7520884530586176822,#诗歌 #诗歌朗诵 #诗词 #原创诗歌 #诗人,弘虫的诗(务虚),2045521757739496,2025-06-28 14:33:14,"诗歌, 诗歌朗诵, 诗词, 原创诗歌, 诗人",0,2,0,0,0,https://www.douyin.com/video/7520884530586176822
7521196572831419699,#现代诗歌原创 #高山流水 #筝语,墨香•筱雅茗山,3551865282769322,2025-06-29 10:44:03,"现代诗歌原创, 高山流水, 筝语",0,350,220,0,22,https://www.douyin.com/video/7521196572831419699
7520606110241033531,面朝大海，春暖花开#海子 #面朝大海春暖花开 #朗诵 #诗歌@DOU+小助手,阿坤,3890508734663764,2025-06-27 20:32:43,"海子, 面朝大海春暖花开, 朗诵, 诗歌",0,203,8,0,10,https://www.douyin.com/video/7520606110241033531
7521217134219906342,水调歌头·明月几时有   宋 苏轼 #水调歌头明月几时有 #宋词,枕月读诗,2513951335911435,2025-06-29 12:04:00,"水调歌头明月几时有, 宋词",0,3,6,0,0,https://www.douyin.com/video/7521217134219906342
7521524163804499240,诗歌朗诵《英雄》,若尘,997999698509948,2025-06-30 07:55:22,,0,3,0,0,0,https://www.douyin.com/video/7521524163804499240
7521561096676560143,贵州诗人韦忍有声诗话｜在人间【在诗人的坦白中，我们看见自己难以言说的消耗与坚持，也知道了并非是独自在承受心灵的磨损，这或许就是一种小小的救赎】#朗诵#情感共鸣#治愈系 #诗歌,中原客,98148481562,2025-06-30 10:18:37,"朗诵, 情感共鸣, 诗歌",0,3,0,0,0,https://www.douyin.com/video/7521561096676560143
7521487841281805609,青春就是思念的味道#诗歌鉴赏#每天送你一首诗#青春#爱情#诗词鉴赏,晓晨诗歌记生活,4183010871086727,2025-06-30 05:34:29,"诗歌鉴赏, 每天送你一首诗, 青春, 爱情, 诗词鉴赏",0,3,0,0,0,https://www.douyin.com/video/7521487841281805609
7520954385024437513,旧夏新夏#诗歌 #现代诗 #现代诗原创 #落雪染尘,落雪染尘,95964238420,2025-06-28 19:04:13,"诗歌, 现代诗, 现代诗原创, 落雪染尘",0,280,21,0,14,https://www.douyin.com/video/7520954385024437513
