video_id,desc,author,author_id,create_time,tags,digg_count,comment_count,share_count,video_url
7520938953294286132,恩怨之战！梅西在大巴黎两年真是折磨坏了 #梅西 #大巴黎 #巴黎圣日耳曼vs迈阿密国际,500体育-亿创传媒,530379125832862,2025-06-29 10:00:00,"梅西, 大巴黎, 巴黎圣日耳曼vs迈阿密国际",1136,372,53,https://www.douyin.com/video/7520938953294286132
7521474524781563162,当梅西过人后摔倒 看着他遗憾的眼神你是否会回忆起... #梅西 #巴萨 #迈阿密国际 #世俱杯 #dou来足球季,雷速体育直播,1856427058273984,2025-06-30 04:43:32,"梅西, 巴萨, 迈阿密国际, 世俱杯, dou来足球季",686,99,105,https://www.douyin.com/video/7521474524781563162
7521353379839216936,不愧是“拆”迁队！曹越涛禁区内胸部停球抽射破门，南通队1-0领先宿迁队 #苏超 #南通队,新爱体育,102537639004,2025-06-29 20:52:57,"苏超, 南通队",2707,258,523,https://www.douyin.com/video/7521353379839216936
7520980800142052659,火力全开！曼联青训吐槽C罗：任意球就会电梯踢法 #足球 #梅西 #C罗 #dou来足球季 #世界杯,雷速体育,78523859591,2025-06-28 20:47:08,"足球, 梅西, C罗, dou来足球季, 世界杯",614,127,61,https://www.douyin.com/video/7520980800142052659
7521369589201112360,不愧是南哥！程鑫暴力超车对方后卫挑射锁定胜局，南通队4-0大胜宿迁队4战全胜暂居苏超次席 #苏超 #南通队 #宿迁队,新爱体育,102537639004,2025-06-29 21:56:17,"苏超, 南通队, 宿迁队",12570,1830,1067,https://www.douyin.com/video/7521369589201112360
7521344393253571880,苏超自己的C罗！泰州队巴特上演潇洒倒钩破门，随后激情滑跪庆祝！#苏超 #泰州队 #C罗,新爱体育,102537639004,2025-06-29 20:18:35,"苏超, 泰州队, C罗",28920,2420,6733,https://www.douyin.com/video/7521344393253571880
7521456651803626790,毫无尊重!亚特兰大当地球迷举梅西丑化海报 #梅西 #离谱 #迈阿密国际 #世俱杯 #dou来足球季,雷速体育,78523859591,2025-06-30 03:34:44,"梅西, 离谱, 迈阿密国际, 世俱杯, dou来足球季",33370,6404,27610,https://www.douyin.com/video/7521456651803626790
7520862675066326323,人类时隔十年再次跑到9.75，果然还得是牙买加人！ #汤普森 #塞维尔 #田径 ,小布体育,1165913490721246,2025-06-28 13:08:33,"汤普森, 塞维尔, 田径",32591,957,3023,https://www.douyin.com/video/7520862675066326323
7521345389983780096,苏超惊现世界级进球！泰州前锋巴特上演凌空倒钩世界波！#苏超上演世界级进球 #巴特凌空倒钩世界波#苏超泰州vs徐州#看完苏超看世俱杯,咪咕体育,106882168415,2025-06-29 20:22:02,"巴特凌空倒钩世界波, 苏超泰州vs徐州, 看完苏超看世俱杯",3833,337,680,https://www.douyin.com/video/7521345389983780096
7521378107081772328,南哥也有自己的罗哥！李贤成兜射破门后模仿C罗冥想庆祝😴 #苏超 #南通队 #C罗,新爱体育,102537639004,2025-06-29 22:29:03,"苏超, 南通队, C罗",1718,64,146,https://www.douyin.com/video/7521378107081772328
7521004589575933199,#苏超 水庆霞为家乡球队加油,江苏体育休闲频道,92558291822,2025-06-28 22:19:37,,39495,1783,1936,https://www.douyin.com/video/7521004589575933199
7521125985513753895,💥杀人诛心！里斯-詹姆斯直接任意球弹地极限打进近角，切尔西1-0本菲卡 #世俱杯 #切尔西 #里斯詹姆斯,新爱体育,102537639004,2025-06-29 06:11:46,"世俱杯, 切尔西, 里斯詹姆斯",18713,338,1379,https://www.douyin.com/video/7521125985513753895
7520590775948774675,让本就富裕的家庭更加富裕了！3场就赚4000多万 #世俱杯 #皇马 #曼城 #奖金,号外体育新媒,3803949711230936,2025-06-27 19:33:38,"世俱杯, 皇马, 曼城, 奖金",3604,431,366,https://www.douyin.com/video/7520590775948774675
7520569998071434546,队友连续被铲翻后 拉莫斯:你们看起来很会铲? #拉莫斯  #足球  #搞笑  #世俱杯 #dou来足球季,雷速体育直播,1856427058273984,2025-06-27 18:12:42,"拉莫斯, 足球, 搞笑, 世俱杯, dou来足球季",5544,261,1346,https://www.douyin.com/video/7520569998071434546
7521316212207406370,美式打法 #中国男篮 #朱正,腾讯视频体育,4037841504176765,2025-06-29 18:28:45,"中国男篮, 朱正",12282,867,1212,https://www.douyin.com/video/7521316212207406370
7520918425619778816,内马尔：如果当初去皇马，我能拿金球！ #内马尔neymarjr #内马尔胜利之舞 #足球的魅力 #dou来足球季 #桑巴足球,渡哥体育视界,3147231568335929,2025-06-28 16:44:53,"内马尔neymarjr, 内马尔胜利之舞, 足球的魅力, dou来足球季, 桑巴足球",3187,872,111,https://www.douyin.com/video/7520918425619778816
7521427016671841587,咋回事?梅西积极逼抢维蒂尼亚 最后疑似有挥臂击打动作 #梅西 #巴黎圣日耳曼 #迈阿密国际 #世俱杯 #dou来足球季,雷速体育,78523859591,2025-06-30 01:38:43,"梅西, 巴黎圣日耳曼, 迈阿密国际, 世俱杯, dou来足球季",14508,7203,19852,https://www.douyin.com/video/7521427016671841587
7520993408639339822,真猴王在花果山！嵇皓翔最后时刻早早推射空门得手，助连云港队2-0击败淮安队 #苏超,新爱体育,102537639004,2025-06-28 21:36:11,苏超,3335,387,209,https://www.douyin.com/video/7520993408639339822
7521257486305758491,拿什么拯救！淘汰赛首轮上座率仅三成，低于小组赛平均 #dou来足球季 #世俱杯 #切尔西 #本菲卡,雷速体育,78523859591,2025-06-29 14:40:31,"dou来足球季, 世俱杯, 切尔西, 本菲卡",3079,1482,130,https://www.douyin.com/video/7521257486305758491
7520841289730936116,来欣赏布教授的足球艺术，每一个动作都仿佛在他的大脑中提前预演过 #世俱杯 #迈阿密国际 #布斯克茨,新爱体育,102537639004,2025-06-28 11:45:29,"世俱杯, 迈阿密国际, 布斯克茨",19098,600,1360,https://www.douyin.com/video/7520841289730936116
7521291491382234378,世俱杯离谱中断 90分钟的比赛踢了5个多小时 #切尔西4比1淘汰本菲卡 #切尔西41淘汰本菲卡 #2025世俱杯 #dou来世俱杯,500体育-亿创传媒,530379125832862,2025-06-29 16:52:28,"切尔西4比1淘汰本菲卡, 切尔西41淘汰本菲卡, 2025世俱杯, dou来世俱杯",1346,174,225,https://www.douyin.com/video/7521291491382234378
7520957492109544742,神人！日本国脚 🥚碎仍踢世预赛，直言不影响生育 #足球 #抽象 #日本 #世预赛 #dou来足球季,雷速体育,78523859591,2025-06-28 19:16:42,"足球, 抽象, 日本, 世预赛, dou来足球季",246,11,368,https://www.douyin.com/video/7520957492109544742
7521467845671259401,"把梅西球衣球裤球鞋全薅走😂 登贝莱社媒晒""收获"" #梅西 #登贝莱 #世俱杯 #足球 #dou来足球季",雷速体育,78523859591,2025-06-30 04:18:07,"梅西, 登贝莱, 世俱杯, 足球, dou来足球季",2568,238,713,https://www.douyin.com/video/7521467845671259401
7520835268732013862,这是一场不可能赢的比赛，但我依旧要来看布雷克。 在赛维尔汤普森以9秒82；9秒80的成绩频刷年度最佳成绩的时候，我想你也会怀念十三年前力压博尔特领跑世界的你吧。#布雷克 #汤普森 #塞维尔 ,小布体育,1165913490721246,2025-06-28 11:22:10,"布雷克, 汤普森, 塞维尔",5586,181,299,https://www.douyin.com/video/7520835268732013862
7521218423134227762,夺得牙锦赛冠军次数最多的选手，以后不会再参加牙锦赛了. #布雷克 #汤普森 #田径,小布体育,1165913490721246,2025-06-29 12:09:02,"布雷克, 汤普森, 田径",5309,298,285,https://www.douyin.com/video/7521218423134227762
7521362577230794036,收手吧，南哥！南通队3分钟两球，4球大胜宿迁收获苏超四连胜！#南通队4比0宿迁队  #南通苏超四连胜  #南哥收手吧  #南通vs宿迁,咪咕体育,106882168415,2025-06-29 21:29:49,"南通队4比0宿迁队, 南通苏超四连胜, 南哥收手吧, 南通vs宿迁",21272,7712,5157,https://www.douyin.com/video/7521362577230794036
7520994302214835492,这是业余球员？盐城队童心真冷静，晃倒防守人+门将焊在原地射门 这是业余球员？盐城队童心真冷静，晃倒防守人+门将焊在原地射门#苏超,罗掌柜体育,61061935728,2025-06-28 21:39:49,苏超,375,51,36,https://www.douyin.com/video/7520994302214835492
7520795998491397418,亚洲现役短跑扛把子：萨尼布朗，100米9秒96，亚洲第4 200米20秒08，亚洲第4，多项最年轻纪录保持者#田径 #百米短跑 #萨尼布朗,蚊言文（体育）,3589247317318519,2025-06-28 18:12:00,"田径, 百米短跑, 萨尼布朗",3752,287,118,https://www.douyin.com/video/7520795998491397418
7521445128762920219,还是好友!梅西搂着登贝莱离开球场 还与阿什拉夫交换球衣 #梅西  #登贝莱  #巴黎圣日耳曼  #世俱杯 #dou来足球季,雷速体育,78523859591,2025-06-30 02:49:34,"梅西, 登贝莱, 巴黎圣日耳曼, 世俱杯, dou来足球季",808,31,19,https://www.douyin.com/video/7521445128762920219
7520916820594560282,2014世界杯，阿根廷vs尼日利亚，梅西梅开二度并且奉献任意球破门！#梅西#阿根廷#世界杯#足球#唯有足球不可辜负,俊瑶战袍【斯兰体育】,4464443936744189,2025-06-28 16:38:30,"梅西, 阿根廷, 世界杯, 足球, 唯有足球不可辜负",567,59,13,https://www.douyin.com/video/7520916820594560282
7521142259304369465,淮安门将大空门失误！ 赛后#淮安队 球员哭了，球迷高喊继续战斗，苏超这一幕球迷都泪目了！#足球 #体育 #新今体育,新今体育,65652191925,2025-06-29 07:13:19,"淮安队, 足球, 体育, 新今体育",22424,3886,701,https://www.douyin.com/video/7521142259304369465
7520931036050541876,满满的活人感！杨瀚森在美国爆火出圈 采访播放量比状元高几倍 #NBA #杨瀚森,腾讯视频体育,4037841504176765,2025-06-28 17:33:49,,4340,157,178,https://www.douyin.com/video/7520931036050541876
7521005991492652340,#苏超 给我多少时间我就拼到底！,江苏体育休闲频道,92558291822,2025-06-28 22:25:25,,19919,1468,614,https://www.douyin.com/video/7521005991492652340
7520833149807512870,拉菲尼亚炮轰世俱杯：球员连一个月假期都没有 #dou来足球季 #世俱杯 #拉菲尼亚 #巴萨 #巴黎圣日耳曼,雷速体育直播,1856427058273984,2025-06-28 11:14:03,"dou来足球季, 世俱杯, 拉菲尼亚, 巴萨, 巴黎圣日耳曼",1821,445,86,https://www.douyin.com/video/7520833149807512870
7521498928173337866,伊布:迈阿密和足球输了，梅西没输! #梅西 #迈阿密国际 #伊布 #世俱杯 #dou来足球季,雷速体育,78523859591,2025-06-30 06:18:18,"梅西, 迈阿密国际, 伊布, 世俱杯, dou来足球季",1152,374,107,https://www.douyin.com/video/7521498928173337866
7521199999980768522,“10年的等待 天才与五虎的鸿沟终于抹平”#基沙恩汤普森 #田径 #短跑 #比赛现场,𝑹𝑨𝑰𝑵体育,3642003772969295,2025-06-29 10:57:20,"基沙恩汤普森, 田径, 短跑, 比赛现场",3261,262,159,https://www.douyin.com/video/7521199999980768522
7521200900837362984,登贝莱：梅哥，再爱你一次！ #世俱杯 #迈阿密国际vs巴黎圣日耳曼 #梅西 #登贝莱 #足球的魅力,渡哥体育视界,3147231568335929,2025-06-29 11:01:24,"世俱杯, 迈阿密国际vs巴黎圣日耳曼, 梅西, 登贝莱, 足球的魅力",380,77,47,https://www.douyin.com/video/7521200900837362984
7521340879317437754,曲绍斌葫芦里卖的什么药#中国男篮u19 #u19男篮世界杯 #国青u19男篮 #u19中国男篮vs德国 #朱正,追球者体育,4503697535223412,2025-06-29 20:04:02,"中国男篮u19, u19男篮世界杯, 国青u19男篮, u19中国男篮vs德国, 朱正",1074,287,103,https://www.douyin.com/video/7521340879317437754
7521165725755624739,加时赛连进三球，切尔西4比1本菲卡晋级八强。#切尔西加时赛连进3球 #切尔西4比1本菲卡 #切尔西晋级八强 #2025世俱杯,咪咕体育,106882168415,2025-06-29 08:44:56,"切尔西加时赛连进3球, 切尔西4比1本菲卡, 切尔西晋级八强, 2025世俱杯",1379,110,91,https://www.douyin.com/video/7521165725755624739
7520582603116694847,NBA选秀每年60个名额，为何总是选不满？对年轻球员公平吗？ #林葳 #杨瀚森 #NBA  #篮球 #NBA选秀大会,体育梗百科,2581275568773012,2025-06-27 19:01:49,"林葳, 杨瀚森, NBA, 篮球, NBA选秀大会",3398,114,37,https://www.douyin.com/video/7520582603116694847
7520833941025197352,"龙哥把反击玩成艺术，回顾皇马小组赛反击战。
#皇马#阿隆索 #2025世俱杯 #我的主队要你好看 #足球",咪咕体育,106882168415,2025-06-29 09:00:00,"皇马, 阿隆索, 2025世俱杯, 我的主队要你好看, 足球",131,183,6,https://www.douyin.com/video/7520833941025197352
7521197468235730202,中断2小时！马雷斯卡赛后炮轰：这是笑话这不是足球 #dou来足球季 #切尔西 #世俱杯 #马雷斯卡 #本菲卡,雷速体育,78523859591,2025-06-29 10:47:41,"dou来足球季, 切尔西, 世俱杯, 马雷斯卡, 本菲卡",6446,1339,1393,https://www.douyin.com/video/7521197468235730202
7521335437336513834,U19男篮世界杯，中国U19男篮66-90不敌德国。 朱正12分，陈家政12分，张博源上场9分钟仅得到2分#中国男篮,腾讯视频体育,4037841504176765,2025-06-29 19:43:04,,2816,535,311,https://www.douyin.com/video/7521335437336513834
7521494265512430857,错位?梅西逼抢维蒂尼亚后疑似挥臂 赛后巴黎官媒发两人拥抱 #梅西  #维蒂尼亚  #巴黎圣日耳曼  #迈阿密国际 #dou来足球季,雷速体育直播,1856427058273984,2025-06-30 06:00:11,"梅西, 维蒂尼亚, 巴黎圣日耳曼, 迈阿密国际, dou来足球季",936,714,312,https://www.douyin.com/video/7521494265512430857
7521510531824422187,晋级八强！凯恩梅开二度助拜仁4-2淘汰弗拉门戈，下一场将战新科欧冠冠军大巴黎 #世俱杯 #拜仁 #凯恩,新爱体育,102537639004,2025-06-30 07:03:59,"世俱杯, 拜仁, 凯恩",3698,195,148,https://www.douyin.com/video/7521510531824422187
7520936667528629556,他是怎样从海南打到世排第一的?林诗栋：樊振东一直是我的偶像！ #国乒 #林诗栋 #樊振东 #体育精神 #乒乓球,体育特攻,1935620445573742,2025-06-28 17:55:42,"国乒, 林诗栋, 樊振东, 体育精神, 乒乓球",4030,155,65,https://www.douyin.com/video/7520936667528629556
7521176378176179502,C罗：沙特联就是世界前五，不懂球的才会否定这一点 #dou来足球季 #C罗 #沙特联赛 #利雅得胜利,雷速体育,78523859591,2025-06-29 09:25:52,"dou来足球季, C罗, 沙特联赛, 利雅得胜利",525,474,176,https://www.douyin.com/video/7521176378176179502
7521120452555623731,技惊四座！里斯-詹姆斯小角度任意球直接破门，切尔西打破僵局领先本菲卡#詹姆斯任意球破门 #本菲卡vs切尔西 #2025世俱杯 #我的主队要你好看 #dou来世俱杯,咪咕体育,106882168415,2025-06-29 05:49:42,"詹姆斯任意球破门, 本菲卡vs切尔西, 2025世俱杯, 我的主队要你好看, dou来世俱杯",332,16,81,https://www.douyin.com/video/7521120452555623731
7520799006658759976,杨瀚森：不打球想当教练，比卢普斯：那我现在走？#杨瀚森 #开拓者 #杨瀚森说不打球想当高水平教练 #开拓者 #战术鬼才,咪咕体育,106882168415,2025-06-28 09:01:39,"杨瀚森, 开拓者, 杨瀚森说不打球想当高水平教练, 开拓者, 战术鬼才",969,12,18,https://www.douyin.com/video/7520799006658759976
7520719037563751695,【全程】开拓者介绍新秀发布会 杨瀚森：喜欢睡觉吃打游戏 #杨瀚森  #NBA  #开拓者,腾讯视频体育,4037841504176765,2025-06-28 03:52:30,"杨瀚森, NBA, 开拓者",157268,6033,18123,https://www.douyin.com/video/7520719037563751695
7520928250282249531,这才是王不见王的正确打开方式#樊振东 #马龙,爱玩卡特（体育）,3930120967687040,2025-06-28 17:22:49,"樊振东, 马龙",722,37,43,https://www.douyin.com/video/7520928250282249531
7521489858255179048,突施冷箭！凯恩禁区外左脚爆射助拜仁扩大优势 #世俱杯 #拜仁 #凯恩,新爱体育,102537639004,2025-06-30 05:44:33,"世俱杯, 拜仁, 凯恩",2731,50,41,https://www.douyin.com/video/7521489858255179048
7520810685115714851,2025年牙买加田径锦标赛男子百米半决赛塞维尔9秒84#田径#短跑,DS体育🥇,2974616563232379,2025-06-28 09:46:36,"田径, 短跑",252,47,29,https://www.douyin.com/video/7520810685115714851
7520618594359905595,18岁的樊振东究竟有多猛？#瓜子二手车,爱玩卡特（体育）,3930120967687040,2025-06-27 21:21:10,瓜子二手车,1911,179,32,https://www.douyin.com/video/7520618594359905595
7521363130841107752,巴特世界级破门，徐州替补奇兵先后建功，徐州2-1逆转泰州拿下比赛！#苏超徐州2比1逆转泰州#苏超泰州vs徐州#看完苏超看世俱杯,咪咕体育,106882168415,2025-06-29 21:30:50,"苏超泰州vs徐州, 看完苏超看世俱杯",2482,437,665,https://www.douyin.com/video/7521363130841107752
7521156677807131956,大场面先生！迪玛利亚点球扳平，切尔西本菲卡进入加时赛。#迪玛利亚点球扳平 #切尔西本菲卡进入加时赛 #切尔西vs本菲卡 #2025世俱杯,咪咕体育,106882168415,2025-06-29 08:09:39,"迪玛利亚点球扳平, 切尔西本菲卡进入加时赛, 切尔西vs本菲卡, 2025世俱杯",600,165,126,https://www.douyin.com/video/7521156677807131956
7521350007871704377,国青24分惨败德国，必须严查主教练曲邵斌 #u19男篮世界杯  #曲邵斌 #朱正#郇斯楠,大史体育,866831445274696,2025-06-29 20:39:25,"u19男篮世界杯, 曲邵斌, 朱正, 郇斯楠",809,460,52,https://www.douyin.com/video/7521350007871704377
7520943748881157416,贡献“姚氏表情包”，杨瀚森与姚明有多像？他会成为下一个姚明吗 #杨瀚森开拓者发布会 #杨瀚森 #姚明 #NBA #篮球,体育梗百科,2581275568773012,2025-06-28 18:23:20,"杨瀚森开拓者发布会, 杨瀚森, 姚明, NBA, 篮球",7573,75,153,https://www.douyin.com/video/7520943748881157416
7520544547487698216,C罗这吸金能力也太吓人了 天天中五百万都赶不上他 #C罗与利雅得胜利完成续约 #C罗 #利雅得胜利 #沙特联赛,500体育-亿创传媒,530379125832862,2025-06-27 16:33:58,"C罗与利雅得胜利完成续约, C罗, 利雅得胜利, 沙特联赛",2408,267,6344,https://www.douyin.com/video/7520544547487698216
7520800940023205120,这评价相当高啊 #杨瀚森 #开拓者,腾讯视频体育,4037841504176765,2025-06-28 09:09:05,开拓者,28011,1226,1494,https://www.douyin.com/video/7520800940023205120
7521018863426014516,镇江35岁“老大哥”面对对手一众“00后”血拼到底！不服输#苏超 #盐城 #镇江,江苏体育休闲频道,92558291822,2025-06-28 23:14:28,"苏超, 盐城, 镇江",16944,2110,427,https://www.douyin.com/video/7521018863426014516
7521420552737672499,无奈!队友乌龙&半场0-4落后 梅西表情凝重 #梅西 #迈阿密国际 #巴黎圣日耳曼 #世俱杯 #dou来足球季,雷速体育,78523859591,2025-06-30 01:13:44,"梅西, 迈阿密国际, 巴黎圣日耳曼, 世俱杯, dou来足球季",397,330,44,https://www.douyin.com/video/7521420552737672499
7520454047837539610,2分钟展现新科状元弗拉格 逆天身体素质各种暴扣 #NBA #弗拉格,腾讯视频体育,4037841504176765,2025-06-27 21:30:00,"NBA, 弗拉格",7158,1359,634,https://www.douyin.com/video/7520454047837539610
7521185049581030706,再战一年！詹姆斯执行下赛季5260万合同，名记：已在考虑退役 #詹姆斯 #湖人 #NBA #骑士,温情体育,136814843671236,2025-06-29 09:59:24,"詹姆斯, 湖人, NBA, 骑士",1644,424,125,https://www.douyin.com/video/7521185049581030706
7520513770616065326,阿隆索:维尼修斯脚后跟助攻很棒 还好我见过古蒂 #维尼修斯 #皇马 #阿隆索 #世俱杯 #dou来足球季,雷速体育直播,1856427058273984,2025-06-27 14:34:32,"维尼修斯, 皇马, 阿隆索, 世俱杯, dou来足球季",491,26,27,https://www.douyin.com/video/7520513770616065326
7521318261233863951,这届U19世界杯盖帽王肯定就是郇斯楠了 #中国男篮,腾讯视频体育,4037841504176765,2025-06-29 18:36:36,,706,56,26,https://www.douyin.com/video/7521318261233863951
7520724402431085865,“如果进了足以载入史册”,忠于所爱（体育）,2324824748997741,2025-06-28 04:12:24,,2463,190,14,https://www.douyin.com/video/7520724402431085865
7520600297677327616,王钰栋这单刀，梅西都踢不进去！ #国足加油 #王钰栋 #足球的魅力 #抖音足球 #遇见足球,渡哥体育视界,3147231568335929,2025-06-27 20:10:22,"国足加油, 王钰栋, 足球的魅力, 抖音足球, 遇见足球",164,14,10,https://www.douyin.com/video/7520600297677327616
7520864392179731770,牙买加田径锦标赛第一汤普森9″75🥇，第二塞维尔受伤9″83🥈牙买加短跑水平太强了，人高马大，能力实在是强👍#田径  #塞维尔途中跑 #牙买加短跑,冲冠体育（田径外星人）夏训招生,58248122624,2025-06-28 13:15:01,"田径, 塞维尔途中跑, 牙买加短跑",549,45,47,https://www.douyin.com/video/7520864392179731770
7520784805387128064,瀚森啊英语加把劲🤣 #杨瀚森 #开拓者,腾讯视频体育,4037841504176765,2025-06-28 08:06:54,,2242,116,329,https://www.douyin.com/video/7520784805387128064
7521364784451013946,❤️43617人在昆山奥体中心观战！#苏超 再度刷新上座纪录！#苏州队3比0扬州队  取得赛季首胜，17岁高中生寇程78秒破门，寇程是苏州队最年轻的球员，目前还是吴县中学的一名高中……版本过低，升级后,PP体育,111031291287,2025-06-29 21:36:47,"苏超, 苏州队3比0扬州队",320,15,14,https://www.douyin.com/video/7521364784451013946
7521339604197182763,真有当年阿联内味儿啊！ 郇思楠钉板大帽+双手炸扣#中国男篮 今日再次送出4记封盖，两场12帽！,腾讯视频体育,4037841504176765,2025-06-29 19:59:14,,4866,258,259,https://www.douyin.com/video/7521339604197182763
7520882214326848778,别说老美不懂足球，魔笛替补出场或者每次主罚定位球的时候都会受到球迷的热烈欢呼。#莫德里奇 #皇马 #dou来世俱杯 #2025世俱杯 #我的主队要你好看,土豪体育文化3,104277898754,2025-06-28 14:24:11,"莫德里奇, 皇马, dou来世俱杯, 2025世俱杯, 我的主队要你好看",604,19,18,https://www.douyin.com/video/7520882214326848778
7521069351873613107,帕尔梅拉斯加时赛打破僵局！保利尼奥内切破门，1比0领先博塔弗戈！#保利尼奥贴地斩 #帕尔梅拉斯vs博塔弗戈 #2025世俱杯 #我的主队要你好看 #dou来世俱杯,咪咕体育,106882168415,2025-06-29 02:30:53,"保利尼奥贴地斩, 帕尔梅拉斯vs博塔弗戈, 2025世俱杯, 我的主队要你好看, dou来世俱杯",108,12,5,https://www.douyin.com/video/7521069351873613107
7521372794455346482,#苏超联赛 #南通队 #宿迁队 #江苏台洪超 @抖音体育,江苏体育 洪超,111607678850,2025-06-29 22:07:53,"苏超联赛, 南通队, 宿迁队, 江苏台洪超",8352,1515,404,https://www.douyin.com/video/7521372794455346482
7520897936068381994,詹姆斯的最好要#杨瀚森#球星#詹姆斯#卢卡#约基奇,体育小前锋,2443575547144794,2025-06-28 15:25:12,"杨瀚森, 球星, 詹姆斯, 卢卡, 约基奇",625,40,40,https://www.douyin.com/video/7520897936068381994
7521327528280083764,教科书级别小打大 朱正和杨溢这两球太帅了 #中国男篮,腾讯视频体育,4037841504176765,2025-06-29 19:12:36,,3080,129,63,https://www.douyin.com/video/7521327528280083764
7521261053176679690,#tt广州演唱会 tt：我就下去喝个水，你把我场子炸了？？？,巨湾体育10号,98870099095,2025-06-29 14:54:18,tt广州演唱会,164120,6104,117921,https://www.douyin.com/video/7521261053176679690
7521568042405367076,杨瀚森的好机会来了！同时艾顿也将成为自由市场的一条大鱼！#NBA #开拓者与艾顿买断#艾顿,腾讯视频体育,4037841504176765,2025-06-30 10:45:49,"NBA, 开拓者与艾顿买断, 艾顿",4071,877,820,https://www.douyin.com/video/7521568042405367076
7521311829470104872,这年轻人 #中国男篮,腾讯视频体育,4037841504176765,2025-06-29 18:11:40,,2977,153,186,https://www.douyin.com/video/7521311829470104872
7521341911350709563,曾经国青后卫线上的佼佼者，最近表现有些低迷 #u19男篮世界杯 #杨溢,体育世界,95115692754,2025-06-29 20:08:00,"u19男篮世界杯, 杨溢",340,289,62,https://www.douyin.com/video/7521341911350709563
7520985364744457512,连云港2:0淮安，点球制胜！#苏超#江苏超级足球联赛#连云港 #苏超 #江苏超级足球联赛 #连云港2比0淮安 #连云港vs淮安,威廉体育,4088449581725466,2025-06-28 21:05:14,"苏超, 江苏超级足球联赛, 连云港vs淮安",158,50,36,https://www.douyin.com/video/7520985364744457512
7521202223137819939,机器人踢足球满场小碎步,山东体育休闲频道,102436823236,2025-06-29 11:06:22,,3415,193,2722,https://www.douyin.com/video/7521202223137819939
7520815960836558114,阿库尼亚大力神杯护腿板警告邓弗里斯 #阿库尼亚 #邓弗里斯 #阿根廷VS荷兰 #邓弗里斯阿库尼亚冲突 #2025世俱杯,500体育-亿创传媒,530379125832862,2025-06-28 10:07:18,"阿库尼亚, 邓弗里斯, 阿根廷VS荷兰, 邓弗里斯阿库尼亚冲突, 2025世俱杯",69,3,14,https://www.douyin.com/video/7520815960836558114
7520788030597205294,韦德：杜兰特不可能来热火，因为他不想追随老詹的脚步 #詹姆斯 #韦德 #杜兰特,腾讯视频体育,4037841504176765,2025-06-28 08:19:02,,3691,405,359,https://www.douyin.com/video/7520788030597205294
7520971396189572367,本届U19男篮世界杯 朱正命中中国男篮首球 #中国男篮,腾讯视频体育,4037841504176765,2025-06-28 20:10:49,中国男篮,13383,357,310,https://www.douyin.com/video/7520971396189572367
7521173318192336164,5小时大战晋级八强‼️切尔西加时阶段恩昆库、内托、霍尔破门4-1淘汰本菲卡 #世俱杯 #切尔西 #本菲卡,新爱体育,102537639004,2025-06-29 09:14:10,"世俱杯, 切尔西, 本菲卡",5604,187,124,https://www.douyin.com/video/7521173318192336164
7520755983283719439,完了！他们潜意识同步了，步伐都是一致的 哈哈哈哈哈#拉杜卡努#阿尔卡拉斯# 温网,Number  Two(体育),100531716637,2025-06-28 06:14:37,"拉杜卡努, 阿尔卡拉斯",1787,306,177,https://www.douyin.com/video/7520755983283719439
7521182543724596518,孙颖莎应该谢谢我#孙颖莎,赵老师（搞笑体育）,62041196803,2025-06-29 09:49:40,孙颖莎,12819,470,198,https://www.douyin.com/video/7521182543724596518
7520956358399085850,朱正 朱正恐怖的弹跳力，他会成为2027年NBA状元吗？#朱正 #中国男篮,kb布莱恩特体育,70823933382512,2025-06-28 19:11:53,"朱正, 中国男篮",5621,642,190,https://www.douyin.com/video/7520956358399085850
7520997453093653810,#苏超联赛 #连云港队 #淮安队 #江苏台洪超  @抖音体育,江苏体育 洪超,111607678850,2025-06-28 21:51:20,"苏超联赛, 连云港队, 淮安队, 江苏台洪超",559,145,39,https://www.douyin.com/video/7520997453093653810
7521311384139828495,郇斯枫连送两记大帽 钉板大帽太帅了 #中国男篮,腾讯视频体育,4037841504176765,2025-06-29 18:09:58,中国男篮,384,5,26,https://www.douyin.com/video/7521311384139828495
7520977140973686062,手势是什么意思？#王楚钦#孙颖莎#林诗栋#蒯曼#乒乓球,体育,2911929609500535,2025-06-28 20:32:32,"王楚钦, 孙颖莎, 林诗栋, 蒯曼, 乒乓球",300,12,13,https://www.douyin.com/video/7520977140973686062
7520997543178751291,有大将之风#张博源 #u19男篮世界杯 #中国男篮u19 #朱正 #u19中国男篮vs加拿大,追球者体育,4503697535223412,2025-06-28 21:51:41,"张博源, u19男篮世界杯, 中国男篮u19, 朱正, u19中国男篮vs加拿大",213,33,22,https://www.douyin.com/video/7520997543178751291
7521017690782387465,别人混双🆚我家混双，#王楚钦#孙颖莎#林诗栋#蒯曼#乒乓球混双,体育,2911929609500535,2025-06-28 23:09:52,"王楚钦, 孙颖莎, 林诗栋, 蒯曼",506,2,3,https://www.douyin.com/video/7521017690782387465
7521053874015391011,u19国青8分惜败加拿大，杨溢还是别上了 #u19国青8分惜败加拿大 #张博源 #郇思楠 #杨溢 #朱正,大史体育,866831445274696,2025-06-29 01:30:28,"u19国青8分惜败加拿大, 张博源, 郇思楠, 杨溢, 朱正",105,76,0,https://www.douyin.com/video/7521053874015391011
7520956711130238254,要笑，就大声点#王楚钦#孙颖莎#梁靖崑#乒乓球#莎头,体育,2911929609500535,2025-06-28 19:13:20,"王楚钦, 孙颖莎, 梁靖崑, 乒乓球, 莎头",235,17,8,https://www.douyin.com/video/7520956711130238254
7520914129725689126,妹宝马一条毛巾，不会累着#王楚钦#孙颖莎#乒乓球#5114,体育,2911929609500535,2025-06-28 16:28:02,"王楚钦, 孙颖莎, 乒乓球, 5114",508,11,8,https://www.douyin.com/video/7520914129725689126
7521380194030275886,头哥：还是不能现场生……#王楚钦#孙颖莎#乒乓球#混双#莎头,体育,2911929609500535,2025-06-29 22:36:38,"王楚钦, 孙颖莎, 乒乓球, 混双, 莎头",69,7,3,https://www.douyin.com/video/7521380194030275886
7520947533783747867,网友：喊话方博，锥伊藤？#王楚钦#方博#孙颖莎#乒乓球#5114,体育,2911929609500535,2025-06-28 18:37:41,"王楚钦, 方博, 孙颖莎, 乒乓球, 5114",72,4,9,https://www.douyin.com/video/7520947533783747867
7521012756070583612,中国后卫靠规划和hun xue w#冯傲#朱正#u19男篮世界杯,大老师说体育,2656042276107038,2025-06-28 22:50:43,"冯傲, 朱正, u19男篮世界杯",563,387,14,https://www.douyin.com/video/7521012756070583612
7520994302214835492,这是业余球员？盐城队童心真冷静，晃倒防守人+门将焊在原地射门 这是业余球员？盐城队童心真冷静，晃倒防守人+门将焊在原地射门#苏超,罗掌柜体育,61061935728,2025-06-28 21:39:49,苏超,375,51,36,https://www.douyin.com/video/7520994302214835492
7520618594359905595,18岁的樊振东究竟有多猛？#瓜子二手车,爱玩卡特（体育）,3930120967687040,2025-06-27 21:21:10,瓜子二手车,1911,179,32,https://www.douyin.com/video/7520618594359905595
7520916820594560282,2014世界杯，阿根廷vs尼日利亚，梅西梅开二度并且奉献任意球破门！#梅西#阿根廷#世界杯#足球#唯有足球不可辜负,俊瑶战袍【斯兰体育】,4464443936744189,2025-06-28 16:38:30,"梅西, 阿根廷, 世界杯, 足球, 唯有足球不可辜负",567,59,13,https://www.douyin.com/video/7520916820594560282
7521336365604179227,尹子豪！800米决赛！1分49秒07！#尹子豪 #u18田径锦标赛 #800米 #决赛 #pb @Run🥱,OK看体育,7500202289166091323,2025-06-29 19:46:30,"尹子豪, u18田径锦标赛, 800米, 决赛, pb",2436,161,936,https://www.douyin.com/video/7521336365604179227
7521311829470104872,这年轻人 #中国男篮,腾讯视频体育,4037841504176765,2025-06-29 18:11:40,,2977,153,186,https://www.douyin.com/video/7521311829470104872
7521200900837362984,登贝莱：梅哥，再爱你一次！ #世俱杯 #迈阿密国际vs巴黎圣日耳曼 #梅西 #登贝莱 #足球的魅力,渡哥体育视界,3147231568335929,2025-06-29 11:01:24,"世俱杯, 迈阿密国际vs巴黎圣日耳曼, 梅西, 登贝莱, 足球的魅力",380,77,47,https://www.douyin.com/video/7521200900837362984
7521304145618406690,这支法国历史最强？#足球#姆巴佩,康说体育,4435895754165196,2025-06-29 17:41:30,"足球, 姆巴佩",469,579,55,https://www.douyin.com/video/7521304145618406690
7520719037563751695,【全程】开拓者介绍新秀发布会 杨瀚森：喜欢睡觉吃打游戏 #杨瀚森  #NBA  #开拓者,腾讯视频体育,4037841504176765,2025-06-28 03:52:30,"杨瀚森, NBA, 开拓者",157269,6033,18123,https://www.douyin.com/video/7520719037563751695
7520981057983270153,面对裁判的故意误判➕观众恶意起哄，孙颖莎和王楚钦彻底被激怒！ #王楚钦 #孙颖莎 #乒乓球 #莎头组合,小白体育菌,71999633864,2025-06-28 20:47:43,"王楚钦, 孙颖莎, 乒乓球, 莎头组合",1011,27,26,https://www.douyin.com/video/7520981057983270153
7520998625288260904,U19男篮世界杯，中国72-80不敌加拿大无缘开门红。 朱正19分，张博源20分，陈家政16分，郇斯楠6分8封盖#中国男篮,腾讯视频体育,4037841504176765,2025-06-28 21:56:50,,4838,580,716,https://www.douyin.com/video/7520998625288260904
7520844263760874792,K汤普森百米狂飙9秒75 成为五虎之下第一人 #100米 #博尔特,博特说体育,1873204738274781,2025-06-28 11:57:19,"100米, 博尔特",2399,261,338,https://www.douyin.com/video/7520844263760874792
7521531465608203554,张本智和跪地反手反拉，时隔半年再夺WTT男单冠军。#张本智和跪地反手反拉 #张本智和时隔半年再夺WTT男单冠军 #张本智和 #乒乓球,咪咕体育,106882168415,2025-06-30 08:23:58,"张本智和跪地反手反拉, 张本智和时隔半年再夺WTT男单冠军, 张本智和, 乒乓球",221,11,18,https://www.douyin.com/video/7521531465608203554
7520560830116826411,C罗是欧洲之王吗？刘建宏、黄健翔、张路、杨毅 全不同意😄#C罗#世俱杯#唯有足球不可辜负,体育生,3274758095124543,2025-06-27 17:37:06,"c罗, 世俱杯, 唯有足球不可辜负",135,351,14,https://www.douyin.com/video/7520560830116826411
7520818399262330139,🤣杨瀚森幽默逗笑全场：争取下次发布会能踢掉翻译 #NBA #篮球 #杨瀚森 #中国篮球 #开拓者,雷速体育,78523859591,2025-06-28 10:16:44,"NBA, 篮球, 杨瀚森, 中国篮球, 开拓者",262,9,4,https://www.douyin.com/video/7520818399262330139
7520631377512140090,这就是顶尖职业选手的压迫感，张泰艺线下粉丝见面会。#台球 #张泰艺,三友体育,1168131570011980,2025-06-27 22:10:46,"台球, 张泰艺",665,7,109,https://www.douyin.com/video/7520631377512140090
7520992347665091875,国家队单打最强的一个！加上发球张博源连得8分 #中国男篮,腾讯视频体育,4037841504176765,2025-06-28 21:32:09,,2445,57,77,https://www.douyin.com/video/7520992347665091875
7520837224566689082,牙买加田径锦标赛男子百米决赛，汤普森9秒75登顶历史第六#田径,DS体育🥇,2974616563232379,2025-06-28 11:29:36,田径,272,21,33,https://www.douyin.com/video/7520837224566689082
7521365732576283938,#苏超 #最快进球 苏州队寇程 奖励自己一包番茄味薯片,江苏体育休闲频道,92558291822,2025-06-29 21:41:13,,9205,1431,840,https://www.douyin.com/video/7521365732576283938
7520809983827873082,体育生所有专业分析！ 听我一口气讲完所有体育生专业！#高考 #大学 #大学专业 #北体方 #志愿报考,北体方方（全国体育志愿填报）,77719066086,2025-06-28 09:43:52,"高考, 大学, 大学专业, 北体方, 志愿报考",3317,276,2015,https://www.douyin.com/video/7520809983827873082
7521311829470104872,这年轻人 #中国男篮,腾讯视频体育,4037841504176765,2025-06-29 18:11:40,,2977,153,186,https://www.douyin.com/video/7521311829470104872
7520476515860057398,揭秘开拓者选中杨瀚森始末！总经理：超过16顺位，我也没把握 #杨瀚森 #开拓者 #NBA #NBA选秀大会 #篮球,一个体育黑,92400964426,2025-06-27 12:10:13,"杨瀚森, 开拓者, NBA, NBA选秀大会, 篮球",1907,153,68,https://www.douyin.com/video/7520476515860057398
7521127798010826022,又是天气原因！本菲卡vs切尔西的比赛中断，距离常规时间结束只差5分钟！#本菲卡vs切尔西比赛暂停 #本菲卡vs切尔西 #2025世俱杯 #我的主队要你好看 #dou来世俱杯,咪咕体育,106882168415,2025-06-29 06:18:02,"本菲卡vs切尔西比赛暂停, 本菲卡vs切尔西, 2025世俱杯, 我的主队要你好看, dou来世俱杯",1261,367,338,https://www.douyin.com/video/7521127798010826022
7521461385076690191,交易来了！塞克斯顿和努尔基奇互换东家。犹他爵士队将用塞克斯顿和2031年第二轮选秀权，从夏洛特黄蜂队换来了努尔基奇。#塞克斯顿和努尔基奇互换东家 #爵士黄蜂交易,大虞体育,365492344729307,2025-06-30 03:52:17,"塞克斯顿和努尔基奇互换东家, 爵士黄蜂交易",1053,112,185,https://www.douyin.com/video/7521461385076690191
7520611499530898703,谁来了都一样，伊万科维奇正式下课！#国足 #伊万科维奇,857体育赛事直播平台,3035113881349576,2025-06-27 20:54:22,"国足, 伊万科维奇",581,183,40,https://www.douyin.com/video/7520611499530898703
7521163723890232634,阿韦罗的雷人言论已经到精神错乱 #dou是球评人 #球神梅西#阿根廷#世界杯#世界杯冠军,范巴斯滕说体育,105495492656,2025-06-29 08:36:34,"dou是球评人, 球神梅西, 阿根廷, 世界杯, 世界杯冠军",273,157,11,https://www.douyin.com/video/7521163723890232634
7520860560909552939,#世俱杯 #本菲卡 #切尔西 #博塔弗戈,堡哥体育频道（云上新郑）,4399564567366458,2025-06-28 13:00:25,"世俱杯, 本菲卡, 切尔西, 博塔弗戈",660,41,6,https://www.douyin.com/video/7520860560909552939
7520451031474523438,1980-2025 NBA选秀大会历届状元合集 #NBA #詹姆斯 #欧文 #锡安,腾讯视频体育,4037841504176765,2025-06-27 19:30:00,"NBA, 詹姆斯, 欧文, 锡安",27319,744,3897,https://www.douyin.com/video/7520451031474523438
7521340864380259635,于佳琪！800米决赛！2分7秒82！#于佳琪 #u18田径锦标赛 #800米 #决赛 #比赛现场 @宫向阳💫,OK看体育,7500202289166091323,2025-06-29 20:03:58,"于佳琪, u18田径锦标赛, 800米, 决赛, 比赛现场",35,8,23,https://www.douyin.com/video/7521340864380259635
7520932604230192436,世俱杯淘汰赛开始！谁是主角？谁又是弃子呢？#世俱杯 #本菲卡vs切尔西 #足球分析 #足球 #黄嘉密探,台海网体育,681352619377492,2025-06-28 17:39:43,"世俱杯, 本菲卡vs切尔西, 足球分析, 足球, 黄嘉密探",151,16,11,https://www.douyin.com/video/7520932604230192436
7520646152027786538,陈梦的时代 她是孤独的奥运冠军，东京和巴黎就是她的时代 #体育 #国乒 #奥运冠军 #陈梦#乒乓球,天河话体育,3985071049285661,2025-06-27 23:08:07,"体育, 国乒, 奥运冠军, 陈梦, 乒乓球",189,20,1,https://www.douyin.com/video/7520646152027786538
7520854536606534951,开拓者为何会用16号签选杨翰森 #杨翰森 #开拓者,雨哥说体育,2718416794825940,2025-06-28 12:36:49,"杨翰森, 开拓者",1875,433,37,https://www.douyin.com/video/7520854536606534951
7520991790980156706,这是不想吃醋了？胡书铭外围超级世界波破门，盐城队1-0领先镇江队！#苏超,新爱体育,102537639004,2025-06-28 21:30:06,苏超,9124,1325,1149,https://www.douyin.com/video/7520991790980156706
7520821549348195635,林高远落选横滨冠军赛，教练组下的哪步棋？ #林高远 #横滨冠军赛 #林高远林诗栋 #林高远加油 #WTT横滨冠军赛,東亮爱体育,4321501288085456,2025-06-28 10:28:50,"林高远, 横滨冠军赛, 林高远林诗栋, 林高远加油, WTT横滨冠军赛",1378,261,55,https://www.douyin.com/video/7520821549348195635
7520836087925935418,起猛了！居然在新疆看到足协杯决赛了？！#喀什杯 #足球 #新疆足球 #上海申花 #山东泰山,新疆广播电视台体育健康频道,3315750629544781,2025-06-28 11:25:10,"喀什杯, 足球, 新疆足球, 上海申花, 山东泰山",285,22,15,https://www.douyin.com/video/7520836087925935418
7520916820594560282,2014世界杯，阿根廷vs尼日利亚，梅西梅开二度并且奉献任意球破门！#梅西#阿根廷#世界杯#足球#唯有足球不可辜负,俊瑶战袍【斯兰体育】,4464443936744189,2025-06-28 16:38:30,"梅西, 阿根廷, 世界杯, 足球, 唯有足球不可辜负",567,59,13,https://www.douyin.com/video/7520916820594560282
7520992347665091875,国家队单打最强的一个！加上发球张博源连得8分 #中国男篮,腾讯视频体育,4037841504176765,2025-06-28 21:32:09,,2445,57,77,https://www.douyin.com/video/7520992347665091875
7521353609171406090,#tt广州演唱会 大型邪教现场  tt：王荡啦,巨湾体育10号,98870099095,2025-06-29 20:53:23,tt广州演唱会,330,26,436,https://www.douyin.com/video/7521353609171406090
7520999348805848370,上训和下训紧张🆚松弛感#王楚钦#孙颖莎#乒乓球#莎头,体育,2911929609500535,2025-06-28 21:58:43,"王楚钦, 孙颖莎, 乒乓球, 莎头",910,7,11,https://www.douyin.com/video/7520999348805848370
7520998625288260904,U19男篮世界杯，中国72-80不敌加拿大无缘开门红。 朱正19分，张博源20分，陈家政16分，郇斯楠6分8封盖#中国男篮,腾讯视频体育,4037841504176765,2025-06-28 21:56:50,,4838,580,716,https://www.douyin.com/video/7520998625288260904
7521184004335226166,孙颖莎许昕叔侄巅峰对决，一帮大老爷们商量怎么打一个小女孩 国乒性别大战 #孙颖莎 #许昕 #国乒性别大战 #乒乓球  #比赛,幺幺幺体育,2030148903778596,2025-06-29 09:55:30,"孙颖莎, 许昕, 国乒性别大战, 乒乓球, 比赛",19166,210,405,https://www.douyin.com/video/7521184004335226166
7520932604230192436,世俱杯淘汰赛开始！谁是主角？谁又是弃子呢？#世俱杯 #本菲卡vs切尔西 #足球分析 #足球 #黄嘉密探,台海网体育,681352619377492,2025-06-28 17:39:43,"世俱杯, 本菲卡vs切尔西, 足球分析, 足球, 黄嘉密探",151,16,11,https://www.douyin.com/video/7520932604230192436
7520646152027786538,陈梦的时代 她是孤独的奥运冠军，东京和巴黎就是她的时代 #体育 #国乒 #奥运冠军 #陈梦#乒乓球,天河话体育,3985071049285661,2025-06-27 23:08:07,"体育, 国乒, 奥运冠军, 陈梦, 乒乓球",189,20,1,https://www.douyin.com/video/7520646152027786538
7520854536606534951,开拓者为何会用16号签选杨翰森 #杨翰森 #开拓者,雨哥说体育,2718416794825940,2025-06-28 12:36:49,"杨翰森, 开拓者",1875,433,37,https://www.douyin.com/video/7520854536606534951
7520836087925935418,起猛了！居然在新疆看到足协杯决赛了？！#喀什杯 #足球 #新疆足球 #上海申花 #山东泰山,新疆广播电视台体育健康频道,3315750629544781,2025-06-28 11:25:10,"喀什杯, 足球, 新疆足球, 上海申花, 山东泰山",285,22,15,https://www.douyin.com/video/7520836087925935418
7521353609171406090,#tt广州演唱会 大型邪教现场  tt：王荡啦,巨湾体育10号,98870099095,2025-06-29 20:53:23,tt广州演唱会,330,26,436,https://www.douyin.com/video/7521353609171406090
7520999348805848370,上训和下训紧张🆚松弛感#王楚钦#孙颖莎#乒乓球#莎头,体育,2911929609500535,2025-06-28 21:58:43,"王楚钦, 孙颖莎, 乒乓球, 莎头",910,7,11,https://www.douyin.com/video/7520999348805848370
7521340864380259635,于佳琪！800米决赛！2分7秒82！#于佳琪 #u18田径锦标赛 #800米 #决赛 #比赛现场 @宫向阳💫,OK看体育,7500202289166091323,2025-06-29 20:03:58,"于佳琪, u18田径锦标赛, 800米, 决赛, 比赛现场",35,8,23,https://www.douyin.com/video/7521340864380259635
7520715502776585532,笑死我了这三个！#薛珍麒#秦利文#刘屹骑 #台球,猩猩体育,7458700627322340412,2025-06-28 03:37:33,"薛珍麒, 秦利文, 刘屹骑, 台球",759,21,192,https://www.douyin.com/video/7520715502776585532
7520856219666435378,2年4.92亿英镑，一秒钟赚77元！史上赚钱最快的运动员诞生 #C罗 #利雅得胜利 #足球,体育留声机,2309425112548500,2025-06-28 13:13:32,"C罗, 利雅得胜利, 足球",4699,307,2414,https://www.douyin.com/video/7520856219666435378
7520619821042634010,林诗栋：东哥的小迷弟！林诗栋为什么只把樊振东称作偶像 林诗栋：东哥的小迷弟！林诗栋为什么只把樊振东称作偶像#林诗栋 #樊振东 #乒乓球 #国乒 #樊振东林诗栋,大游体育说,3949064447082123,2025-06-27 21:26:23,"林诗栋, 樊振东, 乒乓球, 国乒, 樊振东林诗栋",304,34,2,https://www.douyin.com/video/7520619821042634010
7520821549348195635,林高远落选横滨冠军赛，教练组下的哪步棋？ #林高远 #横滨冠军赛 #林高远林诗栋 #林高远加油 #WTT横滨冠军赛,東亮爱体育,4321501288085456,2025-06-28 10:28:50,"林高远, 横滨冠军赛, 林高远林诗栋, 林高远加油, WTT横滨冠军赛",1378,261,55,https://www.douyin.com/video/7520821549348195635
7520991790980156706,这是不想吃醋了？胡书铭外围超级世界波破门，盐城队1-0领先镇江队！#苏超,新爱体育,102537639004,2025-06-28 21:30:06,苏超,9124,1325,1149,https://www.douyin.com/video/7520991790980156706
7521297607013092654,岁月不饶人 “这是一位差点获得金球奖的门将.”#诺伊尔 #拜仁 #足球,单刀体育⚽️,2370159135953480,2025-06-29 17:16:06,"诺伊尔, 拜仁, 足球",10,0,0,https://www.douyin.com/video/7521297607013092654
7520812355257716020,2025年牙买加田径选拔赛男子百米半决赛，汤普森9秒80#田径,DS体育🥇,2974616563232379,2025-06-28 09:53:07,田径,250,30,20,https://www.douyin.com/video/7520812355257716020
7520972007354240296,张博源快攻暴扣连得4分！中国男篮开场7-2领先加拿大 #中国男篮,腾讯视频体育,4037841504176765,2025-06-28 20:13:07,,847,25,7,https://www.douyin.com/video/7520972007354240296
7521343303561448714,韩庆奥！800米决赛！#韩庆奥 #800米 #决赛#u18田径锦标赛 #比赛现场,OK看体育,7500202289166091323,2025-06-29 20:13:25,"韩庆奥, 800米, 决赛, u18田径锦标赛, 比赛现场",41,10,35,https://www.douyin.com/video/7521343303561448714
7520656067479489826,为了给杨瀚森腾空，开拓者做了这样的事#857体育live,857体育,3412528010893908,2025-06-27 23:47:19,857体育live,1061,30,35,https://www.douyin.com/video/7520656067479489826
7520815722948300075,惹怒孙颖莎，那就送你一个18:0，连解说都无奈了 #孙颖莎 #钱天一 #乒乓球 #比赛 #国乒,幺幺幺体育,2030148903778596,2025-06-28 10:06:26,"孙颖莎, 钱天一, 乒乓球, 比赛, 国乒",2334,136,138,https://www.douyin.com/video/7520815722948300075
7520815671521922367,台球教会了我们很多，唯独没让我们学会“放弃” #台球#体育精神#彭祥伟,体育小白o,2476578932796574,2025-06-28 10:06:10,"台球, 体育精神, 彭祥伟",4337,68,2033,https://www.douyin.com/video/7520815671521922367
7520598776240147772,孙颖莎伸手勾刘诗雯脖子主动拥抱，跟着枣姐上厕所，枣姐摸头杀也很宠莎宝 #孙颖莎 #刘诗雯,飞流体育,1192347131977867,2025-06-27 20:04:16,"孙颖莎, 刘诗雯",2266,20,8,https://www.douyin.com/video/7520598776240147772
7520657469543402810,牙买加世锦赛选拔赛打响，汤普森和赛维尔逆风放水轻松晋级，小将莱维尔成为预赛唯一一位破十的选手，后面会不会是黑马呢？老将尤罕布雷克压线晋级半决赛，欧曼亚拉轻松领跑国内榜单 #田径 #……版本过低，升级后,田径体育🇨🇳,3544456324190328,2025-06-27 23:52:01,"田径, 汤普森, 尤罕布雷克",433,19,14,https://www.douyin.com/video/7520657469543402810
7521232561436724539,期待林诗栋/蒯曼等梯队成长精进… #莎头 #国乒 #黄友政 #林诗栋蒯曼 @抖音体育,体育-逐峰者,3127465755033005,2025-06-29 13:03:40,"莎头, 国乒, 黄友政, 林诗栋蒯曼",614,49,6,https://www.douyin.com/video/7521232561436724539
7520856219666435378,2年4.92亿英镑，一秒钟赚77元！史上赚钱最快的运动员诞生 #C罗 #利雅得胜利 #足球,体育留声机,2309425112548500,2025-06-28 13:13:32,"C罗, 利雅得胜利, 足球",4699,307,2414,https://www.douyin.com/video/7520856219666435378
7521332256326159650,明天凌晨0点，欧冠新王大巴黎对阵梅西领衔的迈阿密国际，王宇认为巴黎肯定会晋级，但不会出现大比分，赢2-3个球差不多！#巴黎圣日耳曼vs迈阿密国际#王宇看好巴黎圣日耳曼#世俱杯豪门盛典,咪咕体育,106882168415,2025-06-29 19:31:02,"巴黎圣日耳曼vs迈阿密国际, 王宇看好巴黎圣日耳曼, 世俱杯豪门盛典",44,0,1,https://www.douyin.com/video/7521332256326159650
7521213442080034089,梅西率队迎战大巴黎，没有惨案，没有剧本 #梅西#巴黎圣日耳曼 #世俱杯 #迈阿密国际 #抖音足球,超哥大话体育,62579301867,2025-06-29 11:49:32,"梅西, 巴黎圣日耳曼, 世俱杯, 迈阿密国际, 抖音足球",1863,689,35,https://www.douyin.com/video/7521213442080034089
7521167925835795752,一波三折 加时赛决胜！切尔西4比1本菲卡晋级八强。#切尔西4比1本菲卡晋级八强 #切尔西4比1本菲卡 #2025世俱杯 #我的主队要你好看,咪咕体育,106882168415,2025-06-29 08:53:37,"切尔西4比1本菲卡晋级八强, 切尔西4比1本菲卡, 2025世俱杯, 我的主队要你好看",550,56,59,https://www.douyin.com/video/7521167925835795752
7520693691192708367,培养一个杨瀚森需要多久？青岛男篮给出的答案是五年！揭秘五年前的那份“杨瀚森培养秘密方案”。#杨瀚森 #NBA #杨瀚森nba选秀 #青岛男篮 #篮球,9981体育,62468911880,2025-06-28 02:12:56,"杨瀚森, nba, 杨瀚森nba选秀, 青岛男篮, 篮球",18600,2120,2317,https://www.douyin.com/video/7520693691192708367
7520815671521922367,台球教会了我们很多，唯独没让我们学会“放弃” #台球#体育精神#彭祥伟,体育小白o,2476578932796574,2025-06-28 10:06:10,"台球, 体育精神, 彭祥伟",4337,68,2033,https://www.douyin.com/video/7520815671521922367
7520857616709471522,杨帆绝对配得上师傅名号，毕生所学打败郑宇伯，送赵汝亮进入决赛 #台球 #中式八球 #杨帆 #郑宇伯 #一杆清台,夕汐体育,3180218563181499,2025-06-28 12:48:58,"台球, 中式八球, 杨帆, 郑宇伯, 一杆清台",2367,20,58,https://www.douyin.com/video/7520857616709471522
7520979996765080832,快下能力太强了！张博源快攻双手爆扣 #中国男篮,腾讯视频体育,4037841504176765,2025-06-28 20:44:27,,965,41,24,https://www.douyin.com/video/7520979996765080832
7520826586845760819,一起来看电子斗蛐蛐！【大巴黎vs迈阿密】 #仅供娱乐切勿当真 #世俱杯#电子斗蛐蛐,鲸奇体育,2157694482121740,2025-06-29 08:00:00,"仅供娱乐切勿当真, 世俱杯, 电子斗蛐蛐",544,120,91,https://www.douyin.com/video/7520826586845760819
7521358438018895146,苏超名场面！花姜敏替补登场1分钟，梅西附体，连续过人完成进球 苏超名场面！花姜敏替补登场1分钟，梅西附体，连续过人完成进球#苏超联赛,罗掌柜体育,61061935728,2025-06-29 21:12:31,苏超联赛,544,53,146,https://www.douyin.com/video/7521358438018895146
7395169499785334067,最孤独的奥运冠军，为中国队拿下唯一一块田径金牌，现场却没人为她呐喊庆祝 #奥运会 #田径,新爱体育,102537639004,2024-07-25 09:00:00,"奥运会, 田径",157877,6991,3806,https://www.douyin.com/video/7395169499785334067
7521370974446964014,u16男子100米决赛！恭喜江苏苗枫林10秒96拿下冠军🏆！#苗枫林 #u16田径锦标赛 #100米#决赛#冠军,OK看体育,7500202289166091323,2025-06-29 22:00:51,"苗枫林, u16田径锦标赛, 100米, 决赛, 冠军",40,13,13,https://www.douyin.com/video/7521370974446964014
7521336031258348842,U19男篮世界杯，中国U19男篮66-90不敌德国。 朱正12分#中国男篮,腾讯视频体育,4037841504176765,2025-06-29 19:45:33,,759,100,102,https://www.douyin.com/video/7521336031258348842
7521200329045495079,赵心童世冠之路让老马最奔溃一局，连续不可思议神仙球老马顶不住了#斯诺克 #台球 #赵心童 #丁俊晖,七天体育,685744756374131,2025-06-29 10:58:37,"斯诺克, 台球, 赵心童, 丁俊晖",1276,35,40,https://www.douyin.com/video/7521200329045495079
7520954951401557294,周琦预言“翻车”？曾提醒杨瀚森会被歧视！原来就他被“瞧不起“ #周琦 #篮球 #体育运动 #抖音体育 #杨瀚森,风息体育,3065908575865693,2025-06-28 19:06:49,"周琦, 篮球, 体育运动, 抖音体育, 杨瀚森",462,188,20,https://www.douyin.com/video/7520954951401557294
7521404512054152488,恩怨之战！梅西率迈阿密国际对战旧主大巴黎，他能帮助球队打入一球么？#世俱杯 #迈阿密国际 #大巴黎 #梅西,新爱体育,102537639004,2025-06-30 00:11:35,"世俱杯, 迈阿密国际, 大巴黎, 梅西",4408,897,113,https://www.douyin.com/video/7521404512054152488
7520882537837694268,看到林威落选，才知道孙悦当年有多强 #中国男篮#林威 #孙悦 #NBA,九爷体育,62354918633,2025-06-28 14:25:24,"中国男篮, 孙悦, nba",1230,351,67,https://www.douyin.com/video/7520882537837694268
7520993894545247498,#苏超联赛 #连云港队 #淮安队 #江苏台洪超 @抖音体育 @江苏省城市足球联赛,江苏体育 洪超,111607678850,2025-06-28 21:37:32,"苏超联赛, 连云港队, 淮安队, 江苏台洪超",980,168,17,https://www.douyin.com/video/7520993894545247498
7520979996765080832,快下能力太强了！张博源快攻双手爆扣 #中国男篮,腾讯视频体育,4037841504176765,2025-06-28 20:44:27,,965,41,24,https://www.douyin.com/video/7520979996765080832
7520997478431264000,两脚世界波登顶榜首！胡书铭和替补登场的童心分别远射破门，盐城2比0战胜镇江拿下“盐醋德比”！#盐城队2比0镇江队  #苏超盐哥登顶榜首  #胡书铭世界波  #童心替补登场世界波破门  #盐城队vs镇江,咪咕体育,106882168415,2025-06-28 21:53:07,"苏超盐哥登顶榜首, 胡书铭世界波, 童心替补登场世界波破门, 盐城队vs镇江队",9979,1142,1249,https://www.douyin.com/video/7520997478431264000
7520868695799991593,上赛季英超排名第7的诺丁汉森林，新赛季即将面临双线作战、引援不足外加财务危机，还能有如此优异的表现么？#诺丁汉森林 #英超 #努诺,一脚体育,1009781973192251,2025-06-28 13:31:46,"诺丁汉森林, 英超, 努诺",397,12,7,https://www.douyin.com/video/7520868695799991593
7521127798010826022,又是天气原因！本菲卡vs切尔西的比赛中断，距离常规时间结束只差5分钟！#本菲卡vs切尔西比赛暂停 #本菲卡vs切尔西 #2025世俱杯 #我的主队要你好看 #dou来世俱杯,咪咕体育,106882168415,2025-06-29 06:18:02,"本菲卡vs切尔西比赛暂停, 本菲卡vs切尔西, 2025世俱杯, 我的主队要你好看, dou来世俱杯",1261,367,338,https://www.douyin.com/video/7521127798010826022
7521461385076690191,交易来了！塞克斯顿和努尔基奇互换东家。犹他爵士队将用塞克斯顿和2031年第二轮选秀权，从夏洛特黄蜂队换来了努尔基奇。#塞克斯顿和努尔基奇互换东家 #爵士黄蜂交易,大虞体育,365492344729307,2025-06-30 03:52:17,"塞克斯顿和努尔基奇互换东家, 爵士黄蜂交易",1053,112,185,https://www.douyin.com/video/7521461385076690191
7520534381262310697,吴艳妮谈体育饭圈化：运动员是普通人，谢谢大家的喜欢，但不能恶性循环，会影响我们的正常生活和训练 #吴艳妮 #抵制极端饭圈化,东方体育日报,3715968998841533,2025-06-27 15:54:30,,225,57,6,https://www.douyin.com/video/7520534381262310697
7521194453969800499,6月30日-7月13日！看温网来腾讯！腾讯独家专访郑钦文 #郑钦文 #温网,腾讯视频体育,4037841504176765,2025-06-29 10:36:02,,1441,164,40,https://www.douyin.com/video/7521194453969800499
7521418580894829875,四分钟再丢两球! 巴黎半场4-0迈阿密国际 #巴黎圣日耳曼 #梅西 #迈阿密国际 #世俱杯 #dou来足球季,雷速体育,78523859591,2025-06-30 01:06:06,"巴黎圣日耳曼, 梅西, 迈阿密国际, 世俱杯, dou来足球季",68,14,24,https://www.douyin.com/video/7521418580894829875
7521358744345791784,苏超上座再创新高！苏州队vs扬州队，昆山奥体中心观赛人数达43617人！#苏超 #苏州队 #扬州队,新爱体育,102537639004,2025-06-29 21:14:07,"苏超, 苏州队, 扬州队",6340,884,802,https://www.douyin.com/video/7521358744345791784
7521226711527083305,世俱杯1/8决赛，切尔西4-1击败本菲卡，晋级8强。本场比赛常规时间，迪马利亚上演补时绝平，而在加时赛中本菲卡被切尔西连入3球！值得一提的是，本场比赛第86分钟时因天气原因中断，从开球哨到终场哨，共耗,五星体育,61195101419,2025-06-29 12:41:11,"世俱杯, 切尔西",45,0,4,https://www.douyin.com/video/7521226711527083305
7521332256326159650,明天凌晨0点，欧冠新王大巴黎对阵梅西领衔的迈阿密国际，王宇认为巴黎肯定会晋级，但不会出现大比分，赢2-3个球差不多！#巴黎圣日耳曼vs迈阿密国际#王宇看好巴黎圣日耳曼#世俱杯豪门盛典,咪咕体育,106882168415,2025-06-29 19:31:02,"巴黎圣日耳曼vs迈阿密国际, 王宇看好巴黎圣日耳曼, 世俱杯豪门盛典",44,0,1,https://www.douyin.com/video/7521332256326159650
7521153956505177402,开拓者电台主持人谈杨瀚森被质疑，相信球队高管的眼光 #杨瀚森#开拓者,大史体育,866831445274696,2025-06-29 07:58:40,"杨瀚森, 开拓者",450,67,5,https://www.douyin.com/video/7521153956505177402
7521542807488679218,我全都要！登贝莱赛后换到梅西全套+阿尔巴苏牙球衣 #dou来足球季 #登贝莱 #梅西 #世俱杯 #苏亚雷斯,雷速体育,78523859591,2025-06-30 09:07:46,"dou来足球季, 登贝莱, 梅西, 世俱杯, 苏亚雷斯",147,6,14,https://www.douyin.com/video/7521542807488679218
7521555181977292058,世俱杯变欧冠？八强已出4席，欧洲豪门独占3席 #dou来足球季 #世俱杯 #切尔西 #巴黎圣日耳曼 #拜仁,雷速体育,78523859591,2025-06-30 09:55:51,"dou来足球季, 世俱杯, 切尔西, 巴黎圣日耳曼, 拜仁",643,177,19,https://www.douyin.com/video/7521555181977292058
7521163967822122255,开拓者上大分！你知道的，我们一直都是几十年开拓者球迷 #开拓者 #杨瀚森,腾讯视频体育,4037841504176765,2025-06-29 08:38:02,,720,19,3,https://www.douyin.com/video/7521163967822122255
7521277686078803259,黄蜂鬼才控卫拉梅洛·鲍尔的来时路！ #拉梅洛鲍尔 #朗佐鲍尔 @抖音小助手,篮伯虎体育日记,1854220708349657,2025-06-29 15:58:48,"拉梅洛鲍尔, 朗佐鲍尔",291,31,27,https://www.douyin.com/video/7521277686078803259
7521349898495659298,苏州队2-0领先！王飞快速反击中送助攻，徐睿轻松推射破门！#苏超 #苏州队,新爱体育,102537639004,2025-06-29 20:39:37,"苏超, 苏州队",3824,500,224,https://www.douyin.com/video/7521349898495659298
7520486971770277177,规则不改，这会是最后一届世俱杯吗？ #大田市民vs济州sk #金泉尚武vs全北现代 #帕梅拉斯vs博塔弗戈 #本菲卡vs切尔西 #巴黎圣日耳曼vs迈阿密国际,济南文旅体育频道,372106855456301,2025-06-27 12:50:28,"大田市民vs济州sk, 金泉尚武vs全北现代, 帕梅拉斯vs博塔弗戈, 本菲卡vs切尔西, 巴黎圣日耳曼vs迈阿密国际",132,55,7,https://www.douyin.com/video/7520486971770277177
7521367107230059828,2025全国少年锦标赛男子百米大战 #100米 #田径 #博尔特,博特说体育,1873204738274781,2025-06-29 21:46:21,"100米, 田径, 博尔特",5181,214,743,https://www.douyin.com/video/7521367107230059828
7520794756776004864,教练谈杨瀚森英文水平：他还需要适应 #杨瀚森 #开拓者,腾讯视频体育,4037841504176765,2025-06-28 08:45:11,,3183,107,54,https://www.douyin.com/video/7520794756776004864
7520939345654730035,秦志戬：你们怎么看出马龙乖的？我的白发有一半是他的“功劳”。 #马龙 #秦志戬 #搞笑 #乒乓球 #世界冠军,七味体育,2428185225987246,2025-06-28 18:06:03,"马龙, 秦志戬, 搞笑, 乒乓球, 世界冠军",87,4,1,https://www.douyin.com/video/7520939345654730035
7521555181977292058,世俱杯变欧冠？八强已出4席，欧洲豪门独占3席 #dou来足球季 #世俱杯 #切尔西 #巴黎圣日耳曼 #拜仁,雷速体育,78523859591,2025-06-30 09:55:51,"dou来足球季, 世俱杯, 切尔西, 巴黎圣日耳曼, 拜仁",643,177,19,https://www.douyin.com/video/7521555181977292058
7520483744848760121,专访青岛男篮总经理张北海：为什么只有青岛男篮能培养出杨瀚森？ #杨瀚森 #杨瀚森NBA选秀 #NBA选秀 #青岛男篮 #开拓者,青岛体育记,3043881458351448,2025-06-27 12:37:56,"杨瀚森, 杨瀚森nba选秀, nba选秀, 青岛男篮, 开拓者",6858,836,813,https://www.douyin.com/video/7520483744848760121
7520826586845760819,一起来看电子斗蛐蛐！【大巴黎vs迈阿密】 #仅供娱乐切勿当真 #世俱杯#电子斗蛐蛐,鲸奇体育,2157694482121740,2025-06-29 08:00:00,"仅供娱乐切勿当真, 世俱杯, 电子斗蛐蛐",544,120,91,https://www.douyin.com/video/7520826586845760819
7521315518343662848,都是朱正助攻 #中国男篮,腾讯视频体育,4037841504176765,2025-06-29 18:26:05,,947,55,11,https://www.douyin.com/video/7521315518343662848
7520888219186056474,斯诺克防守神局，丁俊晖携手塞尔比，至今也无人可以超越！ #台球 #斯诺克 #丁俊晖 #塞尔比,遥望体育,3081249371992907,2025-06-28 14:47:41,"台球, 斯诺克, 丁俊晖, 塞尔比",10491,394,691,https://www.douyin.com/video/7520888219186056474
7521315304518225209,一剪到底｜2018年世界羽联年终总决赛石宇奇vs桃田贤斗， 石头化身“世一劈”，直接杀穿巅峰桃田！#羽毛球 #体育精神 #石宇奇 #桃田贤斗 #冠军,体育星光,96842941112,2025-06-29 18:24:46,"羽毛球, 体育精神, 石宇奇, 桃田贤斗, 冠军",8038,210,486,https://www.douyin.com/video/7521315304518225209
7520972860672740618,不是张本智和！他才是国乒男队真正的对手，国乒有谁能与他抗衡 不是张本智和！他才是国乒男队真正的对手，国乒有谁能与他抗衡#国乒 #雨果 #乒乓球 #王楚钦 #林诗栋,大游体育说,3949064447082123,2025-06-28 20:16:16,"国乒, 雨果, 乒乓球, 王楚钦, 林诗栋",168,49,4,https://www.douyin.com/video/7520972860672740618
7520909615946075433,弗兰克&米特里策vs 奥古斯托&比埃拉。中超又见外援2v5#中超联赛 #奥古斯托 #比埃拉 #北京国安,天天体育,1486185840772663,2025-06-28 16:10:33,"中超联赛, 奥古斯托, 比埃拉, 北京国安",336,42,27,https://www.douyin.com/video/7520909615946075433
7520646152027786538,陈梦的时代 她是孤独的奥运冠军，东京和巴黎就是她的时代 #体育 #国乒 #奥运冠军 #陈梦#乒乓球,天河话体育,3985071049285661,2025-06-27 23:08:07,"体育, 国乒, 奥运冠军, 陈梦, 乒乓球",189,20,1,https://www.douyin.com/video/7520646152027786538
7520923057859349812,国乒“叔侄组合”到底有多强悍?王楚饮气得直跺脚 #许昕 #孙颖莎 #王楚钦 #王曼昱,体育大视野,3623611274640798,2025-06-28 17:02:56,"许昕, 孙颖莎, 王楚钦, 王曼昱",60,3,1,https://www.douyin.com/video/7520923057859349812
7521265606001298731,宗赞用一场场表现证明了自己还是那个“野球第一身价”！ #浙超联赛#浙超#胄道#宗赞#野球 @ZZ宗赞,京运体育,106267136640,2025-06-29 15:11:57,"浙超联赛, 浙超, 胄道, 宗赞, 野球",620,57,71,https://www.douyin.com/video/7521265606001298731
7521254071769025828,王浩西渴望激励更多中国冰球少年 大幅刷新NHL选秀大会中国运动员最高顺位纪录后，王浩西希望自己能激励更多中国的冰球少年，期待有一天他自己的纪录再被刷新。#NHL  #冰球  #王浩西,五星体育,61195101419,2025-06-29 14:27:25,"NHL, 冰球, 王浩西",121,5,21,https://www.douyin.com/video/7521254071769025828
7521326655097326863,年轻人抗造啊！孙雨轩看好年龄架构偏小的切尔西晋级四强！#帕尔梅拉斯vs切尔西  #孙雨轩看好年轻的切尔西晋级四强  #世俱杯豪门盛典 #2025世俱杯 #Dou来世俱杯,咪咕体育,106882168415,2025-06-29 19:10:10,"帕尔梅拉斯vs切尔西, 孙雨轩看好年轻的切尔西晋级四强, 世俱杯豪门盛典, 2025世俱杯, Dou来世俱杯",63,1,0,https://www.douyin.com/video/7521326655097326863
7521145486344211770,七号逗鱼饼##申裕斌#周启豪,@五环体育,100008669890,2025-06-29 07:25:53,"申裕斌, 周启豪",698,30,31,https://www.douyin.com/video/7521145486344211770
7521098159180041499,裁判为吕迪格做出“反种族歧视”的手势！若事件严重裁判可直接终止比赛判对方负！#足球 #体育 #反种族歧视手势 #吕迪格被歧视,OD体育集y,2493338262714067,2025-06-29 04:22:53,"足球, 体育, 吕迪格被歧视",725,26,20,https://www.douyin.com/video/7521098159180041499
7520638637324635419,护身符唐卡#王楚钦#孙颖莎#乒乓球,体育,2911929609500535,2025-06-27 22:39:03,"王楚钦, 孙颖莎, 乒乓球",467,5,4,https://www.douyin.com/video/7520638637324635419
7520848132578610432,39岁的弗雷泽10秒91成功拿到东京世锦赛门票 #100米 #弗雷泽,博特说体育,1873204738274781,2025-06-28 12:12:13,"100米, 弗雷泽",868,94,78,https://www.douyin.com/video/7520848132578610432
7520836087925935418,起猛了！居然在新疆看到足协杯决赛了？！#喀什杯 #足球 #新疆足球 #上海申花 #山东泰山,新疆广播电视台体育健康频道,3315750629544781,2025-06-28 11:25:10,"喀什杯, 足球, 新疆足球, 上海申花, 山东泰山",285,22,15,https://www.douyin.com/video/7520836087925935418
7520562733171985702,孙颖莎，乒乓球就是全部梦想 #乒乓球 #冠军 #孙颖莎,体育速递,2846013674489628,2025-06-27 17:44:36,"乒乓球, 冠军, 孙颖莎",1172,34,11,https://www.douyin.com/video/7520562733171985702
7520704756730318115,什么时候意识到能打职业？ 杨瀚森：15岁的时候 #NBA #杨瀚森,腾讯视频体育,4037841504176765,2025-06-28 02:56:50,"NBA, 杨瀚森",9760,375,1293,https://www.douyin.com/video/7520704756730318115
7521022512692596022,聊聊#世俱杯  #巴黎圣日耳曼  #迈阿密国际  #弗拉门戈  #拜仁慕尼黑,堡哥体育频道（云上新郑）,4399564567366458,2025-06-28 23:29:23,"世俱杯, 巴黎圣日耳曼, 迈阿密国际, 弗拉门戈, 拜仁慕尼黑",717,60,15,https://www.douyin.com/video/7521022512692596022
7521016396744428840,新泻天鹅VS町田泽维亚、东京绿茵VS川崎前锋、首尔FCVS浦项制铁、AIK索尔纳VSIFK哥德堡、代格福什VS布鲁马波卡纳、海于格松VS克里斯蒂安松、韦纳穆VS埃尔夫斯堡、赫根VS……版本过低，升级后,全体育杂志,1236313097638728,2025-06-28 23:04:56,"新泻天鹅vs町田泽维亚, 东京绿茵vs川崎前锋, 首尔fcvs浦项制铁, 巴黎圣日尔曼vs迈阿密国际, 东京绿茵vs川崎前锋",622,54,38,https://www.douyin.com/video/7521016396744428840
7520702289615588623,杨瀚森：我喜欢睡觉打游戏吃美食 #杨瀚森 #开拓者 #NBA,腾讯视频体育,4037841504176765,2025-06-28 02:47:01,,2814,96,309,https://www.douyin.com/video/7520702289615588623
7520526685544959284,丁俊晖反转最多抢黑，全程高能唏嘘不止，被气到当场胡乱抡球杆！ #斯诺克 #台球 #丁俊晖 #奥沙利文,亿观体育,1920215552364759,2025-06-27 15:24:39,"斯诺克, 台球, 丁俊晖, 奥沙利文",596,34,54,https://www.douyin.com/video/7520526685544959284
7521002340401925415,盐城铁军势不可挡封顶积分榜榜首，巨大的tifo，整齐划一的加油，苏超氛围太好了#苏超,晓清体育,3004296714788588,2025-06-28 22:10:18,苏超,335,18,33,https://www.douyin.com/video/7521002340401925415
7521555181977292058,世俱杯变欧冠？八强已出4席，欧洲豪门独占3席 #dou来足球季 #世俱杯 #切尔西 #巴黎圣日耳曼 #拜仁,雷速体育,78523859591,2025-06-30 09:55:51,"dou来足球季, 世俱杯, 切尔西, 巴黎圣日耳曼, 拜仁",644,177,19,https://www.douyin.com/video/7521555181977292058
7521186347697818939,美国最强高中生800米1分45秒的400米和200米训练，跑姿极具观赏性！#中长跑 #田径 #运动 #训练 #跑姿欣赏,DS体育🥇,2974616563232379,2025-06-29 10:04:20,"中长跑, 田径, 运动, 训练, 跑姿欣赏",275,14,7,https://www.douyin.com/video/7521186347697818939
7521542807488679218,我全都要！登贝莱赛后换到梅西全套+阿尔巴苏牙球衣 #dou来足球季 #登贝莱 #梅西 #世俱杯 #苏亚雷斯,雷速体育,78523859591,2025-06-30 09:07:46,"dou来足球季, 登贝莱, 梅西, 世俱杯, 苏亚雷斯",147,6,14,https://www.douyin.com/video/7521542807488679218
7521028958180592937,两广之战！65公斤银牌选手脚叉技术终结比赛！#国际式摔跤 #全运会 #摔跤,塞瀚体育（青吉如木）🇨🇳,75584001034,2025-06-28 23:53:41,"国际式摔跤, 全运会, 摔跤",905,186,88,https://www.douyin.com/video/7521028958180592937
7520566820236791055,“球要一直踢，喜欢的人要一直追”#女足 #关注体育 #中林女足 #FSL8人制联赛 #韦世豪,关注体育,861659392115486,2025-06-27 18:00:19,"女足, 关注体育, 中林女足, fsl8人制联赛, 韦世豪",6260,126,1749,https://www.douyin.com/video/7520566820236791055
7521194263376416026,开拓者官方发布：杨瀚森波特兰首日生活Vlog #杨瀚森 #开拓者,腾讯视频体育,4037841504176765,2025-06-29 10:35:20,,1520,34,47,https://www.douyin.com/video/7521194263376416026
7521288186506612014,两只过安检，可萌#王楚钦#孙颖莎#乒乓球#莎头,体育,2911929609500535,2025-06-29 16:39:35,"王楚钦, 孙颖莎, 乒乓球, 莎头",820,47,57,https://www.douyin.com/video/7521288186506612014
7520926437962140955,王励勤决策受质疑！孙颖莎赛程被批评太多了#王励勤 #太累了 #孙颖莎 #莎头 #国乒,体育赛事大世界,85845129841,2025-06-28 17:15:49,"王励勤, 太累了, 孙颖莎, 莎头, 国乒",2023,135,21,https://www.douyin.com/video/7520926437962140955
7521298759146409279,HALO又救命了 F2奥地利站冲刺赛出现严重事故，梅格图尼夫与林得布拉德相撞，随后他的赛车失控从布朗宁的车上翻了过去。#赛车  #F2  #F1,五星体育,61195101419,2025-06-29 17:20:51,"赛车, F2, F1",102,2,17,https://www.douyin.com/video/7521298759146409279
7521188163508882724,世俱杯，切尔西淘汰本菲卡，再见迪马利亚 #迪马利亚 #切尔西 #本菲卡 #世俱杯 #足球热点,超哥大话体育,62579301867,2025-06-29 10:11:28,"迪马利亚, 切尔西, 本菲卡, 世俱杯, 足球热点",193,27,3,https://www.douyin.com/video/7521188163508882724
7520564192621923630,一个视频带你来看巅峰时期的许昕是多么的热血和实力！ #世界冠军 #许昕,体育速递,2846013674489628,2025-06-28 17:30:00,"世界冠军, 许昕",190,6,2,https://www.douyin.com/video/7520564192621923630
7521326655097326863,年轻人抗造啊！孙雨轩看好年龄架构偏小的切尔西晋级四强！#帕尔梅拉斯vs切尔西  #孙雨轩看好年轻的切尔西晋级四强  #世俱杯豪门盛典 #2025世俱杯 #Dou来世俱杯,咪咕体育,106882168415,2025-06-29 19:10:10,"帕尔梅拉斯vs切尔西, 孙雨轩看好年轻的切尔西晋级四强, 世俱杯豪门盛典, 2025世俱杯, Dou来世俱杯",63,1,0,https://www.douyin.com/video/7521326655097326863
7521328174938262793,陈泽龙！u18男子800米决赛第二组！#陈泽龙 #u18田径锦标赛 #800米 #决赛 #比赛现场 @陈泽龙（师承宫向阳）,OK看体育,7500202289166091323,2025-06-29 19:14:45,"陈泽龙, u18田径锦标赛, 800米, 决赛, 比赛现场",1506,72,167,https://www.douyin.com/video/7521328174938262793
7521186347697818939,美国最强高中生800米1分45秒的400米和200米训练，跑姿极具观赏性！#中长跑 #田径 #运动 #训练 #跑姿欣赏,DS体育🥇,2974616563232379,2025-06-29 10:04:20,"中长跑, 田径, 运动, 训练, 跑姿欣赏",275,14,7,https://www.douyin.com/video/7521186347697818939
7521359562910338340,又一支冠军队伍产生！ 恭喜练市镇荣获2025湖州市第二届“百镇千村万人”篮球联赛总冠军！#百镇千村#在湖州看见美丽中国 #村ba,京运体育,106267136640,2025-06-29 21:16:32,"百镇千村, 在湖州看见美丽中国, 村ba",80,24,64,https://www.douyin.com/video/7521359562910338340
7520983746087111990,孙颖莎史上最惊心动魄一战，比过山车还刺激，场下教练差点看哭了,说说体育,1458412403040697,2025-06-29 06:56:00,,1015,55,22,https://www.douyin.com/video/7520983746087111990
7521013849169628475,女篮当不了核心#李梦 #女篮 #中国女篮,大老师说体育,2656042276107038,2025-06-28 22:54:59,"李梦, 女篮, 中国女篮",388,437,7,https://www.douyin.com/video/7521013849169628475
7520982198485650746,犀利的进攻，让现场记者都情不自禁！#喀什杯 #足球 #新疆足球,新疆广播电视台体育健康频道,3315750629544781,2025-06-28 20:52:08,"喀什杯, 足球, 新疆足球",91,10,3,https://www.douyin.com/video/7520982198485650746
7520934963902958899,19岁的张本智和独砍两分，王楚钦力挽狂澜，击碎日乒美梦 #王楚钦 #张本智和 #世乒赛 #樊振东 #乒乓球,山丘体育,64628630963,2025-06-28 17:49:00,"王楚钦, 张本智和, 世乒赛, 樊振东, 乒乓球",1031,140,46,https://www.douyin.com/video/7520934963902958899
7520993894545247498,#苏超联赛 #连云港队 #淮安队 #江苏台洪超 @抖音体育 @江苏省城市足球联赛,江苏体育 洪超,111607678850,2025-06-28 21:37:32,"苏超联赛, 连云港队, 淮安队, 江苏台洪超",980,168,17,https://www.douyin.com/video/7520993894545247498
7520859028067568923,鲁尔邓7200万美金 成就非洲男篮50年巅峰#鲁尔邓#南苏丹 ,体育天天看,106872136598,2025-06-28 12:54:22,,85,27,1,https://www.douyin.com/video/7520859028067568923
7521361033392082214,u18男子100米决赛！恭喜广东叶涛涛10秒42拿下冠军🏆！#叶涛涛 #u18田径锦标赛 #100米 #决赛 #比赛现场,OK看体育,7500202289166091323,2025-06-29 21:22:13,"叶涛涛, u18田径锦标赛, 100米, 决赛, 比赛现场",39,2,32,https://www.douyin.com/video/7521361033392082214
7520939345654730035,秦志戬：你们怎么看出马龙乖的？我的白发有一半是他的“功劳”。 #马龙 #秦志戬 #搞笑 #乒乓球 #世界冠军,七味体育,2428185225987246,2025-06-28 18:06:03,"马龙, 秦志戬, 搞笑, 乒乓球, 世界冠军",87,4,1,https://www.douyin.com/video/7520939345654730035
7521362701340249387,苏州：快把我从太湖三傻除名！#苏州摊牌了不装了  #苏州3比0扬州  #苏州18岁小将梅开二度  #苏州主场人数已超四万人,咪咕体育,106882168415,2025-06-29 21:29:25,"苏州摊牌了不装了, 苏州3比0扬州, 苏州18岁小将梅开二度, 苏州主场人数已超四万人",1277,110,107,https://www.douyin.com/video/7521362701340249387
7520648229080354084,樊振东的趣事名场面，人人都喜爱的小胖原来是这样，考古岁月如歌 樊振东的人生趣事，考古岁月，小胖这是什么体质啊什么时候看到樊振东的名场面能不笑啊，英语这扇窗算是给他关上了，不是饿了就是在饿了的路上，自带,好强体育,1001027151598532,2025-06-27 23:16:49,,1216,25,26,https://www.douyin.com/video/7520648229080354084
7520924586327641402,门神 无锡队门将姜何的秘密武器 战扬州斗志昂扬#苏超联赛#足球,爱体育的飞飞,86132509535,2025-06-28 17:08:35,"苏超联赛, 足球",109,24,3,https://www.douyin.com/video/7520924586327641402
7521238094420266300,#巴黎圣日耳曼vs迈阿密国际 #弗拉门戈vs拜仁慕尼黑 #新泻天鹅vs町田泽维亚 #东京绿茵vs川崎前锋 #首尔fcvs浦项制铁,996体育圈,1185698616195116,2025-06-29 13:25:12,"巴黎圣日耳曼vs迈阿密国际, 弗拉门戈vs拜仁慕尼黑, 新泻天鹅vs町田泽维亚, 东京绿茵vs川崎前锋, 首尔fcvs浦项制铁",2187,225,172,https://www.douyin.com/video/7521238094420266300
7521034992606399753,新乡太行队再取三分 山河为证，胜势如虹！新乡太行，为城而战！新乡太行客场再取三分，下一场将回到主场新乡天立高中球场，欢迎大家来现场为新乡加油！ #黄冠联赛 #豫冠联赛 #河南足球 ……版本过低，升级后,大橙子体育,63858983716,2025-06-29 00:17:09,"黄冠联赛, 豫冠联赛, 河南足球, 中国足球, 苏超联赛",88,16,19,https://www.douyin.com/video/7521034992606399753
7520911814184996154,南师学子谢乃炯和他的双城记感动大家 一边是书本课堂一边是球场赛场 两边都不耽误 加油为了无锡队为了南师大#苏超联赛#南师大 #足球,爱体育的飞飞,86132509535,2025-06-28 16:19:02,"苏超联赛, 南师大, 足球",142,36,10,https://www.douyin.com/video/7520911814184996154
7520818023336054074,场上那些歪打正着的野生队友,活蹦乱跳的体育老师,111633364822,2025-06-28 10:15:04,,24022,127,1479,https://www.douyin.com/video/7520818023336054074
7521145486344211770,七号逗鱼饼##申裕斌#周启豪,@五环体育,100008669890,2025-06-29 07:25:53,"申裕斌, 周启豪",698,30,31,https://www.douyin.com/video/7521145486344211770
7520486971770277177,规则不改，这会是最后一届世俱杯吗？ #大田市民vs济州sk #金泉尚武vs全北现代 #帕梅拉斯vs博塔弗戈 #本菲卡vs切尔西 #巴黎圣日耳曼vs迈阿密国际,济南文旅体育频道,372106855456301,2025-06-27 12:50:28,"大田市民vs济州sk, 金泉尚武vs全北现代, 帕梅拉斯vs博塔弗戈, 本菲卡vs切尔西, 巴黎圣日耳曼vs迈阿密国际",132,55,7,https://www.douyin.com/video/7520486971770277177
7520500493002001673,中国男篮 中国男篮下一个去nba一定是朱正，都知道他的实力，两年后NBA见#朱正 #中国男篮,kb布莱恩特体育,70823933382512,2025-06-27 13:42:55,"朱正, 中国男篮",18191,5285,647,https://www.douyin.com/video/7520500493002001673
7521288186506612014,两只过安检，可萌#王楚钦#孙颖莎#乒乓球#莎头,体育,2911929609500535,2025-06-29 16:39:35,"王楚钦, 孙颖莎, 乒乓球, 莎头",820,47,57,https://www.douyin.com/video/7521288186506612014
7520808090376834362,世俱杯：本菲卡VS切尔西 #世俱杯 #本菲卡 #切尔西 #本菲卡VS切尔西 #赛事分析,西南体育,3622232840744160,2025-06-28 09:36:33,"世俱杯, 本菲卡, 切尔西, 本菲卡vs切尔西, 赛事分析",451,23,12,https://www.douyin.com/video/7520808090376834362
7520980997095116090,你全力跑能跑多少秒？#钻石联赛#100米决赛 #沃兰迪毒蜂刺2,不会飞的体育生（江门暑假招生）,21543204676,2025-06-28 20:47:28,"钻石联赛, 100米决赛, 沃兰迪毒蜂刺2",1714,120,71,https://www.douyin.com/video/7520980997095116090
7521298759146409279,HALO又救命了 F2奥地利站冲刺赛出现严重事故，梅格图尼夫与林得布拉德相撞，随后他的赛车失控从布朗宁的车上翻了过去。#赛车  #F2  #F1,五星体育,61195101419,2025-06-29 17:20:51,"赛车, F2, F1",102,2,17,https://www.douyin.com/video/7521298759146409279
7521513360928886073,巡回饭撒的压轴嘉宾居然是... 宇桑? 不厌其烦地巡回饭撒，致力于温暖每 一位小球迷 #张本智和,@五环体育,100008669890,2025-06-30 07:13:23,张本智和,827,64,34,https://www.douyin.com/video/7521513360928886073
7520564192621923630,一个视频带你来看巅峰时期的许昕是多么的热血和实力！ #世界冠军 #许昕,体育速递,2846013674489628,2025-06-28 17:30:00,"世界冠军, 许昕",190,6,2,https://www.douyin.com/video/7520564192621923630
7521328174938262793,陈泽龙！u18男子800米决赛第二组！#陈泽龙 #u18田径锦标赛 #800米 #决赛 #比赛现场 @陈泽龙（师承宫向阳）,OK看体育,7500202289166091323,2025-06-29 19:14:45,"陈泽龙, u18田径锦标赛, 800米, 决赛, 比赛现场",1506,72,167,https://www.douyin.com/video/7521328174938262793
7521442904403316009,巴黎4比0迈阿密国际，梅西带队满分 #巴黎圣日耳曼 #迈阿密国际 #足球热点 #抖音足球#唯有足球不可辜负,超哥大话体育,62579301867,2025-06-30 02:40:18,"巴黎圣日耳曼, 迈阿密国际, 足球热点, 抖音足球, 唯有足球不可辜负",1168,518,8,https://www.douyin.com/video/7521442904403316009
7520924586327641402,门神 无锡队门将姜何的秘密武器 战扬州斗志昂扬#苏超联赛#足球,爱体育的飞飞,86132509535,2025-06-28 17:08:35,"苏超联赛, 足球",109,24,3,https://www.douyin.com/video/7520924586327641402
7521359562910338340,又一支冠军队伍产生！ 恭喜练市镇荣获2025湖州市第二届“百镇千村万人”篮球联赛总冠军！#百镇千村#在湖州看见美丽中国 #村ba,京运体育,106267136640,2025-06-29 21:16:32,"百镇千村, 在湖州看见美丽中国, 村ba",80,24,64,https://www.douyin.com/video/7521359562910338340
7520983746087111990,孙颖莎史上最惊心动魄一战，比过山车还刺激，场下教练差点看哭了,说说体育,1458412403040697,2025-06-29 06:56:00,,1015,55,22,https://www.douyin.com/video/7520983746087111990
7521013849169628475,女篮当不了核心#李梦 #女篮 #中国女篮,大老师说体育,2656042276107038,2025-06-28 22:54:59,"李梦, 女篮, 中国女篮",388,437,7,https://www.douyin.com/video/7521013849169628475
7521513355652123967,24-25赛季，哈登出战79场常规赛，场均在35.3分钟的出场时间内，能够得到22.8分5.8篮板8.7助攻1.5抢断，三项命中率分别是41%/35.2%/87.4%，并且在时隔两……版本过低，升级后,腾讯视频体育,4037841504176765,2025-06-30 07:14:21,"NBA, 哈登, 快船",1430,90,198,https://www.douyin.com/video/7521513355652123967
7520982198485650746,犀利的进攻，让现场记者都情不自禁！#喀什杯 #足球 #新疆足球,新疆广播电视台体育健康频道,3315750629544781,2025-06-28 20:52:08,"喀什杯, 足球, 新疆足球",91,10,3,https://www.douyin.com/video/7520982198485650746
7521034992606399753,新乡太行队再取三分 山河为证，胜势如虹！新乡太行，为城而战！新乡太行客场再取三分，下一场将回到主场新乡天立高中球场，欢迎大家来现场为新乡加油！ #黄冠联赛 #豫冠联赛 #河南足球 ……版本过低，升级后,大橙子体育,63858983716,2025-06-29 00:17:09,"黄冠联赛, 豫冠联赛, 河南足球, 中国足球, 苏超联赛",88,16,19,https://www.douyin.com/video/7521034992606399753
7521210987288399163,经过将近两个月的努力，呈现出来的效果，是嘉美茵驻扎场地团队成员努力付出的心血和汗水。#足球 #中超联赛#新鹏城新征程 #足球比赛现场,嘉美茵体育,79974308178,2025-06-29 11:39:58,"足球, 中超联赛, 新鹏城新征程, 足球比赛现场",126,52,6,https://www.douyin.com/video/7521210987288399163
7520919981769493770,丁俊晖记错规则大乌龙，领先七分弃杆认输，裁判：还没结束快回来 #斯诺克 #台球,露露体育,453471469057900,2025-06-28 16:50:53,"斯诺克, 台球",364,14,7,https://www.douyin.com/video/7520919981769493770
7520934963902958899,19岁的张本智和独砍两分，王楚钦力挽狂澜，击碎日乒美梦 #王楚钦 #张本智和 #世乒赛 #樊振东 #乒乓球,山丘体育,64628630963,2025-06-28 17:49:00,"王楚钦, 张本智和, 世乒赛, 樊振东, 乒乓球",1031,140,46,https://www.douyin.com/video/7520934963902958899
7520470546547559734,韩K联：金泉尚武VS全北现代#金泉尚武VS全北现代 #大田市民VS济州SK #格尼斯坦VS图尔库国际 #古比斯VS赫尔辛基,立红体育,100879484782,2025-06-27 11:46:59,"金泉尚武VS全北现代, 大田市民VS济州SK, 格尼斯坦VS图尔库国际, 古比斯VS赫尔辛基",49,26,6,https://www.douyin.com/video/7520470546547559734
7521361033392082214,u18男子100米决赛！恭喜广东叶涛涛10秒42拿下冠军🏆！#叶涛涛 #u18田径锦标赛 #100米 #决赛 #比赛现场,OK看体育,7500202289166091323,2025-06-29 21:22:13,"叶涛涛, u18田径锦标赛, 100米, 决赛, 比赛现场",39,2,32,https://www.douyin.com/video/7521361033392082214
7520582032230010121,当你的教练不懂报考时 #体育生 #志愿填报 #报考志愿,晴哥（体育生训练）,699724111548776,2025-06-27 18:59:20,"体育生, 志愿填报, 报考志愿",1388,19,95,https://www.douyin.com/video/7520582032230010121
7521297056021155087,今日焦点 孰强孰弱？巴甲第一vs德甲第一#世俱杯 #弗拉门戈vs拜仁慕尼黑 #足球,Ai体育局,4336074910349667,2025-06-29 17:14:06,"世俱杯, 弗拉门戈vs拜仁慕尼黑, 足球",98,24,10,https://www.douyin.com/video/7521297056021155087
7521388856098639150,莎莎：我哥的发型都好看#王楚钦#孙颖莎#乒乓球#莎头#混双,体育,2911929609500535,2025-06-29 23:10:15,"王楚钦, 孙颖莎, 乒乓球, 莎头, 混双",123,2,3,https://www.douyin.com/video/7521388856098639150
7520810972496776502,姆巴佩控诉大巴黎对其进行精神骚扰，姆总监真是不容易！ #姆巴佩 #大巴黎 #皇马 #足球热点 #抖音足球,超哥大话体育,62579301867,2025-06-28 09:47:45,"姆巴佩, 大巴黎, 皇马, 足球热点, 抖音足球",667,59,19,https://www.douyin.com/video/7520810972496776502
7521232905796881679,46秒71创历史第二好成绩！揭秘潘展乐最强之敌：天才也遭虐待 #热点 #潘展乐 #波波维奇 #波波维奇46秒71 #游泳,宏堃来评体育啦（冲刺奥运）,74636690118,2025-06-29 13:05:18,"热点, 潘展乐, 波波维奇, 波波维奇46秒71, 游泳",303,37,22,https://www.douyin.com/video/7521232905796881679
7521567734472264998,2年8150万！哈登续约快船合同细节曝光，最后一年部分保障 #哈登 #快船 #伦纳德 #总冠军,温情体育,136814843671236,2025-06-30 10:44:35,"哈登, 快船, 伦纳德, 总冠军",610,19,8,https://www.douyin.com/video/7521567734472264998
7520783870066363674,任何人都可以参加竞选，中国足协将开启全球选帅 #上热门 @DOU+小助手 #足球 #足球的魅力 #国足 #北单,北单体育（通宵）,3527650898349255,2025-06-28 08:02:38,"上热门, 足球, 足球的魅力, 国足, 北单",162,199,24,https://www.douyin.com/video/7520783870066363674
7520985666613890313,#体育精神 #强烈推荐 #热点 #何智丽 #乒乓球 你们怎么看,体育精神,1953208366015916,2025-06-28 21:05:37,"体育精神, 强烈推荐, 热点, 何智丽, 乒乓球",54,18,1,https://www.douyin.com/video/7520985666613890313
7521022402990722331,在2025大地流彩全国和美乡村篮球大赛（村BA）广东省赛冠军争夺战中，佛山南海队在大部分时间落后的情况下，比赛末段反超比分，并通过稳定的罚球，最终锁定胜局，以72比70逆转中山沙溪队，首夺2025全国,广东体育频道,102660993067,2025-06-28 23:28:12,"中山村BA总决赛, 广东省村BA",75,10,14,https://www.douyin.com/video/7521022402990722331
7521294505485864202,#苏超 票难抢 酒店也要下手快！,江苏体育休闲频道,92558291822,2025-06-29 17:04:05,苏超,187,8,3,https://www.douyin.com/video/7521294505485864202
7521151003069795644,韩林：姑奶奶这么做自然有她的道理，她做什么都是正确的#申裕斌#林钟勋,@五环体育,100008669890,2025-06-29 07:47:13,"申裕斌, 林钟勋",1154,39,34,https://www.douyin.com/video/7521151003069795644
7521376094247849257,"46秒71今年最好的100米自由泳成绩！ 大卫.波波维奇创造今年最好100米自由泳成绩，新加坡游泳世锦赛将于潘展乐再次对决！
",Ace体育游泳,110924896191,2025-06-29 22:20:54,,24,5,12,https://www.douyin.com/video/7521376094247849257
7520861309076802850,"几家欢喜几家愁？世俱杯小组赛热门球队新援观察。
#2025世俱杯 #我的主队要你好看 #皇马 #曼城 #切尔西",咪咕体育,106882168415,2025-06-28 13:03:13,"2025世俱杯, 我的主队要你好看, 皇马, 曼城, 切尔西",45,1,5,https://www.douyin.com/video/7520861309076802850
7521001308624555324,“鹿王”踢翻“醋坛子”！ #盐城 3连胜超越南哥重回积分榜榜首！#足球 #体育 #新今体育,新今体育,65652191925,2025-06-28 22:06:18,"盐城, 足球, 体育, 新今体育",105,7,1,https://www.douyin.com/video/7521001308624555324
7521350426369854783,一球成名，哈兰德惨案！ #哈兰德 #世青赛 #抖音精选,黑眼体育,400656587032216,2025-06-29 20:41:30,"哈兰德, 世青赛, 抖音精选",30785,769,2099,https://www.douyin.com/video/7521350426369854783
7521050895020690698,#NHL选秀 #王浩西北美破冰 #17岁北京少年被NHL选中# 6月29日凌晨，北京出生的冰球运动员王浩西，在2025年NHL选秀大会中，以第二轮首位（总第33顺位）被圣何塞鲨鱼队……版本过低，升级后,天天体育,1486185840772663,2025-06-29 01:18:51,"nhl选秀, 王浩西北美破冰, 17岁北京少年被nhl选中",66,16,17,https://www.douyin.com/video/7521050895020690698
7520894408407108922,第二届“喀什杯”国际青少年足球邀请赛现场，山东泰山球迷祝福主队#喀什杯 #足球 #山东泰山,新疆广播电视台体育健康频道,3315750629544781,2025-06-28 15:11:29,"喀什杯, 足球, 山东泰山",109,17,7,https://www.douyin.com/video/7520894408407108922
7521316811948166463,我有预感95集播出要被骂死？。？ 这卡点卡的太难受了吧 再来3分钟就能播完司徒南打朱雀子 非要卡点？。？？？。？ 是下一集没看点吗？ #仙逆 #仙逆动画 #仙逆王林,体育西挖掘机,60199004843,2025-06-29 18:30:40,"仙逆, 仙逆动画, 仙逆王林",298,391,11,https://www.douyin.com/video/7521316811948166463
7520581458512514347,羽球界真正的冬季 接下来的2波涨价，逼退的不仅仅是打不起球的人，小品牌与电商都会面临巨大困难 #赢鹰 #羽毛球 #涨价,赢鹰体育,2489758468552663,2025-06-27 18:57:05,"赢鹰, 羽毛球, 涨价",2103,612,4932,https://www.douyin.com/video/7520581458512514347
7521232494576209212,满血回归！全红婵确认出战7月10日队内测试赛，全力备战澳港运动会#全红蝉#跳水冠军全红蝉#世界冠军 #热点,希望体育,95570959817,2025-06-29 13:03:26,"全红蝉, 跳水冠军全红蝉, 热点",475,83,3,https://www.douyin.com/video/7521232494576209212
7521298759146409279,HALO又救命了 F2奥地利站冲刺赛出现严重事故，梅格图尼夫与林得布拉德相撞，随后他的赛车失控从布朗宁的车上翻了过去。#赛车  #F2  #F1,五星体育,61195101419,2025-06-29 17:20:51,"赛车, F2, F1",102,2,17,https://www.douyin.com/video/7521298759146409279
7520904629308968235,纯本人预测，不是官方信息，具体以最后一分一档投档线为准，无任何不良导向，兄弟们有什么想法可以打在评论区！#唐山筑梦体育 #唐山师范学院 #体育生,张滦龙—唐山筑梦体育,4424861109730919,2025-06-28 15:51:15,"唐山筑梦体育, 唐山师范学院, 体育生",129,42,184,https://www.douyin.com/video/7520904629308968235
7521221565448293659,你的手臂决定你能卧推多少#卧推,张大嘴巴🇨🇳【LOVE体育】,67765727724,2025-06-29 12:21:03,卧推,2007,2745,2733,https://www.douyin.com/video/7521221565448293659
7520566484180225323,#王楚钦孙颖莎#莎头 #体育精神 #混双  无论何时再看 还是会紧张与感动，冠军之路从来都不是坦途，突破和守护更是艰难险阻，从领先被追分，落后到反超，强大的信念与责任感，更是让人感……版本过低，升级后,滴滴哒哒 体育,75349456569,2025-06-27 17:59:01,"王楚钦孙颖莎, 莎头, 体育精神, 混双",8792,333,196,https://www.douyin.com/video/7520566484180225323
7521513360928886073,巡回饭撒的压轴嘉宾居然是... 宇桑? 不厌其烦地巡回饭撒，致力于温暖每 一位小球迷 #张本智和,@五环体育,100008669890,2025-06-30 07:13:23,张本智和,827,64,34,https://www.douyin.com/video/7521513360928886073
7521009547575151931,恭喜广东队获得u18男子4✖️100米冠军🏆！#u18田径锦标赛#广东队#接力#决赛#四乘100米接力,OK看体育,7500202289166091323,2025-06-28 22:38:18,"u18田径锦标赛, 广东队, 接力, 决赛, 四乘100米接力",85,5,37,https://www.douyin.com/video/7521009547575151931
7521280056522591488,这个号码加上这个名字，实在太帅了 #NBA,腾讯视频体育,4037841504176765,2025-06-29 16:08:08,,2913,69,92,https://www.douyin.com/video/7521280056522591488
7521442904403316009,巴黎4比0迈阿密国际，梅西带队满分 #巴黎圣日耳曼 #迈阿密国际 #足球热点 #抖音足球#唯有足球不可辜负,超哥大话体育,62579301867,2025-06-30 02:40:18,"巴黎圣日耳曼, 迈阿密国际, 足球热点, 抖音足球, 唯有足球不可辜负",1168,518,8,https://www.douyin.com/video/7521442904403316009
7520943312925216052,羽毛球拍晒成麻花了 #初动体育 #羽毛球 #羽球人 #羽毛球拍 #羽毛球知识,初动体育蟹蟹,95868746032,2025-06-28 18:21:36,"初动体育, 羽毛球, 羽球人, 羽毛球拍, 羽毛球知识",84,10,377,https://www.douyin.com/video/7520943312925216052
7520934963902958899,19岁的张本智和独砍两分，王楚钦力挽狂澜，击碎日乒美梦 #王楚钦 #张本智和 #世乒赛 #樊振东 #乒乓球,山丘体育,64628630963,2025-06-28 17:49:00,"王楚钦, 张本智和, 世乒赛, 樊振东, 乒乓球",1031,140,46,https://www.douyin.com/video/7520934963902958899
7521369253962943763,图多列破门+乌龙球，下半场绍尔破门、韦世豪点球扳平，武汉三镇2比2战平成都蓉城！#武汉三镇2比2成都蓉城 #中超联赛 #足球,咪咕体育,106882168415,2025-06-29 21:54:35,"中超联赛, 足球",200,26,11,https://www.douyin.com/video/7521369253962943763
7520983746087111990,孙颖莎史上最惊心动魄一战，比过山车还刺激，场下教练差点看哭了,说说体育,1458412403040697,2025-06-29 06:56:00,,1015,55,22,https://www.douyin.com/video/7520983746087111990
7521512112858893611,湖人能留住他吗？#NBA #湖人,腾讯视频体育,4037841504176765,2025-06-30 07:09:52,"NBA, 湖人",1089,64,91,https://www.douyin.com/video/7521512112858893611
7520945277642427706,985社体比北体和部署师范强？ 看完这条视频，你怎么想？#知识分享 #内容太过真实 #北体方 #体育生 #志愿填报,北体方方（全国体育志愿填报）,77719066086,2025-06-28 18:28:52,"知识分享, 内容太过真实, 北体方, 体育生, 志愿填报",129,45,32,https://www.douyin.com/video/7520945277642427706
7521538082626571555,斯通封神了！小贾巴里史密斯5年1.22亿续约火箭，至此，火箭首发阵容尘埃落定：范弗里特、阿门、杜兰特、小贾巴里和申京。值得一提的是，首发锋线组合均2米11，成为联盟最高锋线组合，兼……版本过低，升级后,大虞体育,365492344729307,2025-06-30 08:49:25,"小贾巴里史密斯5年1.22亿续约火箭, 小贾巴里史密斯续约火箭",987,204,92,https://www.douyin.com/video/7521538082626571555
7520610215323716927,赫尔辛基火花vs国际图尔库 库普斯vs赫尔辛基 水户蜀葵vs德岛漩涡 富山胜利vs千叶市原 塞伊奈约基vs玛丽港 清水鼓动vs柏太阳神 甲府风林vs爱媛FC 福冈黄蜂vs神户胜利船……版本过低，升级后,体育在线,98759856373,2025-06-27 20:48:43,"世俱杯淘汰赛, 帕尔梅拉斯vs博塔弗戈, 弗拉门戈vs拜仁慕尼黑, 国际米兰vs弗鲁米嫩塞, 多特蒙德vs蒙特雷",765,36,10,https://www.douyin.com/video/7520610215323716927
7520791945086586122,一个连张继科都畏惧的非洲一哥，正手究竟有多厉害 #陌陌 #张继科 #阿鲁纳 #乒乓球降维打击名场面 #比赛现场,艾斯体育,54832135365,2025-06-28 08:34:09,"陌陌, 张继科, 阿鲁纳, 乒乓球降维打击名场面, 比赛现场",7026,68,198,https://www.douyin.com/video/7520791945086586122
7521341245953035578,昆山奥体别有味道#苏超联赛#苏州vs扬州#足球,爱体育的飞飞,86132509535,2025-06-29 20:05:25,"苏超联赛, 苏州vs扬州, 足球",32,11,0,https://www.douyin.com/video/7521341245953035578
7520926437962140955,王励勤决策受质疑！孙颖莎赛程被批评太多了#王励勤 #太累了 #孙颖莎 #莎头 #国乒,体育赛事大世界,85845129841,2025-06-28 17:15:49,"王励勤, 太累了, 孙颖莎, 莎头, 国乒",2023,135,21,https://www.douyin.com/video/7520926437962140955
7521375754257501480,#苏超 苏州队主教练 赛前我就坚信寇程一定会进球,江苏体育休闲频道,92558291822,2025-06-29 22:19:53,,696,51,27,https://www.douyin.com/video/7521375754257501480
7520791945086586122,一个连张继科都畏惧的非洲一哥，正手究竟有多厉害 #陌陌 #张继科 #阿鲁纳 #乒乓球降维打击名场面 #比赛现场,艾斯体育,54832135365,2025-06-28 08:34:09,"陌陌, 张继科, 阿鲁纳, 乒乓球降维打击名场面, 比赛现场",7026,68,198,https://www.douyin.com/video/7520791945086586122
7521439812163751220,巴黎圣日耳曼4-0迈阿密国际，梅西挥拳恼羞成怒？！ #梅西 #巴黎圣日耳曼4比0迈阿密国际,威廉体育,4088449581725466,2025-06-30 02:29:08,"梅西, 巴黎圣日耳曼4比0迈阿密国际",568,303,786,https://www.douyin.com/video/7521439812163751220
7520894585447517491,赛场变秀场，理查德森用实力上演既要打扮的漂亮更要赢得漂亮 #体育 #田径 #短跑 #体育生 #渔网袜,体育委员安仔,97854625609,2025-06-28 21:00:58,"体育, 田径, 短跑, 体育生, 渔网袜",325,2,15,https://www.douyin.com/video/7520894585447517491
7521513360928886073,巡回饭撒的压轴嘉宾居然是... 宇桑? 不厌其烦地巡回饭撒，致力于温暖每 一位小球迷 #张本智和,@五环体育,100008669890,2025-06-30 07:13:23,张本智和,827,64,34,https://www.douyin.com/video/7521513360928886073
7521352987969604873,2025大地流彩全国和美乡村篮球大赛（村BA）广东省赛决赛，佛山南海队以72:70战胜中山沙溪队，首夺2025全国（村BA）广东省赛冠军！#广东省村BA,广东体育频道,102660993067,2025-06-29 20:51:26,广东省村BA,209,41,66,https://www.douyin.com/video/7521352987969604873
7520974825720941859,这年轻人！郇斯楠3分钟连送三记火锅 #中国男篮,腾讯视频体育,4037841504176765,2025-06-28 20:23:57,中国男篮,646,21,30,https://www.douyin.com/video/7520974825720941859
7520969056829066535,大迫杰穿搭指南,一号体育-每日抽装备,1992767655910808,2025-06-28 20:01:35,,250,8,15,https://www.douyin.com/video/7520969056829066535
7521221120398724402,中国男篮 朱正的能力有目共睹，中国男篮未来的第一后卫就在这里#朱正 #中国男篮,kb布莱恩特体育,70823933382512,2025-06-29 12:19:18,"朱正, 中国男篮",1195,190,11,https://www.douyin.com/video/7521221120398724402
7520945277642427706,985社体比北体和部署师范强？ 看完这条视频，你怎么想？#知识分享 #内容太过真实 #北体方 #体育生 #志愿填报,北体方方（全国体育志愿填报）,77719066086,2025-06-28 18:28:52,"知识分享, 内容太过真实, 北体方, 体育生, 志愿填报",129,45,32,https://www.douyin.com/video/7520945277642427706
7520898162439343402,休斯敦迪纳摩vs圣路易斯城 芝加哥火焰vs夏洛特FC 达拉斯FCvs圣迭戈FC 墨西哥vs沙特 堪萨斯城竞技vs皇家盐湖城 圣何塞地震vs洛杉矶银河 新潟天鹅 vs町田泽维亚 东京……版本过低，升级后,体育在线,98759856373,2025-06-29 08:00:00,"世俱杯, 新潟天鹅vs町田泽维亚, 首尔fcvs浦项制铁, 巴黎圣日尔曼vs迈阿密国际, 弗拉门戈vs拜仁慕尼黑",178,5,9,https://www.douyin.com/video/7520898162439343402
7520849427889933602,温网女单种子球员#郑钦文,【跃动体育】,4177748626253244,2025-06-28 12:16:58,郑钦文,290,110,5,https://www.douyin.com/video/7520849427889933602
7521375754257501480,#苏超 苏州队主教练 赛前我就坚信寇程一定会进球,江苏体育休闲频道,92558291822,2025-06-29 22:19:53,,696,51,27,https://www.douyin.com/video/7521375754257501480
7521179794315201855,孙颖莎的评论区，成了正能量的聚集地。 #孙颖莎 #孙颖莎训练视频 #孙颖莎邓紫棋 #孙颖莎训练 #孙颖莎加油,東亮爱体育,4321501288085456,2025-06-29 09:39:11,"孙颖莎, 孙颖莎训练视频, 孙颖莎邓紫棋, 孙颖莎训练, 孙颖莎加油",12185,283,196,https://www.douyin.com/video/7521179794315201855
7521348307021597995,凭借着朱辰杰和特谢拉的破门，上海申花2比1客场带走3分，谭龙下半场扳回一城！#长春亚泰1比2上海申花 #中超联赛 #足球,咪咕体育,106882168415,2025-06-29 20:33:17,"长春亚泰1比2上海申花, 中超联赛, 足球",586,126,73,https://www.douyin.com/video/7521348307021597995
7520827526219484475,看球神梅西征战世俱杯不屑在沙漠苟延残喘四大皆空踢亚联杯的人 #dou是球评人 #梅西#阿根廷#世界杯#世界杯冠军,范巴斯滕说体育,105495492656,2025-06-28 10:51:56,"dou是球评人, 梅西, 阿根廷, 世界杯, 世界杯冠军",312,76,0,https://www.douyin.com/video/7520827526219484475
7521044158363061545,"6月28日，汕头体育中心的夜空响起万人大合唱！！ 🎤今晚无忧之夜第二季里的歌声，哪一句唱进了你心里？张信哲的经典情歌，吴克群的青春旋律，曹格的爆发力演唱... 
👉 评论区等你：
哪首歌让你忍不住跟唱",珠江文体汕头体育中心,99414710957843,2025-06-29 00:53:25,"曹格, 吴克群, 张信哲, 汕头, 汕头演唱会",335,63,295,https://www.douyin.com/video/7521044158363061545
7520915042922483002,陈梦9岁就领工资了 #乒乓球#陈梦#陈梦9岁就领工资了,全景体育,2594446514593294,2025-06-28 16:31:33,"乒乓球, 陈梦, 陈梦9岁就领工资了",70,2,2,https://www.douyin.com/video/7520915042922483002
7520802038045986082,重磅！杨瀚森将在夏季联赛中担任首发中锋。杨瀚森将在7月12日首战勇士的比赛中首发出战！克林根不太可能出战夏季联赛。近日，开拓者官方更新夏季联赛赛程，首轮16号秀杨瀚森独占封面，引发……版本过低，升级后,大虞体育,365492344729307,2025-06-28 09:13:04,杨瀚森将在夏季联赛中担任首发中锋,3826,566,451,https://www.douyin.com/video/7520802038045986082
7521179955007868220,全球普遍的看法球神梅西依然最佳在世俱杯上最重要 #dou是球评人 #梅西#阿根廷#世界杯#世界杯冠军,范巴斯滕说体育,105495492656,2025-06-29 09:39:33,"dou是球评人, 梅西, 阿根廷, 世界杯, 世界杯冠军",196,11,0,https://www.douyin.com/video/7521179955007868220
7521024415939218707,#首尔fcvs浦项制铁 #东京绿茵vs川崎前锋 #新泻天鹅vs町田泽维 #巴黎圣日耳曼vs迈阿密国际 #弗拉门戈vs拜仁,半岛体育专栏,3859755403322156,2025-06-28 23:36:04,"首尔fcvs浦项制铁, 东京绿茵vs川崎前锋, 新泻天鹅vs町田泽维, 巴黎圣日耳曼vs迈阿密国际, 弗拉门戈vs拜仁",520,49,6,https://www.douyin.com/video/7521024415939218707
7520601381787995451,铅球投不远的同学 你们最大的问题就是不明白发力顺序！所以 说出现很多问题 例如 上身走早 辅助手过渡等问题 其实 把发力顺序学会这些问题就自然没了 而且轻轻松松投远了！#体育生 #……版本过低，升级后,first体育,78345772368,2025-06-27 20:14:23,"体育生, 体考, 铅球, 沃兰迪梦幻超氢跑鞋",266,24,99,https://www.douyin.com/video/7520601381787995451
7520827526219484475,看球神梅西征战世俱杯不屑在沙漠苟延残喘四大皆空踢亚联杯的人 #dou是球评人 #梅西#阿根廷#世界杯#世界杯冠军,范巴斯滕说体育,105495492656,2025-06-28 10:51:56,"dou是球评人, 梅西, 阿根廷, 世界杯, 世界杯冠军",312,76,0,https://www.douyin.com/video/7520827526219484475
7521000472472669476,体育生填志愿不服从调剂可以吗 #体育生 #体育统招 #体育志愿填报,体院老虎教练（全国体育志愿填报）,627144869548579,2025-06-28 22:03:06,"体育生, 体育统招, 体育志愿填报",1224,147,1125,https://www.douyin.com/video/7521000472472669476
7521179955007868220,全球普遍的看法球神梅西依然最佳在世俱杯上最重要 #dou是球评人 #梅西#阿根廷#世界杯#世界杯冠军,范巴斯滕说体育,105495492656,2025-06-29 09:39:33,"dou是球评人, 梅西, 阿根廷, 世界杯, 世界杯冠军",196,11,0,https://www.douyin.com/video/7521179955007868220
7521183082982280508,石洵瑶死里逃生…二队小将证明：曼昱的陪练？那都是战神预备役！ #石洵瑶 #大藤沙月 #养狼计划 #国乒 @抖音体育,体育-逐峰者,3127465755033005,2025-06-29 09:51:45,"石洵瑶, 大藤沙月, 养狼计划, 国乒",121,14,1,https://www.douyin.com/video/7521183082982280508
7521330885560618300,艾菲尔丁！孙正傲！兰克尔泽！半程8分海牛拿什么保级？李霄鹏的高中锋能起到作用吗？#青岛海牛 #足球的魅力 #唯有足球不可辜负 #中国足球 #山东泰山队 @DOU+上热门 @抖音小助……版本过低，升级后,磊磊体育,3421282804958112,2025-06-29 19:25:13,"青岛海牛, 足球的魅力, 唯有足球不可辜负, 中国足球, 山东泰山队",147,30,7,https://www.douyin.com/video/7521330885560618300
7520802038045986082,重磅！杨瀚森将在夏季联赛中担任首发中锋。杨瀚森将在7月12日首战勇士的比赛中首发出战！克林根不太可能出战夏季联赛。近日，开拓者官方更新夏季联赛赛程，首轮16号秀杨瀚森独占封面，引发……版本过低，升级后,大虞体育,365492344729307,2025-06-28 09:13:04,杨瀚森将在夏季联赛中担任首发中锋,3826,566,451,https://www.douyin.com/video/7520802038045986082
7521548760430906658,快船下一步补强计划曝光！保罗成为快船补强目标。在哈登以2年8150万续约快船后，球队不仅保留了核心竞争力，还获得了1410万全额中产特例，这为阵容补强提供了资金支持。据可靠消息，快……版本过低，升级后,大虞体育,365492344729307,2025-06-30 09:30:42,"哈登2年8150万续约快船, 哈登续约快船",328,56,13,https://www.douyin.com/video/7521548760430906658
7521027693102533947,早场回顾 帕尔梅拉斯vs博塔弗戈英格兰U21vs德国U21本菲卡vs切尔西#本菲卡vs切尔西#帕尔梅拉斯vs博塔弗戈#英格兰U21vs德国U21#富山胜利vs千叶市原#世俱杯,新黄河体育频道,4476819669786317,2025-06-28 23:48:42,"本菲卡vs切尔西, 帕尔梅拉斯vs博塔弗戈, 英格兰u21vs德国u21, 富山胜利vs千叶市原, 世俱杯",161,25,4,https://www.douyin.com/video/7521027693102533947
7521191275476553018,郭艾伦的隐藏技能在苏州足球嘉年华解锁了 #抖音足球嘉年华 #郭艾伦,体育世界,95115692754,2025-06-29 10:23:28,"抖音足球嘉年华, 郭艾伦",406,16,12,https://www.douyin.com/video/7521191275476553018
7521256697868913966,2025大地流彩全国和美乡村篮球大赛（村BA）广东省赛季军争夺战中，清远清新队依靠精彩的团队配合，以69-52击败中山古镇队，夺得第三名。#中山村BA总决赛 #广东省村BA #中山乡村篮球,广东体育频道,102660993067,2025-06-29 14:37:27,"中山村BA总决赛, 广东省村BA, 中山乡村篮球",30,2,2,https://www.douyin.com/video/7521256697868913966
7521369253962943763,图多列破门+乌龙球，下半场绍尔破门、韦世豪点球扳平，武汉三镇2比2战平成都蓉城！#武汉三镇2比2成都蓉城 #中超联赛 #足球,咪咕体育,106882168415,2025-06-29 21:54:35,"中超联赛, 足球",200,26,11,https://www.douyin.com/video/7521369253962943763
7521035721345797433,就差一口气，但是这一届U19表现已经非常亮眼，太让人期待啦！#国青u19男篮 #张博源 #朱正 #陈家政 #郇斯楠,德鲁体育(暑期训练营),2551308608087788,2025-06-29 00:19:50,"国青u19男篮, 张博源, 朱正, 陈家政, 郇斯楠",32,3,0,https://www.douyin.com/video/7521035721345797433
7521553154522041615,进货来了😂登贝莱赛后要走梅西全身+苏牙+阿尔巴球衣 #2025世俱杯 #登贝莱 #梅西,球天下体育,67302988385,2025-06-30 09:47:54,"2025世俱杯, 登贝莱, 梅西",401,38,155,https://www.douyin.com/video/7521553154522041615
7521573858709753129,艾顿真要来湖人了！ #湖人 #艾顿 #詹姆斯,体育老康,62563789539,2025-06-30 11:08:22,"湖人, 艾顿, 詹姆斯",436,133,20,https://www.douyin.com/video/7521573858709753129
7520625331682692362,RIGORER与NBL联赛紧密合作，相信有更加优秀的球员加入 #NBL #湖南勇胜 #准者签约NBL #篮球比赛 #有球场就有准者,准者体育林晨耀,98975149017,2025-06-28 20:00:00,"NBL, 湖南勇胜, 准者签约NBL, 篮球比赛, 有球场就有准者",443,8,2,https://www.douyin.com/video/7520625331682692362
7520870837064682787,陕西联合本轮对手解析大连鲲城#中甲联赛 #陕西联合 #陕西队西北狼 #大连鲲城 #dou来足球季 @陕西大秦军团球迷会 @大秦军团北郊秦刃战斗组 @陕西联合足球俱乐部,凡宸体育,64138316607,2025-06-28 13:40:00,"中甲联赛, 陕西联合, 陕西队西北狼, 大连鲲城, dou来足球季",195,43,6,https://www.douyin.com/video/7520870837064682787
7521366785812090150,6月29日中超第16轮，申花2-1亚泰。上半场第32分钟，高天意角球开出后，朱辰杰头球破门收获赛季首球 #申花  #中超  #朱辰杰,东方体育日报,3715968998841533,2025-06-29 21:44:57,"申花, 中超, 朱辰杰",212,24,2,https://www.douyin.com/video/7521366785812090150
7521034321223650570,不用多说，拿球就扣！🏀 不是？选手都是这个状态了吗？ 战地为王第12季🏀正式开打！ #战地为王 #五环体育 #3V3篮球 #美式单挑 #篮球,五环体育,53613481003,2025-06-29 00:14:31,"战地为王, 五环体育, 3v3篮球, 美式单挑, 篮球",25,3,15,https://www.douyin.com/video/7521034321223650570
7521257718910061878,#排三 #恭喜你中奖了,长官体育,1942159027345770,2025-06-29 14:41:22,"排三, 恭喜你中奖了",257,133,17,https://www.douyin.com/video/7521257718910061878
7520879083094281535,#林良铭 获俱乐部五月最佳球员。今天为他颁奖的，是俱乐部选出的幸运球迷。这一家子在足协杯对阵大连比赛的时候远征大连，点球大战赢球后孩子在看台上哭了好久。这位9岁的小国安球迷认为国安……版本过低，升级后,天天体育,1486185840772663,2025-06-28 14:12:14,"林良铭, 北京国安",491,22,13,https://www.douyin.com/video/7520879083094281535
7521322133727268146,中国男篮 郇斯楠和郇斯枫连续盖帽，这对双胞胎兄弟真的盖帽高手#中国男篮 #郇斯楠 #郇斯枫 #中国男篮vs德国男篮,kb布莱恩特体育,70823933382512,2025-06-29 18:51:20,"中国男篮, 郇斯楠, 郇斯枫, 中国男篮vs德国男篮",314,16,7,https://www.douyin.com/video/7521322133727268146
7521003744587975993,凭什么CBA场均8分，却被NBA用首轮选中！#杨翰森 #万物皆可桃,玫瑰体育GT,56013008514,2025-06-28 22:15:44,"杨翰森, 万物皆可桃",203,22,2,https://www.douyin.com/video/7521003744587975993
7520667950631390522,水户蜀葵VS德岛漩涡 富山胜利VS千叶市原 塞伊奈约基VS玛丽港 清水鼓动VS柏太阳神 甲府风林VS爱媛fc 福冈黄蜂VS神户胜利船 大分三神VS大宫松鼠rb 山形山神VS长崎航海……版本过低，升级后,996体育圈,1185698616195116,2025-06-28 00:32:46,"帕尔梅拉斯vs博塔弗戈, 本菲卡vs切尔西, 清水鼓动vs柏太阳神, 富山胜利vs千叶市原, 水户蜀葵vs德岛漩涡",2380,227,163,https://www.douyin.com/video/7520667950631390522
7520623655257984283,哈马比vs哈尔姆斯塔德 帕尔梅拉斯vs博塔弗戈 本菲卡vs切尔西 罗斯博格vs维京#帕尔梅拉斯vs博塔弗戈 #本菲卡vs切尔西 #哈马比vs哈尔姆斯塔德 #罗斯博格vs维京 #足球……版本过低，升级后,邵阳体育经济广播,106781696280,2025-06-28 06:00:00,"帕尔梅拉斯vs博塔弗戈, 本菲卡vs切尔西, 哈马比vs哈尔姆斯塔德, 罗斯博格vs维京, 足球解说",32,1,0,https://www.douyin.com/video/7520623655257984283
7520586888999275839,体育生上大学最重要的人脉 #体育生 #体育统招 #体育志愿填报 #体育单招,体院老虎教练（全国体育志愿填报）,627144869548579,2025-06-27 19:18:08,"体育生, 体育统招, 体育志愿填报, 体育单招",1495,30,2927,https://www.douyin.com/video/7520586888999275839
7521215391876812092,新泻天鹅VS町田泽维亚 东京绿茵VS川崎前锋 首尔FCVS浦项制铁 AIK索尔纳VSIFK哥德堡 代格福什VS布鲁马波卡纳 海于格松VS克里斯蒂安松 韦纳穆VS埃尔夫斯堡 赫根VS……版本过低，升级后,济南文旅体育频道,372106855456301,2025-06-29 11:57:02,"巴黎圣日耳曼vs迈阿密国际, 弗拉门戈vs拜仁慕尼黑, 新泻天鹅vs町田泽维亚, 东京绿茵vs川崎前锋, 首尔fcvs浦项制铁",1103,58,16,https://www.douyin.com/video/7521215391876812092
7521034570839231803,第二届“喀什杯”国际青少年足球邀请赛四强产生！#喀什杯 #足球 #山东泰山 #梅州客家,新疆广播电视台体育健康频道,3315750629544781,2025-06-29 00:15:24,"喀什杯, 足球, 山东泰山, 梅州客家",151,24,43,https://www.douyin.com/video/7521034570839231803
7430454965702888738,U16国足全场压制韩国，拼劲十足+精彩配合层出不穷！#中国足球 再次让大家看到了希望！,新爱体育,102537639004,2024-10-27 22:08:08,中国足球,92095,4023,12648,https://www.douyin.com/video/7430454965702888738
7520516988088929595,丁宁遇到淘气莎莎宠到没边，扔餐巾打闹，找莎莎要签名，丁宁之后女乒再无队长 #孙颖莎 #丁宁,飞流体育,1192347131977867,2025-06-27 14:46:56,"孙颖莎, 丁宁",3945,44,38,https://www.douyin.com/video/7520516988088929595
7520813936292515131,#中国体育彩票 诸葛？明灯？诸葛明灯？,颜墨体育,3514509242938013,2025-06-28 09:59:11,中国体育彩票,883,93,49,https://www.douyin.com/video/7520813936292515131
7521194419393285434,被陈芋汐教练质疑跳不了三米板，全红婵用一枚金牌狠狠打脸  #陈芋汐 #全红婵,甜茶妮说体育,4503625309767478,2025-06-29 10:35:41,"陈芋汐, 全红婵",525,16,10,https://www.douyin.com/video/7521194419393285434
7520598109996010791,体育生填志愿前2步4个问题 #体育生 #体育统招 #体育志愿填报 #体育单招,体院老虎教练（全国体育志愿填报）,627144869548579,2025-06-27 20:01:41,"体育生, 体育统招, 体育志愿填报, 体育单招",2621,85,1768,https://www.douyin.com/video/7520598109996010791
7521179794315201855,孙颖莎的评论区，成了正能量的聚集地。 #孙颖莎 #孙颖莎训练视频 #孙颖莎邓紫棋 #孙颖莎训练 #孙颖莎加油,東亮爱体育,4321501288085456,2025-06-29 09:39:11,"孙颖莎, 孙颖莎训练视频, 孙颖莎邓紫棋, 孙颖莎训练, 孙颖莎加油",12185,283,196,https://www.douyin.com/video/7521179794315201855
7521063605110836540,巴黎-迈阿密国际 弗拉门戈-拜仁 世俱杯#每日足球推荐 #唯有足球不可辜负 #今日足球预测 #今日足球比分预测与推荐 #投资理财,诗庭体育,1563941543621194,2025-06-29 02:08:13,"每日足球推荐, 唯有足球不可辜负, 今日足球预测, 今日足球比分预测与推荐, 投资理财",362,40,9,https://www.douyin.com/video/7521063605110836540
7521480323964636467,世界波对轰！热尔松爆射扳回一城，格雷茨卡远射世界波还以颜色！#格雷茨卡世界波 #弗拉门戈vs拜仁 #2025世俱杯 #我的主队要你好看 #dou来世俱杯,咪咕体育,106882168415,2025-06-30 05:06:26,"格雷茨卡世界波, 弗拉门戈vs拜仁, 2025世俱杯, 我的主队要你好看, dou来世俱杯",81,3,8,https://www.douyin.com/video/7521480323964636467
7521275885371919673,胡书铭 昨天代表盐城刚踢完苏超比赛并且进球的南通支云球员@Hu 书铭 还在关注着俱乐部今天和延边的比赛！#南通支云#胡书铭 #江苏省城市足球联赛 #dou来足球季 视频来源@萧富贵……版本过低，升级后,古力体育超哥,73433110456,2025-06-29 15:51:48,"南通支云, 胡书铭, 江苏省城市足球联赛, dou来足球季",233,32,27,https://www.douyin.com/video/7521275885371919673
7520995121631808819,岁月何曾饶过谁#姚明#奥尼尔五大囧 #,阿彬体育,101468349815,2025-06-28 21:42:20,姚明,4377,428,55,https://www.douyin.com/video/7520995121631808819
7521553154522041615,进货来了😂登贝莱赛后要走梅西全身+苏牙+阿尔巴球衣 #2025世俱杯 #登贝莱 #梅西,球天下体育,67302988385,2025-06-30 09:47:54,"2025世俱杯, 登贝莱, 梅西",401,38,155,https://www.douyin.com/video/7521553154522041615
7520784264607059240,贝利和爵士彻底闹掰了！贝利拒绝去爵士报到。美媒公布贝利下家赔率，湖人居首，独行侠次席，贝利自被爵士选中以来与爵士队联系甚少，并且尚未抵达犹他州。在贝利与爵士关系陷入僵局，去向成谜。……版本过低，升级后,大虞体育,365492344729307,2025-06-28 08:04:11,贝利拒绝去爵士报到,1427,442,99,https://www.douyin.com/video/7520784264607059240
7430454965702888738,U16国足全场压制韩国，拼劲十足+精彩配合层出不穷！#中国足球 再次让大家看到了希望！,新爱体育,102537639004,2024-10-27 22:08:08,中国足球,92095,4023,12648,https://www.douyin.com/video/7430454965702888738
7521194419393285434,被陈芋汐教练质疑跳不了三米板，全红婵用一枚金牌狠狠打脸  #陈芋汐 #全红婵,甜茶妮说体育,4503625309767478,2025-06-29 10:35:41,"陈芋汐, 全红婵",525,16,10,https://www.douyin.com/video/7521194419393285434
7520598109996010791,体育生填志愿前2步4个问题 #体育生 #体育统招 #体育志愿填报 #体育单招,体院老虎教练（全国体育志愿填报）,627144869548579,2025-06-27 20:01:41,"体育生, 体育统招, 体育志愿填报, 体育单招",2621,85,1768,https://www.douyin.com/video/7520598109996010791
7520623655257984283,哈马比vs哈尔姆斯塔德 帕尔梅拉斯vs博塔弗戈 本菲卡vs切尔西 罗斯博格vs维京#帕尔梅拉斯vs博塔弗戈 #本菲卡vs切尔西 #哈马比vs哈尔姆斯塔德 #罗斯博格vs维京 #足球……版本过低，升级后,邵阳体育经济广播,106781696280,2025-06-28 06:00:00,"帕尔梅拉斯vs博塔弗戈, 本菲卡vs切尔西, 哈马比vs哈尔姆斯塔德, 罗斯博格vs维京, 足球解说",32,1,0,https://www.douyin.com/video/7520623655257984283
7521063605110836540,巴黎-迈阿密国际 弗拉门戈-拜仁 世俱杯#每日足球推荐 #唯有足球不可辜负 #今日足球预测 #今日足球比分预测与推荐 #投资理财,诗庭体育,1563941543621194,2025-06-29 02:08:13,"每日足球推荐, 唯有足球不可辜负, 今日足球预测, 今日足球比分预测与推荐, 投资理财",362,40,9,https://www.douyin.com/video/7521063605110836540
7521275885371919673,胡书铭 昨天代表盐城刚踢完苏超比赛并且进球的南通支云球员@Hu 书铭 还在关注着俱乐部今天和延边的比赛！#南通支云#胡书铭 #江苏省城市足球联赛 #dou来足球季 视频来源@萧富贵……版本过低，升级后,古力体育超哥,73433110456,2025-06-29 15:51:48,"南通支云, 胡书铭, 江苏省城市足球联赛, dou来足球季",233,32,27,https://www.douyin.com/video/7521275885371919673
7520995121631808819,岁月何曾饶过谁#姚明#奥尼尔五大囧 #,阿彬体育,101468349815,2025-06-28 21:42:20,姚明,4377,428,55,https://www.douyin.com/video/7520995121631808819
7521195459479244047,太豪横了！雷霆将狄龙琼斯送走损失了6个次轮签，雷霆将去年首轮26号秀狄龙琼斯送往奇才，狄龙琼斯是雷霆去年用5个次轮签从尼克斯换来的，如今不仅送走他，还搭上一个2029年来自火箭的次……版本过低，升级后,大虞体育,365492344729307,2025-06-29 10:39:46,雷霆奇才交易,765,44,40,https://www.douyin.com/video/7521195459479244047
7520878158595558696,#王楚钦孙颖莎 #体育精神  #乒乓球 莎头战术会笑料合集，举拍挡嘴的可爱暴击,乾坤体育,111185751973,2025-06-28 14:08:28,"王楚钦孙颖莎, 体育精神, 乒乓球",438,1,2,https://www.douyin.com/video/7520878158595558696
7520784264607059240,贝利和爵士彻底闹掰了！贝利拒绝去爵士报到。美媒公布贝利下家赔率，湖人居首，独行侠次席，贝利自被爵士选中以来与爵士队联系甚少，并且尚未抵达犹他州。在贝利与爵士关系陷入僵局，去向成谜。……版本过低，升级后,大虞体育,365492344729307,2025-06-28 08:04:11,贝利拒绝去爵士报到,1427,442,99,https://www.douyin.com/video/7520784264607059240
7520813936292515131,#中国体育彩票 诸葛？明灯？诸葛明灯？,颜墨体育,3514509242938013,2025-06-28 09:59:11,中国体育彩票,883,93,49,https://www.douyin.com/video/7520813936292515131
7521243782457691443,记录一个闪闪发光的瞬间，祝贺于海洋获得亚青U15男团冠军🥇拼搏永不停步#乒乓球 #第29届亚洲青年锦标赛,小白杨体育🏓穆成霖🏓,66524025847,2025-06-29 13:47:15,"乒乓球, 第29届亚洲青年锦标赛",343,16,4,https://www.douyin.com/video/7521243782457691443
7520976327735283003,新泻天鹅vs町田泽维亚 东京绿茵vs川崎前锋 首尔FCvs浦项制铁 索尔纳vs哥德堡 代格福什vs布鲁马波卡纳 海于哥松vs克里斯蒂安松 韦纳穆vs埃尔夫斯堡 赫根vs哥德堡盖斯 ……版本过低，升级后,体育快报-肇庆综合,3701410948977306,2025-06-28 20:29:22,"新泻天鹅vs町田泽维亚, 东京绿茵vs川崎前锋, 首尔fcvs浦项制铁, 博德闪耀vs帕尔普斯堡, 巴黎圣日尔曼vs迈阿密国际",138,11,5,https://www.douyin.com/video/7520976327735283003
7521353402049596729,两场U19比赛国青主教练的战术布置和人员使用深受球迷所诟病 #u19男篮世界杯 #中国u19男篮 #朱正,体育世界,95115692754,2025-06-29 20:52:36,"u19男篮世界杯, 中国u19男篮, 朱正",88,28,3,https://www.douyin.com/video/7521353402049596729
7521045215898225955,#巴黎圣日尔曼VS迈阿密国际  #弗拉门戈VS拜仁慕尼黑 #新泻天鹅VS町田泽维亚 #东京绿茵VS川崎前锋 #首尔FCVS浦项制铁 AIK索尔纳VSIFK哥德堡 代格福什VS布鲁马……版本过低，升级后,体育新世界,641762403306222,2025-06-29 00:56:51,"巴黎圣日尔曼vs迈阿密国际, 弗拉门戈vs拜仁慕尼黑, 新泻天鹅vs町田泽维亚, 东京绿茵vs川崎前锋, 首尔fcvs浦项制铁",496,49,23,https://www.douyin.com/video/7521045215898225955
7520672087443393832,#本菲卡VS切尔西 #罗森博格VS维京 #帕尔梅拉斯VS博塔弗戈 #水户蜀葵VS德岛漩涡 #富山胜利VS千叶市原 清水鼓动VS柏太阳神 塞伊奈约基VS玛丽港  甲府风林VS爱媛FC……版本过低，升级后,体育新世界,641762403306222,2025-06-28 00:48:51,"本菲卡vs切尔西, 罗森博格vs维京, 帕尔梅拉斯vs博塔弗戈, 水户蜀葵vs德岛漩涡, 富山胜利vs千叶市原",825,72,48,https://www.douyin.com/video/7520672087443393832
7504818118355619123,君临天下👑 亚马尔内切轰入世界波后张开双臂霸气庆祝，随后被队友举高享受欢呼 #西甲 #巴萨 #亚马尔 #新爱体育抖音直播西甲,新爱体育,102537639004,2025-05-16 07:31:18,"西甲, 巴萨, 亚马尔, 新爱体育抖音直播西甲",110564,1878,11478,https://www.douyin.com/video/7504818118355619123
7521357395793464591,花姜敏汗都没出就进球了#苏超联赛 #徐州队 #泰州vs徐州 #精彩进球,长虹体育,4503661796651886,2025-06-29 21:08:06,"苏超联赛, 徐州队, 泰州vs徐州, 精彩进球",306,128,137,https://www.douyin.com/video/7521357395793464591
7520938819789671716,全红婵又胖了？周继红：她的去留从未有过疑问。 #全红婵 #全红婵水花消失术 #全红婵退赛 #周继红 #周继红评价全红婵,東亮爱体育,4321501288085456,2025-06-28 18:04:09,"全红婵, 全红婵水花消失术, 全红婵退赛, 周继红, 周继红评价全红婵",1554,30,24,https://www.douyin.com/video/7520938819789671716
7499366026518875452,#吴艳妮 的核心力量能有多强？来看她秀出的“天花板”级绝招：助教压着她的两个脚，她在双手背着的情况下直接用滚腹轮的动作下去，随后缓慢回位，难度拉满！,央视网体育,3100249340515044,2025-05-01 14:50:23,吴艳妮,559158,132,314569,https://www.douyin.com/video/7499366026518875452
7520955414776302890,项腾华赛前采访！ 2025浙超总决赛冠军之夜即将开始！#浙超联赛 #浙超#胄道 #项腾华#总决赛,京运体育,106267136640,2025-06-28 19:08:15,"浙超联赛, 浙超, 胄道, 项腾华, 总决赛",82,5,5,https://www.douyin.com/video/7520955414776302890
7520799603785780537,,石坛体育,67412223575,2025-06-28 09:03:37,,1853,508,50,https://www.douyin.com/video/7520799603785780537
7520648411146669362,晚上7点半NBL联赛揭幕战在即！我为他们准备了专业的篮球装备 #NBL #准者签约NBL #篮球比赛 #香港金牛 #有球场就有准者,准者体育林晨耀,98975149017,2025-06-28 17:00:00,"NBL, 准者签约NBL, 篮球比赛, 香港金牛, 有球场就有准者",131,6,4,https://www.douyin.com/video/7520648411146669362
7520914267537771839,申花明晚客战长春！斯卢茨基：客场比赛很关键！ 球队会吸取兵败深圳的经验教训！#中超 #上海申花 #斯卢茨基 #长春亚泰,五星体育之G采君,2401813287938285,2025-06-28 16:28:43,"中超, 上海申花, 斯卢茨基, 长春亚泰",166,18,10,https://www.douyin.com/video/7520914267537771839
7520645904215428402,RIGORER即将告别无板鞋时代！大家期待已久的板鞋就要来了 #板鞋 #里夫斯 #篮球男孩 #用心做好鞋 #有球场就有准者,准者体育林晨耀,98975149017,2025-06-29 17:30:00,"板鞋, 里夫斯, 篮球男孩, 用心做好鞋, 有球场就有准者",238,35,5,https://www.douyin.com/video/7520645904215428402
7521355366081400124,李贤成进球 南通队10号李贤成进球！#南通足球#江苏城市足球联赛 #dou来足球季,古力体育超哥,73433110456,2025-06-29 21:00:13,"南通足球, 江苏城市足球联赛, dou来足球季",234,52,10,https://www.douyin.com/video/7521355366081400124
7521183215395048704,美国男篮U19队员有未来NBA的状元 只赢了澳大利亚15分！ #NBA,旗帜体育赛事集锦,104811822582,2025-06-29 09:52:22,NBA,296,69,59,https://www.douyin.com/video/7521183215395048704
7520970448500116794,哈卡VS坦佩雷山猫 厄斯特什VS天狼星 帕尔梅拉斯VS博塔弗戈 罗森博格VS维京 科特卡VS雅罗 英格兰U21VS德国U21 本菲卡VS切尔西 AC奥卢VS瓦萨 巴拿马VS洪都拉斯……版本过低，升级后,济南文旅体育频道,372106855456301,2025-06-28 20:06:33,"巴黎圣日尔曼vs迈阿密国际, 弗拉门戈vs拜仁慕尼黑, 本菲卡vs切尔西, 帕尔梅拉斯vs博塔弗戈, 新泻天鹅vs町田泽维亚",1590,99,22,https://www.douyin.com/video/7520970448500116794
7520566910308732198,国乒教你如何打赢张继科！巴拿马张继科拜师中国张继科！ #国乒 #张继科 #马龙 #体育精神 #乒乓球,体育特攻,1935620445573742,2025-06-27 18:00:43,"国乒, 张继科, 马龙, 体育精神, 乒乓球",7221,71,171,https://www.douyin.com/video/7520566910308732198
7521236748157865275,6.29号的头头coco##王楚钦#邱贻可,@五环体育,100008669890,2025-06-29 13:19:56,"王楚钦, 邱贻可",239,2,4,https://www.douyin.com/video/7521236748157865275
7520570646754725179,河南体考150满分状元，究竟会报考哪所大学，看看谁是预测大神！#体育生#河南体考满分石发明#体育志愿填报#大寸体育#体育升学丹丹老师,大寸体育,3558493376489838,2025-06-27 18:15:08,"体育生, 河南体考满分石发明, 体育志愿填报, 大寸体育, 体育升学丹丹老师",96,22,26,https://www.douyin.com/video/7520570646754725179
7521000802808565049,“72-80 中国U19不敌加拿大无缘开门红”#中国男篮 #中国u19男篮 #cba热门,宏远体育🐅,1121973561726765,2025-06-28 22:04:21,"中国男篮, 中国u19男篮, cba热门",114,17,4,https://www.douyin.com/video/7521000802808565049
7520528397035883815,富山胜利vs千叶市原 塞伊奈约基vs玛丽港 水户蜀葵vs德岛漩涡 清水鼓动vs柏太阳神 甲府风林vs爱媛FC 福冈黄蜂vs神户胜利船 大分三神vs大宫松鼠RB 山形山神vs长崎航海……版本过低，升级后,体育在线,98759856373,2025-06-28 08:00:00,"世俱杯, 水户蜀葵vs德岛漩涡, 清水心跳vs柏太阳神, 帕尔梅拉斯vs博塔弗戈, 本菲卡vs切尔西",129,1,4,https://www.douyin.com/video/7520528397035883815
7521405240517987599,最后一个赛季！詹姆斯妻子萨瓦纳希望他在明年退役，据Shams报道，詹姆斯将执行下赛季5260万美元的球员选项 ，2025-26赛季将是其生涯第23个赛季，他也将成为史上首位征战生涯……版本过低，升级后,大虞体育,365492344729307,2025-06-30 00:13:54,"詹姆斯妻子萨瓦纳希望他在明年退役, 詹姆斯将执行下赛季5260万美元的球员选项",507,53,28,https://www.douyin.com/video/7521405240517987599
7521344374148435258,南通队曹越涛进球 南通队99号曹越涛进球！#南通足球#江苏省城市足球联赛 #dou来足球季,古力体育超哥,73433110456,2025-06-29 20:17:34,"南通足球, 江苏省城市足球联赛, dou来足球季",633,114,27,https://www.douyin.com/video/7521344374148435258
7520630990466157881,6.27晚下训一小时的莎莎##孙颖莎#北京,Number  Two(体育),100531716637,2025-06-27 22:09:18,"孙颖莎, 北京",8474,100,88,https://www.douyin.com/video/7520630990466157881
7521492775981043004,额…….这次WTT常规挑战赛，国乒0冠，我不是唯冠军论，只是各个项目0冠，对于乒乓球强国来说，是不是有点不够意思了#张本智和#陈垣宇#陈垣宇0比4张本智和##国乒WTT萨格勒布站无……版本过低，升级后,@五环体育,100008669890,2025-06-30 05:53:30,"张本智和, 陈垣宇, 陈垣宇0比4张本智和, 国乒wtt萨格勒布站无缘冠军, wtt常规挑战赛萨格勒布站2025",2762,722,334,https://www.douyin.com/video/7521492775981043004
7521339358952410428,四川选手尹子豪在2025年全国少年u18田径锦标赛打开1:50秒，以1:49.07的成绩达标国家健将，打破u18全国纪录！#尹子豪 #全国u18田径锦标赛,湖北楚径体育,7493868144290087995,2025-06-29 19:58:06,"尹子豪, 全国u18田径锦标赛",928,18,165,https://www.douyin.com/video/7521339358952410428
7520890356070731047,世俱杯1/8决赛，梅西遭遇旧主巴黎圣日尔曼，狭路相逢，恩怨再燃，这一次故事又将怎样书写？#巴黎圣日尔曼vs迈阿密国际  #梅西巴黎恩怨再燃  #2025世俱杯 #dou来世俱杯 #我的主队要你好看,咪咕体育,106882168415,2025-06-29 18:00:00,"巴黎圣日尔曼vs迈阿密国际, 梅西巴黎恩怨再燃, 2025世俱杯, dou来世俱杯, 我的主队要你好看",54,7,3,https://www.douyin.com/video/7520890356070731047
7521103248284306748,新泻天鹅VS町田泽维亚 东京绿茵VS川崎前锋 首尔FCVS浦项制铁 AIK索尔纳VSIFK哥德堡 代格福什VS布鲁马波卡纳 海于格松VS克里斯蒂安松 韦纳穆VS埃尔夫斯堡 赫根VS……版本过低，升级后,济南文旅体育频道,372106855456301,2025-06-29 04:42:09,"巴黎圣日尔曼vs迈阿密国际, 弗拉门戈vs拜仁慕尼黑, 新泻天鹅vs町田泽维亚, 东京绿茵vs川崎前锋, 首尔fcvs浦项制铁",1590,167,98,https://www.douyin.com/video/7521103248284306748
7520990003066244352,报志愿时一定要关注色盲、色弱，身高、视力的要求。@李JJ,威特儿体育,96873965380,2025-06-28 21:22:28,,69,15,32,https://www.douyin.com/video/7520990003066244352
7521356861396815150,樊振东参加波尔退役仪式#樊振东#波尔退役# ,体育每天看,1750861218589912,2025-06-29 21:06:10,,112,2,0,https://www.douyin.com/video/7521356861396815150
7520651375757774139,十分酸爽，谁练谁知道#日常训练 #田径 #体育生,航行体育田径俱乐部（全年招生）,3492498830005645,2025-06-27 23:28:23,"日常训练, 田径, 体育生",536,7,84,https://www.douyin.com/video/7520651375757774139
7521335052043685170,6月29日中超第16轮，长春亚泰主场迎战上海申花。上半场第31分钟朱辰杰头球破门；第44分钟特谢拉禁区内上演脚法摆脱防守后推射破门。申花客场2比0领先亚泰 #申花  #中超  #特谢拉,东方体育日报,3715968998841533,2025-06-29 19:41:47,"申花, 中超, 特谢拉",309,23,4,https://www.douyin.com/video/7521335052043685170
7521051245139316026,山东泰山足球俱乐部队员畅谈“喀什杯”#喀什杯 #足球 #山东泰山,新疆广播电视台体育健康频道,3315750629544781,2025-06-29 01:20:14,"喀什杯, 足球, 山东泰山",45,4,11,https://www.douyin.com/video/7521051245139316026
7521002905105927462,中国男篮 中国男篮72比80不敌加拿大，朱正空砍19分#中国男篮 #朱正,kb布莱恩特体育,70823933382512,2025-06-28 22:12:32,"中国男篮, 朱正",985,175,15,https://www.douyin.com/video/7521002905105927462
7499366026518875452,#吴艳妮 的核心力量能有多强？来看她秀出的“天花板”级绝招：助教压着她的两个脚，她在双手背着的情况下直接用滚腹轮的动作下去，随后缓慢回位，难度拉满！,央视网体育,3100249340515044,2025-05-01 14:50:23,吴艳妮,559158,132,314569,https://www.douyin.com/video/7499366026518875452
7521369465465212220,第二届“喀什杯”国际青少年足球邀请赛决赛对阵出炉！#喀什杯 #足球 #新疆足球,新疆广播电视台体育健康频道,3315750629544781,2025-06-29 21:54:56,"喀什杯, 足球, 新疆足球",156,21,58,https://www.douyin.com/video/7521369465465212220
7520938819789671716,全红婵又胖了？周继红：她的去留从未有过疑问。 #全红婵 #全红婵水花消失术 #全红婵退赛 #周继红 #周继红评价全红婵,東亮爱体育,4321501288085456,2025-06-28 18:04:09,"全红婵, 全红婵水花消失术, 全红婵退赛, 周继红, 周继红评价全红婵",1554,30,24,https://www.douyin.com/video/7520938819789671716
7520892905650916668,#体育考研 #西安体育学院 历年报考人数3000+。26考研是否限跨，以校方公告为准。#考研择校,体育考研吕老师,792089749633124,2025-06-28 17:20:00,"体育考研, 西安体育学院, 考研择校",168,38,86,https://www.douyin.com/video/7520892905650916668
7521326422272314658,陕西联合vs大连鲲城 现场原声纪实#中甲联赛 #陕西联合 #陕西队西北狼 #大连鲲城 #dou来足球季 @陕西大秦军团球迷会 @大秦军团北郊秦刃战斗组 @陕西联合足球俱乐部,凡宸体育,64138316607,2025-06-29 19:08:01,"中甲联赛, 陕西联合, 陕西队西北狼, 大连鲲城, dou来足球季",181,22,1,https://www.douyin.com/video/7521326422272314658
7521228978208820531,哥哥和妹宝，忙签名，加油中国乒乓球运动员，健康涨球#王楚钦#孙颖莎#乒乓球#莎头,体育,2911929609500535,2025-06-29 12:49:47,"王楚钦, 孙颖莎, 乒乓球, 莎头",102,3,1,https://www.douyin.com/video/7521228978208820531
7521297364825869626,兄弟们你们期待已久的景尚体育复赛通知来了#精彩瞬间 #实战篮球,龙里616体育老裴哥,98891856775,2025-06-29 17:15:10,"精彩瞬间, 实战篮球",106,12,11,https://www.douyin.com/video/7521297364825869626
7520890356070731047,世俱杯1/8决赛，梅西遭遇旧主巴黎圣日尔曼，狭路相逢，恩怨再燃，这一次故事又将怎样书写？#巴黎圣日尔曼vs迈阿密国际  #梅西巴黎恩怨再燃  #2025世俱杯 #dou来世俱杯 #我的主队要你好看,咪咕体育,106882168415,2025-06-29 18:00:00,"巴黎圣日尔曼vs迈阿密国际, 梅西巴黎恩怨再燃, 2025世俱杯, dou来世俱杯, 我的主队要你好看",54,7,3,https://www.douyin.com/video/7520890356070731047
7520687101000748331,原来顶尖运动员的24小时，比爽文还刺激！王楚钦的行程表让网友直呼“科幻片”。6月27日下午，他空降上海时尚活动现场。作为全场唯一受邀运动员，他身穿蓝色夹克配皮裤的造型瞬间引爆热搜。……版本过低，升级后,风尚体育,1303340158303513,2025-06-28 01:47:17,王楚钦,228,5,8,https://www.douyin.com/video/7520687101000748331
7521403831458286889,一起追梦的快乐！#株洲厂ba  #湖南篮球 @直播株洲 @体育现场 MC·特 @陈云（云少） @康康eyng @爱上主持人～火爷 @犀力牛体育-军哥,🏀体育解说郑齐,1031766591676540,2025-06-30 00:08:27,"株洲厂ba, 湖南篮球",153,33,6,https://www.douyin.com/video/7521403831458286889
7521337646200229146,中国男篮 中国男篮66比90不敌德国男篮，郇斯楠和郇斯枫霸气扣篮，成为中国男篮唯一的亮点#中国男篮 #中国男篮不敌德国男篮,kb布莱恩特体育,70823933382512,2025-06-29 19:51:27,"中国男篮, 中国男篮不敌德国男篮",1025,268,28,https://www.douyin.com/video/7521337646200229146
7521347648327765298,孙颖莎在国乒大家庭里，每年，都有人为她庆祝生日#王楚钦#孙颖莎#乒乓球#莎头#混双,体育,2911929609500535,2025-06-29 20:30:16,"王楚钦, 孙颖莎, 乒乓球, 莎头",1388,95,12,https://www.douyin.com/video/7521347648327765298
7520587213596282127,杨建平下手最狠的比赛，无视裁判将对手裸绞降伏KO！吓坏裁判 #内容启发搜索,体育解说王炸,1871817201420828,2025-06-27 19:19:56,内容启发搜索,187,15,0,https://www.douyin.com/video/7520587213596282127
7520901954889878834,文化体育双发力!长鸿学子632高分提前锁定北体名额! #体育生 #喜报 #北体 #高考上岸 #山西长鸿体育统考培训基地,山西长鸿体育统考培训基地,2757998995573917,2025-06-28 15:40:50,"体育生, 喜报, 北体, 高考上岸, 山西长鸿体育统考培训基地",112,22,103,https://www.douyin.com/video/7520901954889878834
7521337646200229146,中国男篮 中国男篮66比90不敌德国男篮，郇斯楠和郇斯枫霸气扣篮，成为中国男篮唯一的亮点#中国男篮 #中国男篮不敌德国男篮,kb布莱恩特体育,70823933382512,2025-06-29 19:51:27,"中国男篮, 中国男篮不敌德国男篮",1025,268,28,https://www.douyin.com/video/7521337646200229146
7520587213596282127,杨建平下手最狠的比赛，无视裁判将对手裸绞降伏KO！吓坏裁判 #内容启发搜索,体育解说王炸,1871817201420828,2025-06-27 19:19:56,内容启发搜索,187,15,0,https://www.douyin.com/video/7520587213596282127
7520901954889878834,文化体育双发力!长鸿学子632高分提前锁定北体名额! #体育生 #喜报 #北体 #高考上岸 #山西长鸿体育统考培训基地,山西长鸿体育统考培训基地,2757998995573917,2025-06-28 15:40:50,"体育生, 喜报, 北体, 高考上岸, 山西长鸿体育统考培训基地",112,22,103,https://www.douyin.com/video/7520901954889878834
7521338785011862827,继杨瀚森之后！中国球员再进北美四大联盟，王浩西被圣何塞鲨鱼队用33号签选中，创造中国球员参选NHL最高顺位记录#杨瀚森 #中国冰球 #中国球员 #NHL #王浩西,龙江体育,4432869590304078,2025-06-29 19:56:24,"杨瀚森, 中国冰球, 中国球员, NHL, 王浩西",4758,170,279,https://www.douyin.com/video/7521338785011862827
7520951031656893705,涨成绩的关键一定是分析自身，只有知道自己的不足去进行改正，成绩才能更快的提升， #体育生 #田径 #田径训练,恒跃体育—宽哥的课,67211819200,2025-06-28 18:51:12,"体育生, 田径, 田径训练",236,6,13,https://www.douyin.com/video/7520951031656893705
7521246232263757113,#吴艳妮 能站到这个赛道上已经很不容易，我们应该支持他中国人的骄傲。#体育精神 #比赛现场,草莓体育lll,75764009049,2025-06-29 13:56:45,"吴艳妮, 体育精神, 比赛现场",216,26,1,https://www.douyin.com/video/7521246232263757113
7520993705844051246,美好从四川开始，也从离开四川结束，踏上黔西南的土地，就注定了黑暗终会到来！所以回忆录里不应该有黔西南的点点滴滴。#足球的魅力 #唯有足球不可辜负 #四川青年竞技,金球鹰体育,1977400499117340,2025-06-28 21:36:49,"足球的魅力, 唯有足球不可辜负, 四川青年竞技",76,27,1,https://www.douyin.com/video/7520993705844051246
7520988401589701948,连云港vs淮安2：0 获得胜利#苏超联赛,江苏体育休闲频道,92558291822,2025-06-28 21:16:13,苏超联赛,467,98,47,https://www.douyin.com/video/7520988401589701948
7521299818182872383,#直播录屏分享,蜗牛体育世界（直播）,7412153790181409852,2025-06-29 17:24:46,直播录屏分享,99,11,4,https://www.douyin.com/video/7521299818182872383
7521164278263811355,#WTT常规挑战赛萨格勒布站2025 男单半决赛，陈垣宇3-0战胜安宰贤，晋级男单决赛！决赛陈垣宇将与张本智和争冠。回顾陈垣宇晋级之路：  第一轮：陈垣宇🇨🇳3-1🇯🇵吉村真晴 第……版本过低，升级后,体育球迷,111411564641,2025-06-29 08:38:44,"wtt常规挑战赛萨格勒布站2025, 陈垣宇萨格勒布站晋级之路, 陈垣宇vs张本智和, 陈垣宇晋级男单决赛",3485,668,108,https://www.douyin.com/video/7521164278263811355
7521124029358492955,温网抽签揭晓，郑钦文首轮遇强敌，需战胜对手和自我##上抖音看装修 #温网公开赛 #郑钦文加油 #精彩赛事#热门话题,又说体育,97030091264,2025-06-29 06:02:37,"上抖音看装修, 温网公开赛, 郑钦文加油, 精彩赛事",133,12,2,https://www.douyin.com/video/7521124029358492955
7521069368806165820,海兴-短跑组黄坚队内400米测试全程，小队员们以及暑假班队员均取得阶段性进步，期待孩子们后续表现，用数据说话 #体育生#田径#短跑#训练日常#海兴体育,海兴体育培训,3306968171416311,2025-06-29 09:00:00,"体育生, 田径, 短跑, 训练日常, 海兴体育",2500,32,167,https://www.douyin.com/video/7521069368806165820
7520570934722399542,接力决赛美国队交接棒发生重大失误 博尔特不受影响一骑绝尘，成功带领牙买加接力天团刷新世界记录，登上最高领奖台#体育 #田径 #接力 #博尔特 #体育生,体育委员安仔,97854625609,2025-06-27 21:00:48,"体育, 田径, 接力, 博尔特, 体育生",116,0,0,https://www.douyin.com/video/7520570934722399542
7520778169743592704,敬请关注6月30日温布尔登网球锦标赛首轮 #网球 #体育精神 #郑钦文 #神操作 #冠军,竞技体育,4196155806464260,2025-06-28 07:40:28,"网球, 体育精神, 郑钦文, 神操作, 冠军",97,13,2,https://www.douyin.com/video/7520778169743592704
7521252803429256475,新潟天鹅vs町田泽维亚 东京绿茵vs川崎前锋 首尔FCvs浦项制铁 AIK索尔纳vsIFK哥德堡 代格福什vs布鲁马波卡纳 海于格松vs克里斯蒂安松 韦纳穆vs埃尔夫斯堡 赫根vs……版本过低，升级后,民生体育直播,1204697494980295,2025-06-29 14:22:17,"新潟天鹅vs町田泽维亚, 东京绿茵vs川崎前锋, 巴黎圣日耳曼vs迈阿密国际, 弗拉门戈vs拜仁慕尼黑, 世俱杯",100,41,1,https://www.douyin.com/video/7521252803429256475
7521340557097831737,今年的世界最好成绩9秒75，时隔十年再次有人类跑出，汤普森当之无愧的历史第六人，这是他今年献给全世界的礼物，赛维尔和小布雷克携手进入东京 #田径 #汤普森 #赛维尔,田径体育🇨🇳,3544456324190328,2025-06-29 20:02:46,"田径, 汤普森, 赛维尔",140,19,3,https://www.douyin.com/video/7521340557097831737
7521297364825869626,兄弟们你们期待已久的景尚体育复赛通知来了#精彩瞬间 #实战篮球,龙里616体育老裴哥,98891856775,2025-06-29 17:15:10,"精彩瞬间, 实战篮球",106,12,11,https://www.douyin.com/video/7521297364825869626
7520941364013993243,孙颖莎训练视频燃爆全网！足球训练不慎滑倒#孙颖莎 #可爱到爆 #孙颖莎加油 #美国大满贯 #国乒,体育赛事大世界,85845129841,2025-06-28 18:13:42,"孙颖莎, 可爱到爆, 孙颖莎加油, 美国大满贯, 国乒",1131,24,5,https://www.douyin.com/video/7520941364013993243
7521294036872105254,王励勤无需把王曼昱复制成孙颖莎！各有特点#孙颖莎 #王曼昱 #王励勤 #都是好样的 #各有千秋,体育赛事大世界,85845129841,2025-06-29 17:02:16,"孙颖莎, 王曼昱, 王励勤, 都是好样的, 各有千秋",1175,368,8,https://www.douyin.com/video/7521294036872105254
7521004053141327163,22台气压放松设备 #体育生#田径,引星体育（暑假班招生）,110069871599,2025-06-28 22:16:57,"体育生, 田径",334,15,83,https://www.douyin.com/video/7521004053141327163
7521004053141327163,22台气压放松设备 #体育生#田径,引星体育（暑假班招生）,110069871599,2025-06-28 22:16:57,"体育生, 田径",334,15,83,https://www.douyin.com/video/7521004053141327163
7521398634656992538,#强烈推荐 #体育精神 #抖音推广 #抖音体育 #王励勤 你们怎么看,体育精神,1953208366015916,2025-06-29 23:48:10,"强烈推荐, 体育精神, 抖音推广, 抖音体育, 王励勤",19,3,0,https://www.douyin.com/video/7521398634656992538
7521368219253394697,#苏超联赛 #南通队 #宿迁队 #江苏台洪超,江苏体育 洪超,111607678850,2025-06-29 21:50:06,"苏超联赛, 南通队, 宿迁队, 江苏台洪超",1202,177,28,https://www.douyin.com/video/7521368219253394697
7521380423671745792,哈登下一站去哪？哈登拒绝球员选项成为自由球员。快船显然希望留住哈登，篮球运营总裁弗兰克公开表态希望续约，主教练泰伦卢也将其视为战术核心。薪资专家Marks提议快船给哈登一份为期两年……版本过低，升级后,大虞体育,365492344729307,2025-06-29 22:37:30,,233,47,21,https://www.douyin.com/video/7521380423671745792
7520988783723023651,王楚钦手比脸绝？球拍气自闭！贵公子暴击太养眼！ #王楚钦 #国乒,球逗体育,879221442616431,2025-06-28 21:18:12,"王楚钦, 国乒",214,4,4,https://www.douyin.com/video/7520988783723023651
7520592389895966006,体育生夏训第一神器——压缩裤！,一号体育-每日抽装备,1992767655910808,2025-06-27 19:39:56,,119,5,2,https://www.douyin.com/video/7520592389895966006
7521302503091211570,球迷公认史上最难清台，没有之一！距今12年依旧被奉为经典！ #台球🎱 #斯诺克,露露体育,453471469057900,2025-06-29 17:35:18,"台球🎱, 斯诺克",64,2,1,https://www.douyin.com/video/7521302503091211570
7520919387981958460,,柒月体育,2450138156766707,2025-06-28 16:48:24,,81,9,1,https://www.douyin.com/video/7520919387981958460
7521560203713318196,听说无锡排骨很出名 #美食 #日常vlog #生活每天都一样你要积极又向上 #抖音商城 #情侣日常,你的体育老师,58934844660,2025-06-30 10:15:09,"美食, 日常vlog, 生活每天都一样你要积极又向上, 抖音商城, 情侣日常",4568,154,204,https://www.douyin.com/video/7521560203713318196
7520988401589701948,连云港vs淮安2：0 获得胜利#苏超联赛,江苏体育休闲频道,92558291822,2025-06-28 21:16:13,苏超联赛,467,98,47,https://www.douyin.com/video/7520988401589701948
7520929753525374227,认真训练 #@吴勇豪 #路人王#正能量#篮球#比赛#体育生,篮球体育生,102954026356,2025-06-28 17:28:40,"路人王, 正能量, 篮球, 比赛, 体育生",314,18,32,https://www.douyin.com/video/7520929753525374227
7520984067782053180,,珊姐体育,400701946333411,2025-06-28 20:59:23,,318,17,2,https://www.douyin.com/video/7520984067782053180
7520658273046793529,水户蜀葵VS德岛漩涡 富山胜利VS千叶市原 塞伊奈约基VS玛丽港 清水鼓动VS柏太阳神 甲府风林VS爱媛FC 福冈黄蜂VS神户胜利船 大分三神VS大宫松鼠RB 山形山神VS长崎航海……版本过低，升级后,济南文旅体育频道,372106855456301,2025-06-27 23:55:13,"水户蜀葵vs德岛漩涡, 清水鼓动vs柏太阳神, 福冈黄蜂vs神户胜利船, 帕尔梅拉斯vs博塔弗戈, 本菲卡vs切尔西",2385,197,119,https://www.douyin.com/video/7520658273046793529
7520818584877567270,陈芋汐与全红婵的分数对比,体育博主,540606008146509,2025-06-28 10:17:18,,202,6,4,https://www.douyin.com/video/7520818584877567270
7521349823233461542,#感动瞬间,悠然~自得<中国体育>,100376076887,2025-06-29 20:38:44,感动瞬间,122,7,11,https://www.douyin.com/video/7521349823233461542
7520525159795608874,"去日本执教张本美和？
来听听张继科的最新回应！
#张继科  #张本美和",羽墨体育,1168106111371497,2025-06-27 15:18:45,"张继科, 张本美和",105,8,3,https://www.douyin.com/video/7520525159795608874
7520973155185265980,铁杆球迷小蔡的看球故事（下）苏超联赛唤醒的是江苏球迷的沉睡回忆 战斗无锡的口号要响彻整个赛场#苏超联赛#无锡队#足球,爱体育的飞飞,86132509535,2025-06-28 20:17:04,"苏超联赛, 无锡队, 足球",35,12,0,https://www.douyin.com/video/7520973155185265980
7398927156211928346,"【全场集锦】陈梦4-2击败孙颖莎夺金，成功卫冕奥运女单冠军
#奥运集锦 #蒙牛奥林匹克全球合作伙伴 #巴黎奥运会",抖音体育,106878450361,2024-08-03 22:56:58,"奥运集锦, 蒙牛奥林匹克全球合作伙伴, 巴黎奥运会",118301,10242,19084,https://www.douyin.com/video/7398927156211928346
7520989586718657802,首尔FCvs浦项制铁 AIK索尔纳vsIFK哥德堡 新潟天鹅vs町田泽维亚 东京绿茵vs川崎前锋 代格福什vs布鲁马波卡纳 海于格松vs克里斯蒂安松 韦纳穆vs埃尔夫斯堡 赫根vs……版本过低，升级后,邵阳体育经济广播,106781696280,2025-06-29 06:00:00,"世俱杯, 巴黎圣日耳曼vs迈阿密国际, 弗拉门戈vs拜仁慕尼黑, 博德闪耀vs萨尔普斯堡, 布莱尼vs汉坎",17,0,1,https://www.douyin.com/video/7520989586718657802
7521233896684686626,晴空万里的雷暴天气 #世俱杯 #大数据推荐给有需要的人,忠县老湾体育文化,317112663681581,2025-06-29 13:08:52,"世俱杯, 大数据推荐给有需要的人",688,175,90,https://www.douyin.com/video/7521233896684686626
7520908936989478201,山东籍自媒体人在喀什:在岳普湖县，我们就是主场作战！#喀什杯 #足球 #山东泰山,新疆广播电视台体育健康频道,3315750629544781,2025-06-28 16:07:52,"喀什杯, 足球, 山东泰山",53,2,1,https://www.douyin.com/video/7520908936989478201
7521034447291600162,最后一个赛季了！詹姆斯将执行5260万球员选项，然而湖人补强资源捉襟见肘，仅能依靠570万美元的纳税球队中产特例在自由市场运作。为强化内线，湖人已询价凯斯勒、奥孔武等潜力中锋，同时……版本过低，升级后,大虞体育,365492344729307,2025-06-29 00:15:00,詹姆斯将执行5260万球员选项,721,214,20,https://www.douyin.com/video/7521034447291600162
7520812637707701563,#今日赛程,启航体育～木格教练,97227150129,2025-06-28 09:54:13,今日赛程,81,32,11,https://www.douyin.com/video/7520812637707701563
