video_id,desc,author,create_time,tags,duration
7521236600441933094,6月30日“喜从天来” #老黄历 #电子日历 #游戏指南 #中国传统文化,禛一,2025-06-29 13:19:41,"老黄历, 电子日历, 游戏指南, 中国传统文化",0
7520548005771808041,日本漆器？不！它是中国非遗！#中华器灵 #百young非遗计划,-毛豆-,2025-06-28 16:00:00,"中华器灵, 百young非遗计划",0
7520522163179228442,“星星之火可以燎原”，这就是最好的文化传承啊！#南翔再现非遗火虎野性之美 #南翔重现非遗火虎踏焰而来#南翔体验邹城非遗火虎#3600根火药重现非遗火虎,会火大明星,2025-06-27 20:29:59,"南翔再现非遗火虎野性之美, 南翔重现非遗火虎踏焰而来, 南翔体验邹城非遗火虎",0
7521237113388502281,平凉是古丝绸之路上的重镇，而泾川大云寺则是佛教文化传播的重要见证者，也是陇东宗教历史的珍贵实物遗存～#董宇辉 #与辉同行 #董宇辉拥有暖评最多的评论区 #与辉同行阅山河 #与辉同行甘肃行,与辉同行,2025-06-29 13:21:28,"董宇辉, 与辉同行, 董宇辉拥有暖评最多的评论区, 与辉同行阅山河, 与辉同行甘肃行",0
7521287799518285083,文化分享 6.30 #黄历 #传统文化,莫问师叔,2025-06-29 16:38:04,"黄历, 传统文化",0
7520892340957973823,中国第一块旧石器的发现，否定了中国文化西来说的论调！#董宇辉 #董宇辉拥有暖评最多的评论区 #与辉同行 #与辉同行甘肃行,与辉同行,2025-06-28 15:03:45,"董宇辉, 董宇辉拥有暖评最多的评论区, 与辉同行, 与辉同行甘肃行",0
7521203676540554556,会说话才能不得罪领导#老外 #让老外感受中国文化,有个同事叫亚当,2025-06-29 11:11:36,"老外, 让老外感受中国文化",0
7520984664652516671,感谢世上还有文学 #毕业演讲 #文学 #我们都会有光明的未来 #正能量,芒果剧集社,2025-06-28 21:01:45,"毕业演讲, 文学, 我们都会有光明的未来, 正能量",0
7520873918765387043,河北人第一课 忠义/.@河北文旅 #代号鸢 #如鸢 #这么近那么美周末到河北 #是的我玩鸢,蘑菇云,2025-06-28 13:51:58,"代号鸢, 如鸢, 这么近那么美周末到河北, 是的我玩鸢",0
7520865368253009193,这里有见证庆阳璀璨文化的瑰宝，也有它历经千年仍生生不息的历史印记！庆阳博物馆，我们来啦～#董宇辉 #与辉同行 #董宇辉拥有暖评最多的评论区 #与辉同行阅山河 #与辉同行甘肃行,与辉同行,2025-06-28 13:18:57,"董宇辉, 与辉同行, 董宇辉拥有暖评最多的评论区, 与辉同行阅山河, 与辉同行甘肃行",0
7521236312600268090,重磅红山，中华文明直根系，华山玫瑰燕山龙#曼行内蒙古#赤峰#红山文化#历史遗迹#大有学问  #历史遗迹,蒙曼,2025-06-29 13:18:14,"曼行内蒙古, 赤峰, 红山文化, 历史遗迹",0
7520634636923637052,#dou上热门  不能下水的原因竟是………#抖音看世界 #抽象艺术 #手势舞教学,CIDIS国际文化,2025-06-27 22:23:26,"dou上热门, 抖音看世界, 抽象艺术, 手势舞教学",0
7520560670681697555,怎么看待数学界天才崇拜这种文化 #内容启发搜索,是东子啊啊,2025-06-27 17:36:42,内容启发搜索,0
7520593160259587378,老外被中国式“开放”所震惊！原来道理是... #中外差异 #外国人在中国 #文化差异,英国秀才,2025-06-28 18:00:00,"中外差异, 外国人在中国, 文化差异",0
7520952109223775498,十分钟讲完千年高考史 从古代科举到今天高考，一张考卷始终是普通人最公平的翻身仗。千年前，科举撕开门第的铁幕；而如今，高考给每个追梦者对抗命运、书写自己人生传奇的机会。#高考 #中国传统文化 #科举考试,何楚涵博士,2025-06-28 18:55:40,"高考, 中国传统文化, 科举考试, 人生, 国学文化",0
7520626854526373154,中国历史王朝篇之大清帝国的荣辱兴衰史。#清朝历史 #睡前故事 #助眠 #一口气看完系列,睡前历史说,2025-06-27 21:53:14,"清朝历史, 睡前故事, 助眠, 一口气看完系列",0
7520502744102210866,马英九：两岸要共同传承弘扬中华文化 让中华文化在世界发光发热 #马英九甘肃行,台海时刻,2025-06-27 13:51:39,,0
7520528296342277430,当“井水不犯河水”具象化！#有趣现象 #中国文化 #旧州 #泾渭分明 （视频来源：旧州热心市民朱光模 编辑：孟庆兰）,西秀大城小事,2025-06-27 15:30:57,"有趣现象, 中国文化, 旧州, 泾渭分明",0
7141026309240605959,"都说中国文化，但如何解释什么是中国文化，是要费些脑筋
#奇怪的知识点又增加了#涨知识 #艺术 #美学 ",何大爷,2022-09-08 23:09:24,"奇怪的知识点又增加了, 涨知识, 艺术, 美学",0
7521346093914967332,"为何宋朝会被后世贴上""积贫积弱""的标签，但也有人说，华夏民族之文化，历数千载之演进，造极于赵宋之世#历史",曹长卿,2025-06-29 20:24:18,历史,0
7520944427806182716,体育生高考文化600分？这正常吗？ #体育生 #高考 #大嘴钉鞋解说,大嘴钉鞋解说,2025-06-28 18:25:34,"体育生, 高考, 大嘴钉鞋解说",0
7520488127677369651,为什么很多人都说老三国没点文化看不懂，而新三国却是越有文化越看不下去#三国演义  #94版三国演义  #幽州校尉  #刘备 #孙彦军,幽州校尉,2025-06-27 12:55:05,"三国演义, 94版三国演义, 幽州校尉, 刘备, 孙彦军",0
7521336006667881786,白冰汉服造型让大家眼前一亮！这身装扮竟然有这么多讲究！ #白冰#传统文化#传统服饰#文化输出#国风合伙人,小鱼传统文化服饰,2025-06-29 19:45:06,"白冰, 传统文化, 传统服饰, 文化输出, 国风合伙人",0
7520501059404434729,20岁日本亚文化男孩的一天是什么样？ #日本 #全障碍盲盒旅行 #交换旅行新灵感 #好好毕业尽兴旅行 #环球旅行1995,崔丁,2025-06-28 12:00:00,"日本, 全障碍盲盒旅行, 交换旅行新灵感, 好好毕业尽兴旅行, 环球旅行1995",0
7520883775836917019,天胡开局的中华汽车！怎么就被混成这鸟样？ #中华汽车 #宝马 #汽车文化,老沙的车,2025-06-28 17:26:00,"中华汽车, 宝马, 汽车文化",0
7520664976084831522,易烊千玺会是下一代的巨星吗，就像刘德华一样 #易烊千玺 #刘德华 #酱园弄,晶哥来了-电影文化,2025-06-28 11:20:00,"易烊千玺, 刘德华, 酱园弄",0
7520940453992369417,全世界都在跳大展鸿图，文化传播原来都是实力说了算 #大展鸿图 #中国文化输出,肥鱼商业信条,2025-06-28 18:10:17,"大展鸿图, 中国文化输出",0
7055219444385205538,文化与文明有何区别？#涨知识 #读书 #文化 ,易中天,2022-01-20 17:34:51,"涨知识, 读书, 文化",0
7520566875655441710,北京四合院您不知道的那些讲究 四合院藏着多少您不知道的生活智慧#四合院  #科普 #涨知识 #传统文化 #古建筑 @DOU+上热门,北京王带路,2025-06-27 18:00:30,"四合院, 科普, 涨知识, 传统文化, 古建筑",0
7518398792438254884,郭麒麟完美阐释了，好的学识与学历没有关系#郭麒麟 #名场面 #传统文化 #规矩不能忘 #一本好书,正能量一课,2025-06-22 11:30:00,"郭麒麟, 名场面, 传统文化, 规矩不能忘, 一本好书",0
7520867818695413033,警惕公知对我们的文化渗透和破坏 #公知的危害 #文化入侵 #中国崛起,飒姐说财,2025-06-28 13:28:34,"公知的危害, 文化入侵, 中国崛起",0
7521346673760881979,贵柔 #误闯天家 #道家文化 #在抖音重新读懂了当年课本 #日常分享,三谢李杜诸公多不能文,2025-06-29 20:26:30,"误闯天家, 道家文化, 在抖音重新读懂了当年课本, 日常分享",0
7521214064753020196,过节可以，不要被西方文化带偏了！因为我们是炎黄子孙，我们是龙的传人！#开封万岁山王大人成游客新宠 #万岁山王大人火出圈 #传统文化 #直击王大人演出现场 #正能量,拍遍河南,2025-06-29 11:51:59,"开封万岁山王大人成游客新宠, 万岁山王大人火出圈, 传统文化, 直击王大人演出现场, 正能量",0
7520949072238316810,我记得马伯庸说过： “每个人都有一个执念， 就是在我之前流行的文化都是腐朽的、保守的， 已经过时了的； 在我之后的文化都是浅薄的， 都是不值得一提的； 只有跟我从小长大的这些文化是……版本过低，升级后,一刀入魂,2025-06-28 18:43:38,"一刀入魂, 顶火范儿, 坦克300, 至暗套件, 坦克300hi4t",0
7431152415618895142,什么是中国文化 易中天一个小故事告诉你 #易中天 #中国文化,玫瑰读书笔记,2024-10-30 06:32:00,"易中天, 中国文化",0
7520651506417143066,所谓是土到极致 就是文化 #台湾 #闽南,岛眼事务所,2025-06-28 10:00:00,"台湾, 闽南",0
7520951131293437219,庄子讲 人为什么越思考 越痛苦 #庄子 #国学文化 #国学智慧 #人文星闪耀计划 #抖音读书日,张蕴采,2025-06-28 19:22:34,"庄子, 国学文化, 国学智慧, 人文星闪耀计划, 抖音读书日",0
7520895788713561354,真正疯狂的石头 价值一套房的大籽料原石#和田玉 #和田玉籽料 #玉石 #玉顶文化 #传统文化,玉顶文化,2025-06-28 19:18:00,"和田玉, 和田玉籽料, 玉石, 玉顶文化, 传统文化",0
7519472202291465509,原来这就是任何国家都偷不走的中华文化，永远会被老祖宗的浪漫所折服#传统文化 #传承 #老祖宗审美 #古诗词,娱术家,2025-06-24 19:13:01,"传统文化, 传承, 老祖宗审美, 古诗词",0
7521249250471071016,焦点访谈完整版丨人造古城为何成“空城”？24亿投资换来超10亿亏损，文旅开发不能只算政绩账  #媒体精选计划 #张家界 #大庸古城,小央视频,2025-06-29 14:08:39,"媒体精选计划, 张家界, 大庸古城",0
7520959849636203822,道教地位极高十二位神仙#神话#华夏文化#ai绘画#ai视频,影痕AI,2025-06-28 19:25:25,"神话, 华夏文化, ai绘画, ai视频",0
7519559731023924540,中国文化渊源流长，老外永远模仿不来， 这才是独属于中国人的文字密码！#中国文化 #汉字 #申遗 #好书推荐 #古诗词的魅力,娱堂,2025-06-25 00:52:20,"中国文化, 汉字, 申遗, 好书推荐, 古诗词的魅力",0
7517618773696777491,这就是外国人偷不走的中国传统文化，泱泱华夏历史何其悠久，永远会被老祖宗的浪漫所折服#传统文化,目有娱光,2025-06-19 19:21:22,传统文化,0
7519128261994024227,这就是任何国家都偷不走的中国文化，中国汉字的含金量还是太高了 #中国文化 #打铁花 #苏绣 #古诗 #汉字,内娱左使,2025-06-23 20:58:51,"中国文化, 打铁花, 苏绣, 古诗, 汉字",0
7310429245140995343,老外学中国历史是浪费时间？曹操眼中的中国历史太…..#金宫案 #中国历史 #老外学习中国文化 #文化传承 #中国文化博大精深,曹操来了,2023-12-09 11:19:18,"金宫案, 中国历史, 老外学习中国文化, 文化传承, 中国文化博大精深",0
7520605884083342602,这就是外国人偷不走的中国传统文化。泱泱华夏，历史何其悠久 文明何其博大，这是我们自信之基，力量之源。#文化传承  #中华文化  #非遗传承  #民俗文化  #中式美学,辉光娱乐记,2025-06-27 20:32:23,"文化传承, 中华文化, 非遗传承, 民俗文化, 中式美学",0
7520512756437945658,陕西一户农村院子里竟然藏了一座1000多年的唐朝古墓。#瓜子二手车 #历史 #唐朝 #农村 #旅行推荐官,逸明文化古迹,2025-06-27 14:30:28,"瓜子二手车, 历史, 唐朝, 农村, 旅行推荐官",0
7515450188853464354,“泱泱中华，历史何其悠久，文明何其博大，这是我们的自信之基、力量之源。”保护文化和自然遗产，是习近平总书记心之所念。今天#文化和自然遗产日 ，一起重温总书记的殷殷叮嘱。#传习录,央视新闻,2025-06-14 07:00:00,"文化和自然遗产日, 传习录",0
7520693927196790025,《749局档案解密》-人容婆 #人容婆 #传统文化 #民间传说 #民间故事,AIGC解密档案,2025-06-28 19:15:00,"人容婆, 传统文化, 民间传说",0
7519505407758110003,刻在骨子里的教养，是我们中华文化最美的品德 #规矩 #中国人的规矩 #好的教养 #传统文化,上善若水1,2025-06-24 21:21:28,"规矩, 中国人的规矩, 好的教养, 传统文化",0
7519094965511736616,原来这就是任何国家都偷不走的中华文化，日韩天塌了！ 非遗申请开始溯源，看他们今后还怎么拿别人家的文化！#传统文化 #传承 #老祖宗审美 #古诗词,汶十叁,2025-06-23 18:49:27,"传统文化, 传承, 老祖宗审美, 古诗词",0
7520866733776342335,原来这才是让外国人永远都学不来的中国文化！#创作者扶持计划 #传统文化 #科普 #老祖宗的智慧,亿点科普,2025-06-28 13:24:06,"创作者扶持计划, 传统文化, 科普, 老祖宗的智慧",0
7520983614382951721,#道德经#国学 #文化 丁哥解读的经典是全网独一无二的，请关注,丁哥说,2025-06-28 20:57:40,"道德经, 国学, 文化",0
7521337801372093738,回答下珠子的疑问。 当个故事听就好。#海外合法拍摄国内请勿模仿 #国学文化 #盗墓笔记,东南亚秀才,2025-06-29 19:52:35,"海外合法拍摄国内请勿模仿, 国学文化, 盗墓笔记",0
7518295557736893754,这就是外国人偷不走的中国传统文化，老祖宗留下来的东西就是大气，这一刻读懂了传承的意义 #中国传统文化    #爱国  #传承文化   #抄都抄不明白,1996,2025-06-21 15:06:37,"中国传统文化, 爱国, 传承文化, 抄都抄不明白",0
7521205397073104147,同样都是百亿豪门的接班人， 下意识的一个动作暴露了他们的真实教养，我们传承了5000年的中华传统文化不是人人都拥有，难怪奚梦瑶能嫁进豪门，原来所谓的门当户对，对的是家风而不是家境，……版本过低，升级后,宏晟家具&,2025-06-29 11:18:18,"何猷君, 奚梦瑶, 教养, 郭德纲, 关晓彤",0
7519803314008722740,这波文化输出，中国人绝对赢麻了！#文化输出 #汉语 #古诗词,管家聊奇,2025-06-25 16:37:29,"文化输出, 汉语, 古诗词",0
7520857008044543271,有很多人问我，老斯你为什么不干脆剃光头 #英国 #秃头 #趣味历史 #文化 #文化差异,斯叙万千,2025-06-28 17:50:00,"英国, 秃头, 趣味历史, 文化, 文化差异",0
7520182900977913126,懂得把小家庭放在第一位的让人，都过得很幸福？ #原生家庭 #疗愈 #亲密关系,宸雨文化,2025-06-28 20:00:00,"原生家庭, 疗愈, 亲密关系",0
7520577683072339215,为什么族旺留原籍，家贫走四方？ #权谋故事 #烧脑剧场 #传统文化,马上作,2025-06-27 18:42:42,"权谋故事, 烧脑剧场, 传统文化",0
7084171759192214795,#南怀瑾 ：什么是文化？文者圣说之理，化者育明之归！#文化 #认知  #生活态度 #言行举止 #智慧人生@抖音小助手 ,一刻talks｜硬科技x新商业,2022-04-08 18:05:20,"南怀瑾, 文化, 认知, 生活态度, 言行举止, 智慧人生",0
7521226967526509875,秩序与文化！ #国际局势  #五间大瓦房 #中美贸易战 #历史,志新观天下,2025-06-29 12:42:07,"国际局势, 五间大瓦房, 历史",0
7521346200072949019,爸爸问5岁儿子，我们人到底是不是猴子变的#国学智慧#国学启蒙 #国学智慧文化,四川幺弟,2025-06-29 20:34:47,"国学智慧, 国学智慧文化",0
7520506376406240563,#易学通一学就通 #传统文化 #高维智慧 可能我们也是“火鸡”！,黎学文化,2025-06-29 19:10:00,"易学通一学就通, 传统文化, 高维智慧",0
7519552630297808138,古代的文化传承居然都被误解了#涨知识 #科普 #省流,木同学,2025-06-25 08:00:00,"涨知识, 科普, 省流",0
7521289742543293754,#笼养文化传承 #野生鸟类 #养鸟经验分享,兰舍兰分,2025-06-29 16:45:35,"笼养文化传承, 野生鸟类, 养鸟经验分享",0
7516898478446955788,抵制糟粕文化，拒绝被文化裹挟！ #李阳 #价值观 #糟粕文化 #喝酒 #酒桌文化,李阳疯狂英语,2025-06-17 20:45:28,"李阳, 价值观, 糟粕文化, 喝酒, 酒桌文化",0
7520953732746562870,"你永远可以相信祖宗的审美 中式美学的极致浪漫被演绎到极致。
#中式美学 #中式建筑 #祖宗智慧 #当白话遇见古诗文",娱兔文化,2025-06-28 19:01:59,"中式美学, 中式建筑, 祖宗智慧, 当白话遇见古诗文",0
7520057945516068134,原来这就是任何国家都偷不走的中华文化，永远会被老祖宗的审美所折服 #传统文化 #传承#老祖宗审美#古诗词 #非遗文化,玺糖,2025-06-26 09:05:41,"传统文化, 传承, 老祖宗审美, 古诗词, 非遗文化",0
7519454390487485723,原来中华文化早就在国外杀疯了！#老外说中文 #老祖宗的智慧 #古诗词,太白谈娱乐,2025-06-24 18:03:36,"老外说中文, 老祖宗的智慧, 古诗词",0
7453846294570863930,我们文化落后的根本原因是什么 #中华文化 #国学智慧 #国学文化 #正能量 #孩子教育,继承之道国学苑,2024-12-29 22:50:51,"中华文化, 国学智慧, 国学文化, 正能量, 孩子教育",0
7520858542761413915,日本：有小礼而无大义的国家 历史证明：日本就是表面客气，有小礼而无大义。而我们自古以来重情重义！#历史 #爱国 #中华文化,泰学-包放,2025-06-29 10:00:00,"历史, 爱国, 中华文化",0
7518995986338516260,中国冥币海外爆火，被老外称为祖先币？ #科普 #中国冥币在海外爆火 #东方神秘力量 #文化输出 #抖音精选,潘扬老师,2025-06-23 12:24:43,"科普, 中国冥币在海外爆火, 东方神秘力量, 文化输出, 抖音精选",0
7177686531640020256,什么是文化？#文化 #中国文化 #传承弘扬中国文化,耕读一哥,2022-12-16 18:09:45,"文化, 中国文化, 传承弘扬中国文化",0
7520574082648231178,中国人一定要敬畏祖宗，血缘，学习传统文化 #认知 #智慧人生,老福升维智慧,2025-06-27 18:28:34,"认知, 智慧人生",0
7521297256889552185,福建非遗 华光二世子 #闽东游神文化 #国泰民安 #古风国韵 @DOU+小助手,闽东非遗文化（福建民俗）,2025-06-29 17:14:45,"闽东游神文化, 国泰民安, 古风国韵",0
7520812774893636910,中国人不能忘了自己的根#中国 #传统文化 #教育 #文化传承 #正能量,包放历史说,2025-06-28 09:54:49,"中国, 传统文化, 教育, 文化传承, 正能量",0
7519033109770226954,强大！华尔街精英烧冥币 卢浮宫开纸扎展览！ 中国的冥币文化正在流行华尔街！#文化 #冥币走红海外 #传播 #华尔街 @DOU+小助手,老李的视界,2025-06-23 17:50:00,"文化, 冥币走红海外, 传播, 华尔街",0
7520524484283387182,江二爷降驾#习俗文化 #地方习俗 #闽南习俗,新加坡非遗文化,2025-06-27 15:16:04,"习俗文化, 地方习俗, 闽南习俗",0
7520953895422528768,蔡澜先生一路走好，我们会永远怀念你 #蔡澜 #蔡澜去世 #王晶,晶哥来了-电影文化,2025-06-28 19:02:40,"蔡澜, 蔡澜去世, 王晶",0
7519915477528923419,原来，这就是任何国家都偷不走的中华文化！永远都会被老祖宗的浪漫所折服！！#传统文化#老祖宗审美#古诗词#中华文化 #传承文化,招財进宝✨,2025-06-25 23:52:46,"传统文化, 老祖宗审美, 古诗词, 传承文化",0
7459693499512884514,为什么要对文化进行批判? #文化 #文明 #历史 #传统文化 #认知 @申屠说,申屠说,2025-01-14 17:03:21,"文化, 文明, 历史, 传统文化, 认知",0
7513876787785469235,文化与文明 #文化 #文明 #实话实说 #正能量,现在是老谢了,2025-06-09 17:20:31,"文化, 文明, 实话实说, 正能量",0
7520548934000430345,就因为耿公的高瞻远瞩，文化让大同有了新的高度#耿彦波 #大同 #华严寺,中国文明,2025-06-27 16:50:53,"耿彦波, 大同, 华严寺",0
7520917088909020473,六月初五 别冒失#民俗文化 #老祖宗的智慧 #每日分享,张昀棠,2025-06-28 16:39:29,"民俗文化, 老祖宗的智慧, 每日分享",0
7520526252420173083,这个真的存在 #国学文化 #国学 #国学智慧 #传统文化 #林元群,林元群老师,2025-06-29 17:25:00,"国学文化, 国学, 国学智慧, 传统文化, 林元群",0
7520068073245281594,文化入侵是一场不共戴天的仇恨#文化入侵#长卿#认知,长卿人生智慧,2025-06-26 09:44:53,"文化入侵, 长卿, 认知",0
7332021224270204212,文化没有什么可骄傲的，文明才值得骄傲！ #文化 #文明,申屠说,2024-02-05 15:47:37,"文化, 文明",0
7520189137383591219,老祖宗的智慧，这些规矩必须懂#传统文化 #林元群 #国学 ,林元群师傅,2025-06-29 18:30:00,"传统文化, 林元群, 国学",0
7520554037172161801,农村女人没文化#社会百态 #脱口秀 #吐槽 #大实话 #搞笑,小飞爱吐槽,2025-06-27 17:10:40,"社会百态, 脱口秀, 吐槽, 大实话, 搞笑",0
7513219458506198308,#河源酒吧 #组局 #抓手指 #杂技表演  听我说 入局私我，河源广州入局认准ikki好么,ikki（河源组局版,2025-06-07 22:48:58,"河源酒吧, 组局, 抓手指, 杂技表演",0
7521205882933775670,泱泱文化五千年，我们有我们自己的祖宗，我们是炎黄子孙，我们是龙的传人，我们有自己的传统文化节日，千万不要被西方文化带偏了#开封万岁山王大人成游客新宠 #传统文化 #万岁山王大人火出……版本过低，升级后,拍遍河南,2025-06-29 11:20:14,"开封万岁山王大人成游客新宠, 传统文化, 万岁山王大人火出圈",0
7520450197504183562,你知道我国有多少国粹，成功输出到国外了吗？#国粹  #万万没想到  #文化输出  #文化自信  #奇奇怪怪的文化输出,经典档案室,2025-06-27 10:27:53,"国粹, 万万没想到, 文化输出, 文化自信, 奇奇怪怪的文化输出",0
7327539459463925043,南怀瑾先生一直强调传统文化的重要性，他曾明确指出：“任何國家民族不怕亡國，就怕文化断了！”这句话并非空穴来风，而是基于对世界历史的深入了解。纵观全球，四大文明古國中，唯有中國文明延……版本过低，升级后,南师书院,2024-01-24 14:16:28,"南怀瑾, 传统文化, 认知觉醒",0
7483360834593312059,外国人无法理解的中华文化，全世界只有汉字停止了演变#文化传承 #汉字 #中华传统文化 #文化常识,天道(同款在主页),2025-03-19 11:42:11,"文化传承, 汉字, 中华传统文化, 文化常识",0
7508610856544898342,古人的文化传承居然都被误解了！#科普  #涨知识,方兄来了,2025-05-30 13:48:00,"科普, 涨知识",0
7520568490655321407,这不是魔术，而是苏绣，是传承了上千的中国非遗绝技 这就是让韩国人都不敢碰瓷的双面三异绣 #苏绣 #非遗 #传统手艺 #手艺人,娱小二,2025-06-27 18:06:53,"苏绣, 非遗, 传统手艺, 手艺人",0
7430011823308426536,中国文化，是每个人的必修课！ #郭继承 #人生智慧 #观点分享 ,郭继承（夏令营开始报名啦）,2024-10-26 17:23:29,"郭继承, 人生智慧, 观点分享",0
7010267995939409182,伟大的中华文化 #知识创作人 ,高盖伦,2021-09-21 14:20:26,知识创作人,0
7520929680497626418,为何说大宪章是人类法治文明的起点#历史 #文化 #认知 #冯玮,冯玮谈历史,2025-06-28 17:28:35,"历史, 文化, 认知, 冯玮",0
7521006982796741928,消失的铁峰庵 全昆明我个人觉得消失得最可惜的两座寺院，一个归化寺，一个铁峰庵。今天先去看看铁峰庵遗址。#款云南 #见识云南 #历史 #历史古迹,南曲文化,2025-06-28 22:28:22,"款云南, 见识云南, 历史, 历史古迹",0
7036015248687566087,温州人到底有没有文化?#旅行大玩家 #温州人 ,小黑诸鸣,2021-12-01 11:35:00,"旅行大玩家, 温州人",0
7520990158881082687,六月六天贶节#传统文化#民俗文化#传统节日,雅韵文化,2025-06-28 21:23:02,"传统文化, 民俗文化, 传统节日",0
7519709460547308826,原来这就是任何国家都偷不走的中华文化，永远会被老祖宗的浪漫所折服#传统文化#传承# 老祖宗审美#古诗词,仙女美食,2025-06-25 10:33:21,"传统文化, 传承, 古诗词",0
7521210974663232827,山西话的神奇能力之 一言不发也能理解全文#内容太过真实 #山西方言 #搞笑 #文化输出 #一定要看到最后,小羽bar.,2025-06-29 11:39:56,"内容太过真实, 山西方言, 搞笑, 文化输出, 一定要看到最后",0
7520852457975516458,它是一本沉甸甸的历史书，记载着庆阳璀璨的历史与文化。今天就让我们走进庆阳市博物馆，一起探索这片古老而又神奇的地方～#董宇辉 #与辉同行 #董宇辉拥有暖评最多的评论区 #与辉同行阅山河 #与辉同行甘肃行,与辉同行,2025-06-28 12:28:55,"董宇辉, 与辉同行, 董宇辉拥有暖评最多的评论区, 与辉同行阅山河, 与辉同行甘肃行",0
7520951614557211963,不破不立，大破大立 #思维认知 #国学文化 #老子道德经 #内容启发分享计划,历史文化,2025-06-28 18:53:29,"思维认知, 国学文化, 老子道德经, 内容启发分享计划",0
7520881021395455289,你会经常这么说吗？#生僻字  #方言 #国学文化 #家乡话,生僻字,2025-06-28 14:19:32,"生僻字, 方言, 国学文化, 家乡话",0
7519758719090314555,教养和规矩真不是人人都有，中华五千年的规矩教养，老祖宗留下的文化绝不能丢#规矩 #教养 #传统文化 #教育 #家庭教育,快乐小七,2025-06-25 13:44:26,"规矩, 教养, 传统文化, 教育, 家庭教育",0
7518907472929672498,原来中华文化早就传到国外了，感觉全世界都在说中国话，果然永远被老祖宗的浪漫所折服#中华文化 #老外说中文 #老祖宗的智慧 #古诗词 #中国人的浪漫,圆圆优选🌹,2025-06-23 06:41:16,"中华文化, 老外说中文, 老祖宗的智慧, 古诗词, 中国人的浪漫",0
7306768623161363749,独属中国人的文化底蕴 老祖宗留下来的情商密码 #中华文化   #礼仪   #为人处世,娱圈小鸽鸽,2023-11-29 14:34:16,"中华文化, 礼仪, 为人处世",0
7514917955239529767,文化入侵细思极恐，原来我们都在慢慢的被国外文化所侵蚀 #国学文化 #智慧人生 #文化入侵的危害不容小觑 #传承中国传统文化 #传统文化,合一智慧人生,2025-06-12 12:40:56,"国学文化, 智慧人生, 文化入侵的危害不容小觑, 传承中国传统文化, 传统文化",0
7520170299075104011,这就是中国人的规矩！#规矩 #中国人的规矩 #教养 #传统文化 #读书分享,薪满亿足,2025-06-26 16:21:39,"规矩, 中国人的规矩, 教养, 传统文化, 读书分享",0
7520555201091079487,人生最高级的活法，就这三句话！ #传统文化#民俗文化,司徒法正.,2025-06-27 17:15:20,"传统文化, 民俗文化",0
7519768920711007545,那些快被遗忘的规矩，规矩就是教养，人没有教养，有多可怕！！！#好书分享 #书单#教养 #礼仪 #传统文化,叫我杨可爱呀,2025-06-25 14:24:01,"好书分享, 书单, 教养, 礼仪, 传统文化",0
7521193776162475323,“别赌气” #百家讲坛 #国学文化,百家讲台,2025-06-29 10:33:11,"百家讲坛, 国学文化",0
7424089278445014307,我国的传统文化是拿不出好东西了吗？需要去洗白糟粕？#炸裂 #历史 #传统文化,甫子寸,2024-10-10 18:40:19,"炸裂, 历史, 传统文化",0
7095489645756173609,中国文化对日本的影响到底有多大？你的起点，可能就是他们的天花板。 #传统文化 #日本生活 #儒家思想,大串儿,2022-05-09 06:03:54,"传统文化, 日本生活, 儒家思想",0
7271267908657941775,传承传统文化，重建国人规矩！这些老祖宗留下来的文化，你又知道几个呢？#传统文化 #国学文化 #为人处世 #传承文化,董超,2023-08-26 21:11:00,"传统文化, 国学文化, 为人处世, 传承文化",0
7519452165732142375,中国冥币在全世界杀疯了，这就是中华文化的魅力#中国文化 #传统文化 #古诗词,古今研究所,2025-06-24 22:20:00,"中国文化, 传统文化, 古诗词",0
7519069215854251303,原来这就是任何国家都偷不走的中华文化，永远会被老祖宗的浪漫所折服#传统之化开传承#古诗词#传承,孬孬狗仔队,2025-06-23 17:08:50,"传统之化开传承, 古诗词, 传承",0
7520470721181584680,6月26日，河南开封，2025河南省文化旅游发展大会现场，盘鼓迎宾，非遗创演，苏轼入画，烟火人间，山东游客：启动仪式大气、唯美、震撼，把中华文明、宋朝历史、开封历史讲“活”了。#2025河南省文化旅游,河南省文化和旅游厅,2025-06-27 11:47:35,"2025河南省文化旅游发展大会, 河南文旅推荐官, 河南",0
7490896371050925371,中华上下五千年文化底蕴，外人永远别想偷走！#文化传承 #非遗文化 #传统文化 #松塔香 #百鬼夜行,南笙云篇,2025-04-08 19:03:53,"文化传承, 非遗文化, 传统文化, 松塔香, 百鬼夜行",0
7519681592106159420,中国人的规矩#礼仪文化,进来的人暴富,2025-06-25 08:45:10,礼仪文化,0
7518289015481666825,这才是任何国家都偷不走的文化底蕴，老祖宗留下来的东西就是大气，也许这就是传承的意义#娱乐评论大赏 #传统文化 #中式美学 #古老文化,思维说,2025-06-21 19:30:00,"娱乐评论大赏, 传统文化, 中式美学, 古老文化",0
7520462681304845614,中华哲学一定大放光彩！#冯友兰#哲学#传统文化,张其成讲传统文化,2025-06-27 11:16:18,"冯友兰, 哲学, 传统文化",0
7520558019073035554,狠狠记住27句老人言：民间风俗忌讳，放到现在有道理吗？ 简介：老奶奶说：大财靠命，小财靠勤.    钱不是慢慢赚的，是抓住三五年时间，赚别人一辈子的钱。家里的炉灶不能对着门。放到现……版本过低，升级后,大脸妹传承粤语文化,2025-06-27 21:30:00,"习俗风俗, 闰月, 传统文化, 老人言, 老祖宗的智慧",0
7520537422774635834,“拒绝浅陋” #百家讲坛 #国学文化,百家讲台,2025-06-27 16:06:11,"百家讲坛, 国学文化",0
7520606825851505963,日为朝，月为暮！ #智慧 #董卿 #古诗,智慧人生.,2025-06-27 20:36:14,"智慧, 董卿, 古诗",0
7444856505909792035,文化自信，是骨子里的自信。文化认同，是最根本的认同。在这一刻读懂了传承的意义。#文化传承 #国粹 #申遗成功,啵儿闲谈,2024-12-05 17:26:06,"文化传承, 国粹, 申遗成功",0
7515611150826949929,“古人讲，‘万物有所生，而独知守其根’。中华文明延绵至今，正是因为有这种根的意识。”今天是文化和自然遗产日，重温习近平总书记心系中华文化瑰宝保护传承的话语，共同守护文明之根。,人民日报,2025-06-14 09:31:20,,0
7344325349792173327,文化不能亡 #鲍鹏山教授 #传统文化,品道书院-鲍鹏山教授,2024-03-09 19:34:01,"鲍鹏山教授, 传统文化",0
7520473185389677882,净宅口诀，留着吧！有备无患#国学文化 #净宅 #老祖宗的智慧,刘饭饭,2025-06-27 11:56:53,"国学文化, 老祖宗的智慧",0
7377958513135324425,“不要把中国五千年的文明文化搞丢了！”保护文化和自然遗产，习近平总书记念之系之。#文化和自然遗产日,央视新闻,2024-06-08 10:47:30,文化和自然遗产日,0
7520576862972661027,“背叛历史的人，一定是居心叵测！ 忘记历史就意味着背叛，吾辈应当铭记！#铭记历史 #勿忘国耻,泰学-包放,2025-06-28 10:00:00,"铭记历史, 勿忘国耻",0
7520865368253009193,这里有见证庆阳璀璨文化的瑰宝，也有它历经千年仍生生不息的历史印记！庆阳博物馆，我们来啦～#董宇辉 #与辉同行 #董宇辉拥有暖评最多的评论区 #与辉同行阅山河 #与辉同行甘肃行,与辉同行,2025-06-28 13:18:57,"董宇辉, 与辉同行, 董宇辉拥有暖评最多的评论区, 与辉同行阅山河, 与辉同行甘肃行",0
7520950039758949690,人法地，地法天，天法道，道法自然。#道德经#国学智慧 #人生@虚空济文化,虚空济,2025-06-28 18:47:21,"道德经, 国学智慧, 人生",0
7520218229571145023,为什么外国人永远也参透不了中文？这就是独属于中国人的文化底蕴 #中国文化 #古诗词 #文化底蕴 #腹有诗书气自华 #汉字之美,甜甜爱读书,2025-06-26 19:27:33,"中国文化, 古诗词, 文化底蕴, 腹有诗书气自华, 汉字之美",0
7518707500193025339,外国人永远无法理解的独属于中国人的文化素养 还得是老祖宗的智慧，中文的魅力是老外永远学会的#中文 #文化自信 #古诗词 #国学智慧 #老祖宗的智慧,乐乐美食,2025-06-22 17:45:11,"中文, 文化自信, 古诗词, 国学智慧, 老祖宗的智慧",0
7513617067024125241,这就是独属于中国人的文化魅力，汉字停止了演化#汉字 #文化传承 #中华文化 #育儿教育 #文学常识,书海智慧（同款在橱窗）,2025-06-09 00:31:44,"汉字, 文化传承, 中华文化, 育儿教育, 文学常识",0
7520218229571145023,为什么外国人永远也参透不了中文？这就是独属于中国人的文化底蕴 #中国文化 #古诗词 #文化底蕴 #腹有诗书气自华 #汉字之美,甜甜爱读书,2025-06-26 19:27:33,"中国文化, 古诗词, 文化底蕴, 腹有诗书气自华, 汉字之美",0
7518707500193025339,外国人永远无法理解的独属于中国人的文化素养 还得是老祖宗的智慧，中文的魅力是老外永远学会的#中文 #文化自信 #古诗词 #国学智慧 #老祖宗的智慧,乐乐美食,2025-06-22 17:45:11,"中文, 文化自信, 古诗词, 国学智慧, 老祖宗的智慧",0
7513617067024125241,这就是独属于中国人的文化魅力，汉字停止了演化#汉字 #文化传承 #中华文化 #育儿教育 #文学常识,书海智慧（同款在橱窗）,2025-06-09 00:31:44,"汉字, 文化传承, 中华文化, 育儿教育, 文学常识",0
7520576862972661027,“背叛历史的人，一定是居心叵测！ 忘记历史就意味着背叛，吾辈应当铭记！#铭记历史 #勿忘国耻,泰学-包放,2025-06-28 10:00:00,"铭记历史, 勿忘国耻",0
7521340424435404058,马英九：五千年的中华文化，是世界华人共同的精神财富，也是中国人最珍贵的资产#融融观陇,中国台湾网,2025-06-29 20:02:39,融融观陇,0
7441927285403290937,这就是外国人偷不走的中国传统文化#非遗传承 #文化传承 #传统文化,章娱小丸子,2024-11-27 19:58:46,"非遗传承, 文化传承, 传统文化",0
7520570350560709898,民间有真实存在的奇人异士吗夜行千里#老祖宗的智慧 #传统文化 #民间故事,周同学丨,2025-06-27 20:18:00,"老祖宗的智慧, 传统文化, 民间故事",0
7479367072821153081,#历史  中国人必须知道的八大传统文化#中华文化 #历史故事 #传统文化 #华夏文明,虎牙妹儿,2025-03-08 17:24:18,"历史, 中华文化, 历史故事, 传统文化, 华夏文明",0
7484507284509363483,这就是外国人永远理解不了的独属于中国文化得魅力中国文化博大精深，唯独汉字停止了演化!#中国文化#汉字#传统文化 #好书推荐 #家长必读,娱非凡,2025-03-22 13:51:10,"中国文化, 汉字, 传统文化, 好书推荐, 家长必读",0
7520707827843239177,真正的文化自信是什么？ #精彩片段 #历史 #名人名言 #历史故事 ,鸿论古今,2025-06-28 03:11:48,"精彩片段, 历史, 名人名言, 历史故事",0
7521265766113496362,溥仪受到西方文化熏陶 直接剪去了长辫 #影视解说 #怀旧经典影视 #萤火计划,叁叁说剧,2025-06-29 15:12:40,"影视解说, 怀旧经典影视, 萤火计划",0
7519184806039538980,中国文化又以意想不到的方式爆火国外 #文化输出#民俗#冥币#出圈,思维能力,2025-06-24 19:40:00,"文化输出, 民俗, 冥币, 出圈",0
7360909347473460531,中国人必须知道的传统文化 #办公室游戏,圣和,2024-04-23 12:09:03,办公室游戏,0
7520094919194365242,这就是任何国家都偷不走的中华文化，永远会被老祖宗的浪漫所折服，#传统文化#传承#老祖宗审美#古诗词,墨香书驿,2025-06-26 11:29:03,"传统文化, 传承, 老祖宗审美, 古诗词",0
7100941428880067870,中国文化是一个待着不动的文化？#传统文化 #熟人 #吴国盛 ,赢领创新院,2022-05-23 22:39:25,"传统文化, 熟人, 吴国盛",0
7520972838381522230,若文物有灵，我是国家一级文物织锦护臂，以天象谶言保佑国家——五星出东方利中国。#中华器灵 #百young非遗计划 @抖音传统文化 @中华器灵,王小潮,2025-06-28 20:15:51,"中华器灵, 百young非遗计划",0
7519387332833119542,原来这就是任何国家都偷不走的中华文化，永远会被老祖宗的浪漫所折服 #传统文化 #传承 #老祖宗审美#古诗词,心语✨,2025-06-24 13:43:28,"传统文化, 传承, 老祖宗审美, 古诗词",0
7520076092493925642,你知道中国人最喜欢的八个字是哪八个字吗？ #字 #传统文化 #文字 #中国文化,艾弥儿,2025-06-28 05:30:00,"字, 传统文化, 文字, 中国文化",0
7518869177986534719,来看看千古奇文《静心赋》，民间传言作者王勃，疑似后世托名之作 ，你读懂了吗？#诗词 #国学文化 #古诗词的魅力 #王勃 #千古奇文 @DOU+上热门,吃橘子的猫,2025-06-27 19:00:00,"诗词, 国学文化, 古诗词的魅力, 王勃, 千古奇文",0
7520824949125254419,金钱的真正意义！ #国学文化 #人生感悟 #女性智慧 #悟人生之道,静阳老师-领真,2025-06-28 10:42:07,"国学文化, 人生感悟, 女性智慧, 悟人生之道",0
7518300214927625507,原来这就是任何国家都偷不走的中华文化，永远会被老祖宗的浪漫所折服。#传统文化#传承#古诗词#诗词,修心,2025-06-21 17:27:00,"传统文化, 传承, 古诗词, 诗词",0
7521196851812125990,这个夏天跟着#梓渝 的《肆意生花》游池州！#皖美夏日#趣游池州#肆意生花,池州文化旅游,2025-06-29 10:45:08,"梓渝, 皖美夏日, 趣游池州, 肆意生花",0
7521298775776775424,凌空白日三千丈，拔地黄河第一楼。 今天我在山西的鹳雀楼，祝您未来的生活也能更上一层楼！#鹳雀楼 #古诗词的魅力 #山西好风光 #传统文化,婉儿大师汇,2025-06-29 17:20:57,"鹳雀楼, 古诗词的魅力, 山西好风光, 传统文化",0
7013179700688309512,要一次次，要千千万万次呼喊，传统文化永远值得。#都靓读书 #传统文化 #第十九届百花文学奖 ,都靓的1001页,2021-09-29 18:00:00,"都靓读书, 传统文化, 第十九届百花文学奖",0
7145036767123672328,文化就是自然，文明就是生存本身，一切人类生存的总和，就是人类文明。学习中国文化，才能真正拥有健康之身体，⾃由之灵魂。#正能量#国学智慧#修心修行@抖音小助手 ,杨帆说,2022-09-19 18:31:58,"正能量, 国学智慧, 修心修行",0
7484639799521873152,这就是外国人理解不了的独属于中国文化的魅力！#汉字之美 #文化传承,沙与沫,2025-03-22 22:25:16,"汉字之美, 文化传承",0
7507597550321552655,何以中国？是文化让中国成为中国的。#文化自信 #中国文化 #传统文化,樊登,2025-05-23 19:13:11,"文化自信, 中国文化, 传统文化",0
7517590084388949274,中山漫展上最不堪入目的一幕：暴露出社会上一种畸形现象 ,青城先生,2025-06-19 17:29:21,,0
7521256898784529714,108 万玩偶破拍卖纪录！为何LABUBU突然爆火？潮流艺术拍卖热度能持续多久？#文化大观园  #LABUBU,凤凰卫视,2025-06-29 16:45:00,"文化大观园, LABUBU",0
7455138681536482596,这些传统文化外国人永远偷不走 #和田玉﻿ ﻿#文化 ﻿ ﻿#中国传统文化 ﻿ ﻿#传统文化  ﻿#中国文化概况 ﻿ ﻿#弘扬中华传统文化,新疆润器文化,2025-01-02 10:28:05,"文化, 中国传统文化, 传统文化﻿, 中国文化概况, 弘扬中华传统文化﻿",0
7520944248004201769,#公鸡打鸣 每天元气满满，福气满满、无病无灾、正能量！#正能量  #玄学文化 #古人的智慧 #大鹏展翅,玄玄❤,2025-06-28 18:24:56,"公鸡打鸣, 正能量, 玄学文化, 古人的智慧, 大鹏展翅",0
7520876367354629428,大多时候，你觉得可以信任，只是他想让你觉得可以信任；大多时候，你觉得应该这么做，只是他想让你觉得应该这么做#道家文化,山鬼说,2025-06-28 14:01:30,道家文化,0
7484205898043297063,文化的重要性 文化的重要性#源哥言商#文化#文化底蕴#认知#认知思维,源哥（小号）,2025-03-21 18:21:38,"源哥言商, 文化, 文化底蕴, 认知, 认知思维",0
7520513511820463400,笑面虎是每个人都要学会的生存之道#道家文化,山鬼说,2025-06-27 14:33:28,道家文化,0
7516934824197197071,这就是外国人永远无法理解的独属于中国文化的魅力#中国文化 #历史 #汉字 #汉语,阅川（同款在橱窗）,2025-06-17 23:06:21,"中国文化, 历史, 汉字, 汉语",0
7520940689383886099,远古时期，农耕文明地区既可以滋养文明，也可以输出文明！#董宇辉#董宇辉拥有暖评最多的评论区#与辉同行#与辉同行甘肃行,与辉同行,2025-06-28 18:11:34,"董宇辉, 董宇辉拥有暖评最多的评论区, 与辉同行, 与辉同行甘肃行",0
7518327345020128547,中国人的语言攻击能力是有两下子的，连老外听了都破防 #中国人 #国粹 #老外 #科普 #中国文化博大精深,雪儿ai 分享,2025-06-21 17:09:59,"中国人, 国粹, 老外, 科普, 中国文化博大精深",0
7521341786858523955,马英九：对中华文化的重视与传承是两岸共同的责任#融融观陇,中国台湾网,2025-06-29 20:08:01,融融观陇,0
7520953029815717183,如果文物会说外语？该如何向世界介绍自己？不当人了！当海螺！ #中华器灵 #百young非遗计划 @中华器灵 @抖音传统文化 让世界听到更多中国故事！,这是中国的赵一娃FromChina,2025-06-28 18:58:59,"中华器灵, 百young非遗计划",0
7520578333588344074,🔥🔥六道轮回你来自哪一道？ 为什么有人出生就拥有荣华富贵？有的人却一生贫瘠？#国学智慧 #国学文化 #传统文化 #原创视频,叶一禅｜地藏心语,2025-06-27 18:44:56,"国学智慧, 国学文化, 传统文化, 原创视频",0
7039262951311740190,传统文化的魅力#传统文化,樊登,2021-12-08 17:35:25,传统文化,0
6983991824704670983,中国人吃饭有什么讲究？你在饭桌上会在意什么？ #萌知计划 #传统文化 #涨知识 #科普知识 @抖音青少年  #寒假充电计划,正好爷爷聊文化,2021-07-12 18:55:18,"萌知计划, 传统文化, 涨知识, 科普知识, 寒假充电计划",0
7111959876636626190,为什么中华文明生生不息？因为我们代代相传中华文化的精神#商业思维 #涨知识 ,阿甘说商业,2022-06-22 19:00:00,"商业思维, 涨知识",0
7521214608373173546,让世界爱上中国非遗 用非遗文物演绎时髦美人 中国传统文化 文物 国风 服装设计 #中华器灵 #百young非遗计划,小泽啥时候火！,2025-06-29 11:54:05,"中华器灵, 百young非遗计划",0
7419335069996797244,一个美国大妞讲中国传统，可以骂她傻X吗？#传统文化 #道家文化 #美国 #马云,娄导玩流量,2024-09-27 22:49:36,"传统文化, 道家文化, 美国, 马云",0
7480791489216285987,#等什么君哪吒 “中国非遗文化需要传承，国粹不能丢”#非遗文化 #国粹 #中华文化,迷惑菌,2025-03-12 13:32:06,"等什么君哪吒, 非遗文化, 国粹, 中华文化",0
7461476660106284348,中国人浪漫的文化传承！ #文化传承 #中华传统文化 #教养 #规矩 #礼仪,主持人李可,2025-01-19 12:20:40,"文化传承, 中华传统文化, 教养, 规矩, 礼仪",0
7520511901156085033,【禅说大学】明明德是学习《大学》的第一步 #国学文化 #李双林 #智慧人生,李双林文化,2025-06-29 18:25:00,"国学文化, 李双林, 智慧人生",0
7521210142135815476,爹死随地埋，娘死等舅来，女儿是哭灵人，儿子是起灵人 #农村 #习俗 #风俗文化 #农村大实话,释小非,2025-06-29 11:36:44,"农村, 习俗, 风俗文化, 农村大实话",0
7318717271730441508,五千年的文化基脉底蕴以及前车之鉴告诉我们农村绝对不能丢  #中华文化 #郭继承#文化 #智慧人生 #认知,继承学宫——继承之道,2023-12-31 19:21:39,"中华文化, 郭继承, 智慧人生, 认知",0
7520968598869839143,蒙曼老师直言：这是中华文明的重要源头，把中国文明早期历史提前一千多年。#历史文化#红山#赤峰#内蒙古#旅游,我的赤峰,2025-06-28 19:59:47,,0
7521209153327697209,“关于情绪” #百家讲坛 #国学文化,百家讲台,2025-06-29 11:32:51,"百家讲坛, 国学文化",0
7374750049978322210,语言能翻译，但文化不行！ #文化 #翻译 #中国文化,栗子的栗,2024-05-30 19:17:02,"文化, 翻译, 中国文化",0
7519812089729387817,华夏百年十大恐龙！让国人振奋的中国古生物成就！ #古生物 #恐龙 #史前巨兽 #进化论 #自然奇境科普季,黑毛羊驼,2025-06-29 17:30:00,"古生物, 恐龙, 史前巨兽, 进化论, 自然奇境科普季",0
7107775731077238023,【跟着习主席看世界丨不要把中国五千年的文明文化搞丢了】关于文化传承、文明互鉴，习近平念之系之。十年来，总书记多次走进博物馆，探访古村落，推介非遗文化，讲述多姿多彩的文化文明交流互鉴的故事。2022年6,小央视频,2022-06-11 08:40:32,,0
7467885300857965875,原来老祖宗留下的文化被我们严重误解了，这些中国人的规矩你都知道多少？#教养 #规矩礼仪 #传统文化,修心,2025-02-05 20:59:00,"教养, 规矩礼仪, 传统文化",0
7501163329197444362,"任何国家都偷不走的文化底蕴，这就是传统文化信仰和传承的意义。
#中国非遗文化传承 #国粹 #苏绣 #打铁花 #百鬼",思维文舟,2025-05-06 11:06:58,百鬼,0
7481501308193639691,脱离人民群众的客观实际，而大谈中国文化建设，这是胡闹！ #传承弘扬中国传统文化 ,垛牛小弟,2025-03-14 11:28:27,传承弘扬中国传统文化,0
7469409862963711259,果然中华文化博大精深，短短1分钟的视频，够外国人研究一辈子了吧,今日有话题,2025-02-09 21:32:03,,0
7520935823291501865,华夏、九州、九土、九有、九域、九区、禹甸、禹城、禹迹、神州、赤县……你知道这些中国的别称吗？#中国别称 #传统文化,种花匠,2025-06-28 17:52:15,"中国别称, 传统文化",0
