source_url,resolved_url,user_id,sec_user_id,nickname,unique_id,signature,gender,age,address,follower_count,following_count,aweme_count,total_favorited
https://www.douyin.com/user/MS4wLjABAAAAu5Cv2eZBbbIvZqyoD0al3CdHypDE47cVCLHlhD6BKY1RLYBQzSKUAGk6Y3rD3JSk,https://www.douyin.com/user/MS4wLjABAAAAu5Cv2eZBbbIvZqyoD0al3CdHypDE47cVCLHlhD6BKY1RLYBQzSKUAGk6Y3rD3JSk,,MS4wLjABAAAAu5Cv2eZBbbIvZqyoD0al3CdHypDE47cVCLHlhD6BKY1RLYBQzSKUAGk6Y3rD3JSk,,,,Unknown,Unknown,Unknown,0,0,0,0
https://www.douyin.com/user/MS4wLjABAAAA7vfibih-Yt8TM0ynKG6pMp2h-f_zuozPnOFywR8O9IU,https://www.douyin.com/user/MS4wLjABAAAA7vfibih-Yt8TM0ynKG6pMp2h-f_zuozPnOFywR8O9IU,,MS4wLjABAAAA7vfibih-Yt8TM0ynKG6pMp2h-f_zuozPnOFywR8O9IU,,,,Unknown,Unknown,Unknown,0,0,0,0
https://www.douyin.com/user/MS4wLjABAAAA7EmgGwgykoTOaLWqFAQQ8OOucLceZWm7gawyRVHk1YWju9VbJPo1Kk9pt4nSP2RM,https://www.douyin.com/user/MS4wLjABAAAA7EmgGwgykoTOaLWqFAQQ8OOucLceZWm7gawyRVHk1YWju9VbJPo1Kk9pt4nSP2RM,,MS4wLjABAAAA7EmgGwgykoTOaLWqFAQQ8OOucLceZWm7gawyRVHk1YWju9VbJPo1Kk9pt4nSP2RM,,,,Unknown,Unknown,Unknown,0,0,0,0
https://www.douyin.com/user/MS4wLjABAAAA-Q1yNchwMfgLcGIY1I6U0sQTG6lTN6SKrNwTwVvrt8I,https://www.douyin.com/user/MS4wLjABAAAA-Q1yNchwMfgLcGIY1I6U0sQTG6lTN6SKrNwTwVvrt8I,,MS4wLjABAAAA-Q1yNchwMfgLcGIY1I6U0sQTG6lTN6SKrNwTwVvrt8I,,,,Unknown,Unknown,Unknown,0,0,0,0
https://www.douyin.com/user/MS4wLjABAAAAIp1Y0U4_xpDFl2Rx-aCNfGWs9J5bAEjmyU-Gh9lPqfI,https://www.douyin.com/user/MS4wLjABAAAAIp1Y0U4_xpDFl2Rx-aCNfGWs9J5bAEjmyU-Gh9lPqfI,,MS4wLjABAAAAIp1Y0U4_xpDFl2Rx-aCNfGWs9J5bAEjmyU-Gh9lPqfI,,,,Unknown,Unknown,Unknown,0,0,0,0
https://www.douyin.com/user/MS4wLjABAAAApzjTQ_ddt32HbFDVFzvisq8sL7FYEW3Fs7pGBw-H5Q8,https://www.douyin.com/user/MS4wLjABAAAApzjTQ_ddt32HbFDVFzvisq8sL7FYEW3Fs7pGBw-H5Q8,,MS4wLjABAAAApzjTQ_ddt32HbFDVFzvisq8sL7FYEW3Fs7pGBw-H5Q8,,,,Unknown,Unknown,Unknown,0,0,0,0
https://www.douyin.com/user/MS4wLjABAAAASYtC-EZmeEVSBsMPQfaSuhl_n1qu-OipWi7JsocNFNtS2xFYyv2pGTTgT4zh8VF5,https://www.douyin.com/user/MS4wLjABAAAASYtC-EZmeEVSBsMPQfaSuhl_n1qu-OipWi7JsocNFNtS2xFYyv2pGTTgT4zh8VF5,,MS4wLjABAAAASYtC-EZmeEVSBsMPQfaSuhl_n1qu-OipWi7JsocNFNtS2xFYyv2pGTTgT4zh8VF5,,,,Unknown,Unknown,Unknown,0,0,0,0
https://www.douyin.com/user/MS4wLjABAAAApMehDHnzQos9KHl-jFMnsZ-75jl4rydkFd6WXCQ105o,https://www.douyin.com/user/MS4wLjABAAAApMehDHnzQos9KHl-jFMnsZ-75jl4rydkFd6WXCQ105o,,MS4wLjABAAAApMehDHnzQos9KHl-jFMnsZ-75jl4rydkFd6WXCQ105o,,,,Unknown,Unknown,Unknown,0,0,0,0
https://www.douyin.com/user/MS4wLjABAAAAZ0ooGJsI8KrdkwBFbX2JYLOuBycLrCC668Ydxns9hZpiJNex3vJ8OrJEAxua49mu,https://www.douyin.com/user/MS4wLjABAAAAZ0ooGJsI8KrdkwBFbX2JYLOuBycLrCC668Ydxns9hZpiJNex3vJ8OrJEAxua49mu,,MS4wLjABAAAAZ0ooGJsI8KrdkwBFbX2JYLOuBycLrCC668Ydxns9hZpiJNex3vJ8OrJEAxua49mu,,,,Unknown,Unknown,Unknown,0,0,0,0
https://www.douyin.com/user/MS4wLjABAAAARLyCpMKXJJH23740ZSmEALiEGwb3X2fgRtj3Td47TWUyR_0G5GvZtTgqizNuiMDL,https://www.douyin.com/user/MS4wLjABAAAARLyCpMKXJJH23740ZSmEALiEGwb3X2fgRtj3Td47TWUyR_0G5GvZtTgqizNuiMDL,,MS4wLjABAAAARLyCpMKXJJH23740ZSmEALiEGwb3X2fgRtj3Td47TWUyR_0G5GvZtTgqizNuiMDL,,,,Unknown,Unknown,Unknown,0,0,0,0
https://www.douyin.com/user/MS4wLjABAAAAnQDstuGLOC3LBw6uWgKKInWaFRbv8nMpfDyytF6Jh4HBFFLrHin8MhTb9jLOV2jN,https://www.douyin.com/user/MS4wLjABAAAAnQDstuGLOC3LBw6uWgKKInWaFRbv8nMpfDyytF6Jh4HBFFLrHin8MhTb9jLOV2jN,,MS4wLjABAAAAnQDstuGLOC3LBw6uWgKKInWaFRbv8nMpfDyytF6Jh4HBFFLrHin8MhTb9jLOV2jN,,,,Unknown,Unknown,Unknown,0,0,0,0
https://www.douyin.com/user/MS4wLjABAAAAlE4ySN27NDdStTiaXwt7ilZ5Ax9XQdPddwpZiUzWoxM,https://www.douyin.com/user/MS4wLjABAAAAlE4ySN27NDdStTiaXwt7ilZ5Ax9XQdPddwpZiUzWoxM,,MS4wLjABAAAAlE4ySN27NDdStTiaXwt7ilZ5Ax9XQdPddwpZiUzWoxM,,,,Unknown,Unknown,Unknown,0,0,0,0
https://www.douyin.com/user/MS4wLjABAAAAFyy62rRrrKZkuq4uRuSkekLcAFV1cyQq4St69fPl-eI,https://www.douyin.com/user/MS4wLjABAAAAFyy62rRrrKZkuq4uRuSkekLcAFV1cyQq4St69fPl-eI,,MS4wLjABAAAAFyy62rRrrKZkuq4uRuSkekLcAFV1cyQq4St69fPl-eI,,,,Unknown,Unknown,Unknown,0,0,0,0
https://www.douyin.com/user/MS4wLjABAAAAqADI2dBVccOTOojOZI9spn3ygn6a1oQKr-lgsprvUt0,https://www.douyin.com/user/MS4wLjABAAAAqADI2dBVccOTOojOZI9spn3ygn6a1oQKr-lgsprvUt0,,MS4wLjABAAAAqADI2dBVccOTOojOZI9spn3ygn6a1oQKr-lgsprvUt0,,,,Unknown,Unknown,Unknown,0,0,0,0
https://www.douyin.com/user/MS4wLjABAAAALkI_QlA0U4lrI9mVrEa-gUYIlo-pGpkGc8yBcw9-MdT-kC4UnMR0sry-LbtzwQFl,https://www.douyin.com/user/MS4wLjABAAAALkI_QlA0U4lrI9mVrEa-gUYIlo-pGpkGc8yBcw9-MdT-kC4UnMR0sry-LbtzwQFl,,MS4wLjABAAAALkI_QlA0U4lrI9mVrEa-gUYIlo-pGpkGc8yBcw9-MdT-kC4UnMR0sry-LbtzwQFl,,,,Unknown,Unknown,Unknown,0,0,0,0
https://www.douyin.com/user/MS4wLjABAAAAGC991b-Kl7aJa_H14NbQINuLVRxMC2tEyYXgz8ZsuKs,https://www.douyin.com/user/MS4wLjABAAAAGC991b-Kl7aJa_H14NbQINuLVRxMC2tEyYXgz8ZsuKs,,MS4wLjABAAAAGC991b-Kl7aJa_H14NbQINuLVRxMC2tEyYXgz8ZsuKs,,,,Unknown,Unknown,Unknown,0,0,0,0
https://www.douyin.com/user/MS4wLjABAAAAA-nszlLobKp8bhlbfHZrcm3h6huVS-o8goZIufteuzY,https://www.douyin.com/user/MS4wLjABAAAAA-nszlLobKp8bhlbfHZrcm3h6huVS-o8goZIufteuzY,,MS4wLjABAAAAA-nszlLobKp8bhlbfHZrcm3h6huVS-o8goZIufteuzY,,,,Unknown,Unknown,Unknown,0,0,0,0
https://www.douyin.com/user/MS4wLjABAAAAKfmCpyJLMsbwJ3IS5ftumxHNxP5r-wtwDV7afEskHUQ,https://www.douyin.com/user/MS4wLjABAAAAKfmCpyJLMsbwJ3IS5ftumxHNxP5r-wtwDV7afEskHUQ,,MS4wLjABAAAAKfmCpyJLMsbwJ3IS5ftumxHNxP5r-wtwDV7afEskHUQ,,,,Unknown,Unknown,Unknown,0,0,0,0
https://www.douyin.com/user/MS4wLjABAAAA2SB3sxWLZxe9W5wiQQwoWbQu8J_hmyolePc3ucTaP-xFv8edOXBIFFJkWAGVVsMr,https://www.douyin.com/user/MS4wLjABAAAA2SB3sxWLZxe9W5wiQQwoWbQu8J_hmyolePc3ucTaP-xFv8edOXBIFFJkWAGVVsMr,,MS4wLjABAAAA2SB3sxWLZxe9W5wiQQwoWbQu8J_hmyolePc3ucTaP-xFv8edOXBIFFJkWAGVVsMr,,,,Unknown,Unknown,Unknown,0,0,0,0
https://www.douyin.com/user/MS4wLjABAAAA2HQHEhTgwXni72RodQzSsm1SOb5v5JIPXK0bzvejcs0,https://www.douyin.com/user/MS4wLjABAAAA2HQHEhTgwXni72RodQzSsm1SOb5v5JIPXK0bzvejcs0,,MS4wLjABAAAA2HQHEhTgwXni72RodQzSsm1SOb5v5JIPXK0bzvejcs0,,,,Unknown,Unknown,Unknown,0,0,0,0
https://www.douyin.com/user/MS4wLjABAAAABCEi1MUfsVpTo51dY8bhrpZVPTfAQJMDBh90mn-QVz8,https://www.douyin.com/user/MS4wLjABAAAABCEi1MUfsVpTo51dY8bhrpZVPTfAQJMDBh90mn-QVz8,,MS4wLjABAAAABCEi1MUfsVpTo51dY8bhrpZVPTfAQJMDBh90mn-QVz8,,,,Unknown,Unknown,Unknown,0,0,0,0
https://www.douyin.com/user/MS4wLjABAAAAqvgOndQhBFIg6zXvISVyKeIaAscvtbqKZYmWKhcbHmM,https://www.douyin.com/user/MS4wLjABAAAAqvgOndQhBFIg6zXvISVyKeIaAscvtbqKZYmWKhcbHmM,,MS4wLjABAAAAqvgOndQhBFIg6zXvISVyKeIaAscvtbqKZYmWKhcbHmM,,,,Unknown,Unknown,Unknown,0,0,0,0
https://www.douyin.com/user/MS4wLjABAAAAmEhMHCvvF4C4zwI8mmNFrrMAFd6uX5JioqvAI-cxLiV0Wr_dIXHCePm4iqT804WL,https://www.douyin.com/user/MS4wLjABAAAAmEhMHCvvF4C4zwI8mmNFrrMAFd6uX5JioqvAI-cxLiV0Wr_dIXHCePm4iqT804WL,,MS4wLjABAAAAmEhMHCvvF4C4zwI8mmNFrrMAFd6uX5JioqvAI-cxLiV0Wr_dIXHCePm4iqT804WL,,,,Unknown,Unknown,Unknown,0,0,0,0
https://www.douyin.com/user/MS4wLjABAAAAdvt1HdhoHTLmfy_imjkWAuMiWCsdOnhhM5Ovhpq1ZLs,https://www.douyin.com/user/MS4wLjABAAAAdvt1HdhoHTLmfy_imjkWAuMiWCsdOnhhM5Ovhpq1ZLs,,MS4wLjABAAAAdvt1HdhoHTLmfy_imjkWAuMiWCsdOnhhM5Ovhpq1ZLs,,,,Unknown,Unknown,Unknown,0,0,0,0
https://www.douyin.com/user/MS4wLjABAAAA6D8xTHJzgxtWTTkg4VBv-GAmICIOKA5QD4o8-xrq45AwGnhKKCtBcHMA76bSJSr9,https://www.douyin.com/user/MS4wLjABAAAA6D8xTHJzgxtWTTkg4VBv-GAmICIOKA5QD4o8-xrq45AwGnhKKCtBcHMA76bSJSr9,,MS4wLjABAAAA6D8xTHJzgxtWTTkg4VBv-GAmICIOKA5QD4o8-xrq45AwGnhKKCtBcHMA76bSJSr9,,,,Unknown,Unknown,Unknown,0,0,0,0
https://www.douyin.com/user/MS4wLjABAAAAf9AH3xb8dg6owfjyF4UBsHtuEpsNPxEsE2_xeNWoams,https://www.douyin.com/user/MS4wLjABAAAAf9AH3xb8dg6owfjyF4UBsHtuEpsNPxEsE2_xeNWoams,,MS4wLjABAAAAf9AH3xb8dg6owfjyF4UBsHtuEpsNPxEsE2_xeNWoams,,,,Unknown,Unknown,Unknown,0,0,0,0
https://www.douyin.com/user/MS4wLjABAAAAeWUauzZI5qsoJCAf0Nc9Se3Z1X4iDtJBEmJ8RK-aVSk3vLyVwkOaL_ro4aT1lXHn,https://www.douyin.com/user/MS4wLjABAAAAeWUauzZI5qsoJCAf0Nc9Se3Z1X4iDtJBEmJ8RK-aVSk3vLyVwkOaL_ro4aT1lXHn,,MS4wLjABAAAAeWUauzZI5qsoJCAf0Nc9Se3Z1X4iDtJBEmJ8RK-aVSk3vLyVwkOaL_ro4aT1lXHn,,,,Unknown,Unknown,Unknown,0,0,0,0
https://www.douyin.com/user/MS4wLjABAAAA5X3hU5KE3W9UF_O4XxE4ZQfDIMu7DYn8XJcpIctVGlPrgCrUT8Tyq3nXHAY5YTcB,https://www.douyin.com/user/MS4wLjABAAAA5X3hU5KE3W9UF_O4XxE4ZQfDIMu7DYn8XJcpIctVGlPrgCrUT8Tyq3nXHAY5YTcB,,MS4wLjABAAAA5X3hU5KE3W9UF_O4XxE4ZQfDIMu7DYn8XJcpIctVGlPrgCrUT8Tyq3nXHAY5YTcB,,,,Unknown,Unknown,Unknown,0,0,0,0
https://www.douyin.com/user/MS4wLjABAAAAxA44mxJVod_Aq5wc0cZrbZHJ2S_DnoJctGpb_mOvsxs,https://www.douyin.com/user/MS4wLjABAAAAxA44mxJVod_Aq5wc0cZrbZHJ2S_DnoJctGpb_mOvsxs,,MS4wLjABAAAAxA44mxJVod_Aq5wc0cZrbZHJ2S_DnoJctGpb_mOvsxs,,,,Unknown,Unknown,Unknown,0,0,0,0
https://www.douyin.com/user/MS4wLjABAAAAVbgvIGWUL5novVrAlrx7-HDchJpPROzNqwrUsoTWB_bilLqoCBX9oqo-PJaY_Vgo,https://www.douyin.com/user/MS4wLjABAAAAVbgvIGWUL5novVrAlrx7-HDchJpPROzNqwrUsoTWB_bilLqoCBX9oqo-PJaY_Vgo,,MS4wLjABAAAAVbgvIGWUL5novVrAlrx7-HDchJpPROzNqwrUsoTWB_bilLqoCBX9oqo-PJaY_Vgo,,,,Unknown,Unknown,Unknown,0,0,0,0
https://www.douyin.com/user/MS4wLjABAAAAWhF8vhhYbbm5EZGg_nu4lE6GwdltzMaKhXkA4OCvk9s,https://www.douyin.com/user/MS4wLjABAAAAWhF8vhhYbbm5EZGg_nu4lE6GwdltzMaKhXkA4OCvk9s,,MS4wLjABAAAAWhF8vhhYbbm5EZGg_nu4lE6GwdltzMaKhXkA4OCvk9s,,,,Unknown,Unknown,Unknown,0,0,0,0
https://www.douyin.com/user/MS4wLjABAAAAQliR3awO_SXlxo_ORb5YrCnVVtVG1JcihFP9qYOAfVu32BjnZOtOVXhRKu5em0Ga,https://www.douyin.com/user/MS4wLjABAAAAQliR3awO_SXlxo_ORb5YrCnVVtVG1JcihFP9qYOAfVu32BjnZOtOVXhRKu5em0Ga,,MS4wLjABAAAAQliR3awO_SXlxo_ORb5YrCnVVtVG1JcihFP9qYOAfVu32BjnZOtOVXhRKu5em0Ga,,,,Unknown,Unknown,Unknown,0,0,0,0
https://www.douyin.com/user/MS4wLjABAAAAQk0p6Ek7qgUNeKxd0WcvEB-X9ugUNaWKA5pfFnjP951yVFZ-rJ68dbu7HplLo00J,https://www.douyin.com/user/MS4wLjABAAAAQk0p6Ek7qgUNeKxd0WcvEB-X9ugUNaWKA5pfFnjP951yVFZ-rJ68dbu7HplLo00J,,MS4wLjABAAAAQk0p6Ek7qgUNeKxd0WcvEB-X9ugUNaWKA5pfFnjP951yVFZ-rJ68dbu7HplLo00J,,,,Unknown,Unknown,Unknown,0,0,0,0
https://www.douyin.com/user/MS4wLjABAAAAGK1f72whyw7gkNqDUfQqbypmQBAj_WlSxOarvxoepK0kWnX4Xpm_YGV-0E54aGjn,https://www.douyin.com/user/MS4wLjABAAAAGK1f72whyw7gkNqDUfQqbypmQBAj_WlSxOarvxoepK0kWnX4Xpm_YGV-0E54aGjn,,MS4wLjABAAAAGK1f72whyw7gkNqDUfQqbypmQBAj_WlSxOarvxoepK0kWnX4Xpm_YGV-0E54aGjn,,,,Unknown,Unknown,Unknown,0,0,0,0
https://www.douyin.com/user/MS4wLjABAAAAY841wfC3fdvm6ShLmwLZLPLWOtNDAJzcuLPqNz2k8jnzVZsnHBQbvhHe92R27Scj,https://www.douyin.com/user/MS4wLjABAAAAY841wfC3fdvm6ShLmwLZLPLWOtNDAJzcuLPqNz2k8jnzVZsnHBQbvhHe92R27Scj,,MS4wLjABAAAAY841wfC3fdvm6ShLmwLZLPLWOtNDAJzcuLPqNz2k8jnzVZsnHBQbvhHe92R27Scj,,,,Unknown,Unknown,Unknown,0,0,0,0
https://www.douyin.com/user/MS4wLjABAAAAqN0M0RY9V9oODY-_BgdciAmaBQ1FOU4X9dLyB__LRlU,https://www.douyin.com/user/MS4wLjABAAAAqN0M0RY9V9oODY-_BgdciAmaBQ1FOU4X9dLyB__LRlU,,MS4wLjABAAAAqN0M0RY9V9oODY-_BgdciAmaBQ1FOU4X9dLyB__LRlU,,,,Unknown,Unknown,Unknown,0,0,0,0
https://www.douyin.com/user/MS4wLjABAAAAzq8GhD-miOYSLocmUO7E4Pt8fJK3hTrWstzT0fbJJsc,https://www.douyin.com/user/MS4wLjABAAAAzq8GhD-miOYSLocmUO7E4Pt8fJK3hTrWstzT0fbJJsc,,MS4wLjABAAAAzq8GhD-miOYSLocmUO7E4Pt8fJK3hTrWstzT0fbJJsc,,,,Unknown,Unknown,Unknown,0,0,0,0
https://www.douyin.com/user/MS4wLjABAAAANzM4u-l3cY4teN83izGOUPZZxwjnjvexLS1L83QxF0o,https://www.douyin.com/user/MS4wLjABAAAANzM4u-l3cY4teN83izGOUPZZxwjnjvexLS1L83QxF0o,,MS4wLjABAAAANzM4u-l3cY4teN83izGOUPZZxwjnjvexLS1L83QxF0o,,,,Unknown,Unknown,Unknown,0,0,0,0
https://www.douyin.com/user/MS4wLjABAAAA2fvbUNtgKouEcEXBnh4B2xBG9_QUReLTdlIB77efuRuRYRTJbzcctb1ptwbF3LWv,https://www.douyin.com/user/MS4wLjABAAAA2fvbUNtgKouEcEXBnh4B2xBG9_QUReLTdlIB77efuRuRYRTJbzcctb1ptwbF3LWv,,MS4wLjABAAAA2fvbUNtgKouEcEXBnh4B2xBG9_QUReLTdlIB77efuRuRYRTJbzcctb1ptwbF3LWv,,,,Unknown,Unknown,Unknown,0,0,0,0
https://www.douyin.com/user/MS4wLjABAAAAtc9DJhRNK6rj30SYefeKUvOze08hIzaP0gdhpX5W8s1bQLyXZ3qvhy_yutld3Wgp,https://www.douyin.com/user/MS4wLjABAAAAtc9DJhRNK6rj30SYefeKUvOze08hIzaP0gdhpX5W8s1bQLyXZ3qvhy_yutld3Wgp,,MS4wLjABAAAAtc9DJhRNK6rj30SYefeKUvOze08hIzaP0gdhpX5W8s1bQLyXZ3qvhy_yutld3Wgp,,,,Unknown,Unknown,Unknown,0,0,0,0
https://www.douyin.com/user/MS4wLjABAAAApz3JEvVehqm69G5d7MHIOe4XpT27SCxAPPwrJhgrNQc2ipVR2o45J5tMUtnqc6Av,https://www.douyin.com/user/MS4wLjABAAAApz3JEvVehqm69G5d7MHIOe4XpT27SCxAPPwrJhgrNQc2ipVR2o45J5tMUtnqc6Av,,MS4wLjABAAAApz3JEvVehqm69G5d7MHIOe4XpT27SCxAPPwrJhgrNQc2ipVR2o45J5tMUtnqc6Av,,,,Unknown,Unknown,Unknown,0,0,0,0
https://www.douyin.com/user/MS4wLjABAAAAiJ6Wtvbqf2kCbpgDHP8Fvh8xXf2O1wj8cjUDL1p-qvIgBrC4GJWD9b3vrPcvgU07,https://www.douyin.com/user/MS4wLjABAAAAiJ6Wtvbqf2kCbpgDHP8Fvh8xXf2O1wj8cjUDL1p-qvIgBrC4GJWD9b3vrPcvgU07,,MS4wLjABAAAAiJ6Wtvbqf2kCbpgDHP8Fvh8xXf2O1wj8cjUDL1p-qvIgBrC4GJWD9b3vrPcvgU07,,,,Unknown,Unknown,Unknown,0,0,0,0
https://www.douyin.com/user/MS4wLjABAAAAIZfGUA3-I17tb8UJvi_9hWBmg1jUAkmEI-5ZQ4vRukQ,https://www.douyin.com/user/MS4wLjABAAAAIZfGUA3-I17tb8UJvi_9hWBmg1jUAkmEI-5ZQ4vRukQ,,MS4wLjABAAAAIZfGUA3-I17tb8UJvi_9hWBmg1jUAkmEI-5ZQ4vRukQ,,,,Unknown,Unknown,Unknown,0,0,0,0
https://www.douyin.com/user/MS4wLjABAAAAqw1C3jY9-4yN52oph1CXAGRWJZhAa81D7lJ65Sx00v7UENSTxfqK2RUuz3H7Ndog,https://www.douyin.com/user/MS4wLjABAAAAqw1C3jY9-4yN52oph1CXAGRWJZhAa81D7lJ65Sx00v7UENSTxfqK2RUuz3H7Ndog,,MS4wLjABAAAAqw1C3jY9-4yN52oph1CXAGRWJZhAa81D7lJ65Sx00v7UENSTxfqK2RUuz3H7Ndog,,,,Unknown,Unknown,Unknown,0,0,0,0
https://www.douyin.com/user/MS4wLjABAAAAt6jy3zulz21xarPkb7GiHfEiH8m5IwdL8aPqcAVOJ-8,https://www.douyin.com/user/MS4wLjABAAAAt6jy3zulz21xarPkb7GiHfEiH8m5IwdL8aPqcAVOJ-8,,MS4wLjABAAAAt6jy3zulz21xarPkb7GiHfEiH8m5IwdL8aPqcAVOJ-8,,,,Unknown,Unknown,Unknown,0,0,0,0
https://www.douyin.com/user/MS4wLjABAAAA32JEoS5N-R2h3aDLXTeavcbAD8zJqzSfSALXsvWUlTef0A3jX17P2T5iPj1ovPf4,https://www.douyin.com/user/MS4wLjABAAAA32JEoS5N-R2h3aDLXTeavcbAD8zJqzSfSALXsvWUlTef0A3jX17P2T5iPj1ovPf4,,MS4wLjABAAAA32JEoS5N-R2h3aDLXTeavcbAD8zJqzSfSALXsvWUlTef0A3jX17P2T5iPj1ovPf4,,,,Unknown,Unknown,Unknown,0,0,0,0
https://www.douyin.com/user/MS4wLjABAAAAOCLpbyt9s82x7vFE_VU42_p-r5XGkG8yB27-i8go74ZZmQScV4owyP6uHuCylYiU,https://www.douyin.com/user/MS4wLjABAAAAOCLpbyt9s82x7vFE_VU42_p-r5XGkG8yB27-i8go74ZZmQScV4owyP6uHuCylYiU,,MS4wLjABAAAAOCLpbyt9s82x7vFE_VU42_p-r5XGkG8yB27-i8go74ZZmQScV4owyP6uHuCylYiU,,,,Unknown,Unknown,Unknown,0,0,0,0
https://www.douyin.com/user/MS4wLjABAAAAkd1PhokASv8sGmzZofNBSfL_E1puBBAL5mHFrUfeitg,https://www.douyin.com/user/MS4wLjABAAAAkd1PhokASv8sGmzZofNBSfL_E1puBBAL5mHFrUfeitg,,MS4wLjABAAAAkd1PhokASv8sGmzZofNBSfL_E1puBBAL5mHFrUfeitg,,,,Unknown,Unknown,Unknown,0,0,0,0
https://www.douyin.com/user/MS4wLjABAAAARZcFtvl5Gx2iqtmU3KtWvR0VGdCJ_mGZn2pdUMw9Jzw,https://www.douyin.com/user/MS4wLjABAAAARZcFtvl5Gx2iqtmU3KtWvR0VGdCJ_mGZn2pdUMw9Jzw,,MS4wLjABAAAARZcFtvl5Gx2iqtmU3KtWvR0VGdCJ_mGZn2pdUMw9Jzw,,,,Unknown,Unknown,Unknown,0,0,0,0
https://www.douyin.com/user/MS4wLjABAAAAxG-og2Q6H0H3qzvFBA4Qx4O0R2fBWrU18sxsqV6e6I0,https://www.douyin.com/user/MS4wLjABAAAAxG-og2Q6H0H3qzvFBA4Qx4O0R2fBWrU18sxsqV6e6I0,,MS4wLjABAAAAxG-og2Q6H0H3qzvFBA4Qx4O0R2fBWrU18sxsqV6e6I0,,,,Unknown,Unknown,Unknown,0,0,0,0
https://www.douyin.com/user/MS4wLjABAAAAoMF0FxdgOR1wdY1PrjZFlVrpiCr88re8vFqOSH9gH0k,https://www.douyin.com/user/MS4wLjABAAAAoMF0FxdgOR1wdY1PrjZFlVrpiCr88re8vFqOSH9gH0k,,MS4wLjABAAAAoMF0FxdgOR1wdY1PrjZFlVrpiCr88re8vFqOSH9gH0k,,,,Unknown,Unknown,Unknown,0,0,0,0
https://www.douyin.com/user/MS4wLjABAAAAhtjhrVUoaMtDH_dYufFTxJEh1PHLFcRL5XozWy4MmmQ,https://www.douyin.com/user/MS4wLjABAAAAhtjhrVUoaMtDH_dYufFTxJEh1PHLFcRL5XozWy4MmmQ,,MS4wLjABAAAAhtjhrVUoaMtDH_dYufFTxJEh1PHLFcRL5XozWy4MmmQ,,,,Unknown,Unknown,Unknown,0,0,0,0
https://www.douyin.com/user/MS4wLjABAAAAm0bwmzZrKGprvwmnWXCAypCqdqrVmn9pG_ucc7mbjHIYGH5qKDgVKnYlmsj6r-NZ,https://www.douyin.com/user/MS4wLjABAAAAm0bwmzZrKGprvwmnWXCAypCqdqrVmn9pG_ucc7mbjHIYGH5qKDgVKnYlmsj6r-NZ,,MS4wLjABAAAAm0bwmzZrKGprvwmnWXCAypCqdqrVmn9pG_ucc7mbjHIYGH5qKDgVKnYlmsj6r-NZ,,,,Unknown,Unknown,Unknown,0,0,0,0
https://www.douyin.com/user/MS4wLjABAAAAFLiU7BSSGKleJ6lkprNLcvgYIDnsUgLiMLOvdgm4xF4,https://www.douyin.com/user/MS4wLjABAAAAFLiU7BSSGKleJ6lkprNLcvgYIDnsUgLiMLOvdgm4xF4,,MS4wLjABAAAAFLiU7BSSGKleJ6lkprNLcvgYIDnsUgLiMLOvdgm4xF4,,,,Unknown,Unknown,Unknown,0,0,0,0
https://www.douyin.com/user/MS4wLjABAAAAIXtOKtF_E7cmIe37wwbXYqj07RpGS0VRsCu19K4vH5b4cagpiyH_gnqOQQwRRFRH,https://www.douyin.com/user/MS4wLjABAAAAIXtOKtF_E7cmIe37wwbXYqj07RpGS0VRsCu19K4vH5b4cagpiyH_gnqOQQwRRFRH,,MS4wLjABAAAAIXtOKtF_E7cmIe37wwbXYqj07RpGS0VRsCu19K4vH5b4cagpiyH_gnqOQQwRRFRH,,,,Unknown,Unknown,Unknown,0,0,0,0
https://www.douyin.com/user/MS4wLjABAAAAPUG08xj-oo8FJcryGOGHXb18vGmgnqyyJIctPvhN-iI,https://www.douyin.com/user/MS4wLjABAAAAPUG08xj-oo8FJcryGOGHXb18vGmgnqyyJIctPvhN-iI,,MS4wLjABAAAAPUG08xj-oo8FJcryGOGHXb18vGmgnqyyJIctPvhN-iI,,,,Unknown,Unknown,Unknown,0,0,0,0
https://www.douyin.com/user/MS4wLjABAAAA9VFkagP-2qqo8rUyYdpic5ac9VS3u2P_un1ejDKgZyg,https://www.douyin.com/user/MS4wLjABAAAA9VFkagP-2qqo8rUyYdpic5ac9VS3u2P_un1ejDKgZyg,,MS4wLjABAAAA9VFkagP-2qqo8rUyYdpic5ac9VS3u2P_un1ejDKgZyg,,,,Unknown,Unknown,Unknown,0,0,0,0
https://www.douyin.com/user/MS4wLjABAAAADusZX-aSTPImP6EttiQJIcm528J0vw0K6c5VaYLeO8QZ26COeadOyVT3cHJ5D9UT,https://www.douyin.com/user/MS4wLjABAAAADusZX-aSTPImP6EttiQJIcm528J0vw0K6c5VaYLeO8QZ26COeadOyVT3cHJ5D9UT,,MS4wLjABAAAADusZX-aSTPImP6EttiQJIcm528J0vw0K6c5VaYLeO8QZ26COeadOyVT3cHJ5D9UT,,,,Unknown,Unknown,Unknown,0,0,0,0
https://www.douyin.com/user/MS4wLjABAAAAN8AdUxRVLs2WrUaAI_mXQ_tqjWpdJGuKfRrVDXHgSrhbdwtNflG5vySxWtJgOYx3,https://www.douyin.com/user/MS4wLjABAAAAN8AdUxRVLs2WrUaAI_mXQ_tqjWpdJGuKfRrVDXHgSrhbdwtNflG5vySxWtJgOYx3,,MS4wLjABAAAAN8AdUxRVLs2WrUaAI_mXQ_tqjWpdJGuKfRrVDXHgSrhbdwtNflG5vySxWtJgOYx3,,,,Unknown,Unknown,Unknown,0,0,0,0
https://www.douyin.com/user/MS4wLjABAAAAIdbPasGD6QQgZJl2ClD_dGz7cCGfTTuK8WtYx_A-EC4,https://www.douyin.com/user/MS4wLjABAAAAIdbPasGD6QQgZJl2ClD_dGz7cCGfTTuK8WtYx_A-EC4,,MS4wLjABAAAAIdbPasGD6QQgZJl2ClD_dGz7cCGfTTuK8WtYx_A-EC4,,,,Unknown,Unknown,Unknown,0,0,0,0
https://www.douyin.com/user/MS4wLjABAAAAVZ5vqhjmD55lC783B-a_ga0G2kCrhqysJSP8mkLZaFgaJx_Y3LzK1OxQoQuCgVS6,https://www.douyin.com/user/MS4wLjABAAAAVZ5vqhjmD55lC783B-a_ga0G2kCrhqysJSP8mkLZaFgaJx_Y3LzK1OxQoQuCgVS6,,MS4wLjABAAAAVZ5vqhjmD55lC783B-a_ga0G2kCrhqysJSP8mkLZaFgaJx_Y3LzK1OxQoQuCgVS6,,,,Unknown,Unknown,Unknown,0,0,0,0
https://www.douyin.com/user/MS4wLjABAAAANx2decYfoUosddpVQ8b9lMXt51p6xx53NFCtYZqKDvOdQTx6uuCTpOlvftybFnFL,https://www.douyin.com/user/MS4wLjABAAAANx2decYfoUosddpVQ8b9lMXt51p6xx53NFCtYZqKDvOdQTx6uuCTpOlvftybFnFL,,MS4wLjABAAAANx2decYfoUosddpVQ8b9lMXt51p6xx53NFCtYZqKDvOdQTx6uuCTpOlvftybFnFL,,,,Unknown,Unknown,Unknown,0,0,0,0
https://www.douyin.com/user/MS4wLjABAAAARAyP2NxtvoiCoOlV5yucR42p5sD3GB6rE-02_kB8-Lg,https://www.douyin.com/user/MS4wLjABAAAARAyP2NxtvoiCoOlV5yucR42p5sD3GB6rE-02_kB8-Lg,,MS4wLjABAAAARAyP2NxtvoiCoOlV5yucR42p5sD3GB6rE-02_kB8-Lg,,,,Unknown,Unknown,Unknown,0,0,0,0
https://www.douyin.com/user/MS4wLjABAAAAplpKC_p2aKZB114VMNKN4f47wAQKjQVq87SMAMzW1njKyhmWRzAor-9dtbSm-APU,https://www.douyin.com/user/MS4wLjABAAAAplpKC_p2aKZB114VMNKN4f47wAQKjQVq87SMAMzW1njKyhmWRzAor-9dtbSm-APU,,MS4wLjABAAAAplpKC_p2aKZB114VMNKN4f47wAQKjQVq87SMAMzW1njKyhmWRzAor-9dtbSm-APU,,,,Unknown,Unknown,Unknown,0,0,0,0
https://www.douyin.com/user/MS4wLjABAAAACfTm8VE6Ia7Tzbhh-ehC8Lab6BmAD0lhLozEFQE5sNfbL5rOux0Vl0LtBzDzgnMr,https://www.douyin.com/user/MS4wLjABAAAACfTm8VE6Ia7Tzbhh-ehC8Lab6BmAD0lhLozEFQE5sNfbL5rOux0Vl0LtBzDzgnMr,,MS4wLjABAAAACfTm8VE6Ia7Tzbhh-ehC8Lab6BmAD0lhLozEFQE5sNfbL5rOux0Vl0LtBzDzgnMr,,,,Unknown,Unknown,Unknown,0,0,0,0
https://www.douyin.com/user/MS4wLjABAAAAng5Y-N9ItWPaVK3bsCV52blVSbhUNJ17Mu4TXirBE37mIodUsmeULp1mXSyHI8MO,https://www.douyin.com/user/MS4wLjABAAAAng5Y-N9ItWPaVK3bsCV52blVSbhUNJ17Mu4TXirBE37mIodUsmeULp1mXSyHI8MO,,MS4wLjABAAAAng5Y-N9ItWPaVK3bsCV52blVSbhUNJ17Mu4TXirBE37mIodUsmeULp1mXSyHI8MO,,,,Unknown,Unknown,Unknown,0,0,0,0
https://www.douyin.com/user/MS4wLjABAAAADtQbwFxtmNMLvp9TwX1fNVHDrEVTS0X4RblRaOqqk5s,https://www.douyin.com/user/MS4wLjABAAAADtQbwFxtmNMLvp9TwX1fNVHDrEVTS0X4RblRaOqqk5s,,MS4wLjABAAAADtQbwFxtmNMLvp9TwX1fNVHDrEVTS0X4RblRaOqqk5s,,,,Unknown,Unknown,Unknown,0,0,0,0
https://www.douyin.com/user/MS4wLjABAAAA2eif0jBybogsn3xypZvHP7NAtzWniYlB154kUAz9Azw,https://www.douyin.com/user/MS4wLjABAAAA2eif0jBybogsn3xypZvHP7NAtzWniYlB154kUAz9Azw,,MS4wLjABAAAA2eif0jBybogsn3xypZvHP7NAtzWniYlB154kUAz9Azw,,,,Unknown,Unknown,Unknown,0,0,0,0
https://www.douyin.com/user/MS4wLjABAAAA3A4oGQG3tnWZ9G5bTbtO6RWK-Agk08micQVJkzUwkLuS52-nwRwYzKNwXfgpjGio,https://www.douyin.com/user/MS4wLjABAAAA3A4oGQG3tnWZ9G5bTbtO6RWK-Agk08micQVJkzUwkLuS52-nwRwYzKNwXfgpjGio,,MS4wLjABAAAA3A4oGQG3tnWZ9G5bTbtO6RWK-Agk08micQVJkzUwkLuS52-nwRwYzKNwXfgpjGio,,,,Unknown,Unknown,Unknown,0,0,0,0
https://www.douyin.com/user/MS4wLjABAAAAR9HxrXKUobJV3L7OCxcFxlC9vX3OguJ_RmZ7C6cK51g,https://www.douyin.com/user/MS4wLjABAAAAR9HxrXKUobJV3L7OCxcFxlC9vX3OguJ_RmZ7C6cK51g,,MS4wLjABAAAAR9HxrXKUobJV3L7OCxcFxlC9vX3OguJ_RmZ7C6cK51g,,,,Unknown,Unknown,Unknown,0,0,0,0
https://www.douyin.com/user/MS4wLjABAAAAi9pkR296BwsFnwmtcz9lHp9jksJVNL_zX9zyLNqJFVM,https://www.douyin.com/user/MS4wLjABAAAAi9pkR296BwsFnwmtcz9lHp9jksJVNL_zX9zyLNqJFVM,,MS4wLjABAAAAi9pkR296BwsFnwmtcz9lHp9jksJVNL_zX9zyLNqJFVM,,,,Unknown,Unknown,Unknown,0,0,0,0
https://www.douyin.com/user/MS4wLjABAAAA1n6fpRsavPRQ-wdFQMAe1Zca2E6WMrHZdRt58SH7_Wzo6COGEfDfJGTZLjdLZA4z,https://www.douyin.com/user/MS4wLjABAAAA1n6fpRsavPRQ-wdFQMAe1Zca2E6WMrHZdRt58SH7_Wzo6COGEfDfJGTZLjdLZA4z,,MS4wLjABAAAA1n6fpRsavPRQ-wdFQMAe1Zca2E6WMrHZdRt58SH7_Wzo6COGEfDfJGTZLjdLZA4z,,,,Unknown,Unknown,Unknown,0,0,0,0
https://www.douyin.com/user/MS4wLjABAAAAWRvCo9un9WFnaVS0QHFzX3msDAeludMtwaepGSJWM9DVMCKxTzVoKChh984Qd0bd,https://www.douyin.com/user/MS4wLjABAAAAWRvCo9un9WFnaVS0QHFzX3msDAeludMtwaepGSJWM9DVMCKxTzVoKChh984Qd0bd,,MS4wLjABAAAAWRvCo9un9WFnaVS0QHFzX3msDAeludMtwaepGSJWM9DVMCKxTzVoKChh984Qd0bd,,,,Unknown,Unknown,Unknown,0,0,0,0
https://www.douyin.com/user/MS4wLjABAAAA5eIkXTQm6i-dMJoiuAiPjgi2ZTT4q-avxlPXvy1OYT7EVsTO73L3ASovAqExjga5,https://www.douyin.com/user/MS4wLjABAAAA5eIkXTQm6i-dMJoiuAiPjgi2ZTT4q-avxlPXvy1OYT7EVsTO73L3ASovAqExjga5,,MS4wLjABAAAA5eIkXTQm6i-dMJoiuAiPjgi2ZTT4q-avxlPXvy1OYT7EVsTO73L3ASovAqExjga5,,,,Unknown,Unknown,Unknown,0,0,0,0
https://www.douyin.com/user/MS4wLjABAAAApQt4XNWsIr0WT099qFmAR-k3z0z7rSieyu2pY6Z1PtA,https://www.douyin.com/user/MS4wLjABAAAApQt4XNWsIr0WT099qFmAR-k3z0z7rSieyu2pY6Z1PtA,,MS4wLjABAAAApQt4XNWsIr0WT099qFmAR-k3z0z7rSieyu2pY6Z1PtA,,,,Unknown,Unknown,Unknown,0,0,0,0
https://www.douyin.com/user/MS4wLjABAAAAVmV743TYh5ItnI5xgYj4K6aLcd2Bt2deQGUoaHQe9wEjQUBuKnFbN5LCCxXC1lZS,https://www.douyin.com/user/MS4wLjABAAAAVmV743TYh5ItnI5xgYj4K6aLcd2Bt2deQGUoaHQe9wEjQUBuKnFbN5LCCxXC1lZS,,MS4wLjABAAAAVmV743TYh5ItnI5xgYj4K6aLcd2Bt2deQGUoaHQe9wEjQUBuKnFbN5LCCxXC1lZS,,,,Unknown,Unknown,Unknown,0,0,0,0
https://www.douyin.com/user/MS4wLjABAAAA48E-szfduZotKJqzvx-DaKlwpSFjX_ppq0go1kzY7zeZpMVU0YvtetkkRkCNDyB_,https://www.douyin.com/user/MS4wLjABAAAA48E-szfduZotKJqzvx-DaKlwpSFjX_ppq0go1kzY7zeZpMVU0YvtetkkRkCNDyB_,,MS4wLjABAAAA48E-szfduZotKJqzvx-DaKlwpSFjX_ppq0go1kzY7zeZpMVU0YvtetkkRkCNDyB_,,,,Unknown,Unknown,Unknown,0,0,0,0
https://www.douyin.com/user/MS4wLjABAAAAZOGTRCM4HE0i2Mk_H7oEbcjcRTcf7JK4FNq3SEjzQwk,https://www.douyin.com/user/MS4wLjABAAAAZOGTRCM4HE0i2Mk_H7oEbcjcRTcf7JK4FNq3SEjzQwk,,MS4wLjABAAAAZOGTRCM4HE0i2Mk_H7oEbcjcRTcf7JK4FNq3SEjzQwk,,,,Unknown,Unknown,Unknown,0,0,0,0
https://www.douyin.com/user/MS4wLjABAAAA7QxkwL2bIleYi-5BZL8alj-oX4ErnOjlqLlhZav3Z6QHhwip17iFr85LjvSLtD-P,https://www.douyin.com/user/MS4wLjABAAAA7QxkwL2bIleYi-5BZL8alj-oX4ErnOjlqLlhZav3Z6QHhwip17iFr85LjvSLtD-P,,MS4wLjABAAAA7QxkwL2bIleYi-5BZL8alj-oX4ErnOjlqLlhZav3Z6QHhwip17iFr85LjvSLtD-P,,,,Unknown,Unknown,Unknown,0,0,0,0
https://www.douyin.com/user/MS4wLjABAAAAuIg0zUtMb6_wCla0_cu9IJLY-qfyD3ZuhqRR624mi3Q,https://www.douyin.com/user/MS4wLjABAAAAuIg0zUtMb6_wCla0_cu9IJLY-qfyD3ZuhqRR624mi3Q,,MS4wLjABAAAAuIg0zUtMb6_wCla0_cu9IJLY-qfyD3ZuhqRR624mi3Q,,,,Unknown,Unknown,Unknown,0,0,0,0
https://www.douyin.com/user/MS4wLjABAAAA2Z2v2FwJFUlRaAyjmDu9HGaCmVDwpFTdeEekNBCpaMwr-jqMfcD1WpWhGuO-BDpq,https://www.douyin.com/user/MS4wLjABAAAA2Z2v2FwJFUlRaAyjmDu9HGaCmVDwpFTdeEekNBCpaMwr-jqMfcD1WpWhGuO-BDpq,,MS4wLjABAAAA2Z2v2FwJFUlRaAyjmDu9HGaCmVDwpFTdeEekNBCpaMwr-jqMfcD1WpWhGuO-BDpq,,,,Unknown,Unknown,Unknown,0,0,0,0
https://www.douyin.com/user/MS4wLjABAAAAuuldqpGqj3McgzkQeaM7UBroMHtNHmbsmMqfwLWlWTr8_RhIogZAuXbO5glm-Iw9,https://www.douyin.com/user/MS4wLjABAAAAuuldqpGqj3McgzkQeaM7UBroMHtNHmbsmMqfwLWlWTr8_RhIogZAuXbO5glm-Iw9,,MS4wLjABAAAAuuldqpGqj3McgzkQeaM7UBroMHtNHmbsmMqfwLWlWTr8_RhIogZAuXbO5glm-Iw9,,,,Unknown,Unknown,Unknown,0,0,0,0
https://www.douyin.com/user/MS4wLjABAAAAI2FqjpTBGUD3cPJvqQNCpIYDO6rV2IC78GlobFrFkgoVF9VGYK7D85AzP0lWINsK,https://www.douyin.com/user/MS4wLjABAAAAI2FqjpTBGUD3cPJvqQNCpIYDO6rV2IC78GlobFrFkgoVF9VGYK7D85AzP0lWINsK,,MS4wLjABAAAAI2FqjpTBGUD3cPJvqQNCpIYDO6rV2IC78GlobFrFkgoVF9VGYK7D85AzP0lWINsK,,,,Unknown,Unknown,Unknown,0,0,0,0
https://www.douyin.com/user/MS4wLjABAAAAGs6z6-8txBvNXpVhuk0EH7aCQKrwwugXxbItGQTF1h0,https://www.douyin.com/user/MS4wLjABAAAAGs6z6-8txBvNXpVhuk0EH7aCQKrwwugXxbItGQTF1h0,,MS4wLjABAAAAGs6z6-8txBvNXpVhuk0EH7aCQKrwwugXxbItGQTF1h0,,,,Unknown,Unknown,Unknown,0,0,0,0
https://www.douyin.com/user/MS4wLjABAAAASgobnVkhuKduWA3w2t4XDjpPUKoBm4kSCWsOlI86XKNvczOsJKEARFZw8AfqNJgF,https://www.douyin.com/user/MS4wLjABAAAASgobnVkhuKduWA3w2t4XDjpPUKoBm4kSCWsOlI86XKNvczOsJKEARFZw8AfqNJgF,,MS4wLjABAAAASgobnVkhuKduWA3w2t4XDjpPUKoBm4kSCWsOlI86XKNvczOsJKEARFZw8AfqNJgF,,,,Unknown,Unknown,Unknown,0,0,0,0
https://www.douyin.com/user/MS4wLjABAAAAOfPcb4xYq5iAYPxT4e7rDrBoq_DTfbsW2j32lFoKpikqx1TTw-4TkidjmpkIR6hc,https://www.douyin.com/user/MS4wLjABAAAAOfPcb4xYq5iAYPxT4e7rDrBoq_DTfbsW2j32lFoKpikqx1TTw-4TkidjmpkIR6hc,,MS4wLjABAAAAOfPcb4xYq5iAYPxT4e7rDrBoq_DTfbsW2j32lFoKpikqx1TTw-4TkidjmpkIR6hc,,,,Unknown,Unknown,Unknown,0,0,0,0
https://www.douyin.com/user/MS4wLjABAAAArFXy6LfiJXASOlYlloW-qLE09cwqiEOJICbE8nBdbXaKVT2Fmfn4EK9U6HUHlTBf,https://www.douyin.com/user/MS4wLjABAAAArFXy6LfiJXASOlYlloW-qLE09cwqiEOJICbE8nBdbXaKVT2Fmfn4EK9U6HUHlTBf,,MS4wLjABAAAArFXy6LfiJXASOlYlloW-qLE09cwqiEOJICbE8nBdbXaKVT2Fmfn4EK9U6HUHlTBf,,,,Unknown,Unknown,Unknown,0,0,0,0
https://www.douyin.com/user/MS4wLjABAAAANDMEXmXxuD92xFHcS1fmrVawf4gEzAwneEyaeT1ZR-E0fLmBxcy4XW34CiCnP2Zd,https://www.douyin.com/user/MS4wLjABAAAANDMEXmXxuD92xFHcS1fmrVawf4gEzAwneEyaeT1ZR-E0fLmBxcy4XW34CiCnP2Zd,,MS4wLjABAAAANDMEXmXxuD92xFHcS1fmrVawf4gEzAwneEyaeT1ZR-E0fLmBxcy4XW34CiCnP2Zd,,,,Unknown,Unknown,Unknown,0,0,0,0
https://www.douyin.com/user/MS4wLjABAAAApwssKn1I4-f97HzDF-9FPBmu99d4P2oFc3g5ktTA7Ft-2F2qMRg_9RQWNwH6vZMQ,https://www.douyin.com/user/MS4wLjABAAAApwssKn1I4-f97HzDF-9FPBmu99d4P2oFc3g5ktTA7Ft-2F2qMRg_9RQWNwH6vZMQ,,MS4wLjABAAAApwssKn1I4-f97HzDF-9FPBmu99d4P2oFc3g5ktTA7Ft-2F2qMRg_9RQWNwH6vZMQ,,,,Unknown,Unknown,Unknown,0,0,0,0
https://www.douyin.com/user/MS4wLjABAAAABDWQnH8k8UP72zQvvk1uQMnEPgrqinBddlQxk9kv9QeGroFUnosR8oRS8Hh363E3,https://www.douyin.com/user/MS4wLjABAAAABDWQnH8k8UP72zQvvk1uQMnEPgrqinBddlQxk9kv9QeGroFUnosR8oRS8Hh363E3,,MS4wLjABAAAABDWQnH8k8UP72zQvvk1uQMnEPgrqinBddlQxk9kv9QeGroFUnosR8oRS8Hh363E3,,,,Unknown,Unknown,Unknown,0,0,0,0
https://www.douyin.com/user/MS4wLjABAAAASzCHTrZyxjkj5kGsPmnCozKpyi-tVvx0uW4RXn-6lTI,https://www.douyin.com/user/MS4wLjABAAAASzCHTrZyxjkj5kGsPmnCozKpyi-tVvx0uW4RXn-6lTI,,MS4wLjABAAAASzCHTrZyxjkj5kGsPmnCozKpyi-tVvx0uW4RXn-6lTI,,,,Unknown,Unknown,Unknown,0,0,0,0
https://www.douyin.com/user/MS4wLjABAAAAfDM3GuQsxd3hsr3S2xuSONMjNSl1hK1WNS95bV04NyXnFkEJsQEz_RSn3QUkjKe2,https://www.douyin.com/user/MS4wLjABAAAAfDM3GuQsxd3hsr3S2xuSONMjNSl1hK1WNS95bV04NyXnFkEJsQEz_RSn3QUkjKe2,,MS4wLjABAAAAfDM3GuQsxd3hsr3S2xuSONMjNSl1hK1WNS95bV04NyXnFkEJsQEz_RSn3QUkjKe2,,,,Unknown,Unknown,Unknown,0,0,0,0
https://www.douyin.com/user/MS4wLjABAAAAFzRCT4ZylWmLW84JFmNfOmWBr7JizondF0d6h8cB1uM,https://www.douyin.com/user/MS4wLjABAAAAFzRCT4ZylWmLW84JFmNfOmWBr7JizondF0d6h8cB1uM,,MS4wLjABAAAAFzRCT4ZylWmLW84JFmNfOmWBr7JizondF0d6h8cB1uM,,,,Unknown,Unknown,Unknown,0,0,0,0
https://www.douyin.com/user/MS4wLjABAAAAqoSWYiBjqZuDqjqhloHAWMP9S53hfeMbzXNb4ZKZSNn2Dj2MPI0eXWhb9qFIUSKn,https://www.douyin.com/user/MS4wLjABAAAAqoSWYiBjqZuDqjqhloHAWMP9S53hfeMbzXNb4ZKZSNn2Dj2MPI0eXWhb9qFIUSKn,,MS4wLjABAAAAqoSWYiBjqZuDqjqhloHAWMP9S53hfeMbzXNb4ZKZSNn2Dj2MPI0eXWhb9qFIUSKn,,,,Unknown,Unknown,Unknown,0,0,0,0
https://www.douyin.com/user/MS4wLjABAAAAyMTyMvlfM9dCla6EZL770Ib1AvZG2sXxnsmNRgIws80,https://www.douyin.com/user/MS4wLjABAAAAyMTyMvlfM9dCla6EZL770Ib1AvZG2sXxnsmNRgIws80,,MS4wLjABAAAAyMTyMvlfM9dCla6EZL770Ib1AvZG2sXxnsmNRgIws80,,,,Unknown,Unknown,Unknown,0,0,0,0
https://www.douyin.com/user/MS4wLjABAAAAmTUc8U4cEINoU09YBoj8aFKa33rIfc5EnByongdn5X5QZEOCDYCcloKezeOXALCQ,https://www.douyin.com/user/MS4wLjABAAAAmTUc8U4cEINoU09YBoj8aFKa33rIfc5EnByongdn5X5QZEOCDYCcloKezeOXALCQ,,MS4wLjABAAAAmTUc8U4cEINoU09YBoj8aFKa33rIfc5EnByongdn5X5QZEOCDYCcloKezeOXALCQ,,,,Unknown,Unknown,Unknown,0,0,0,0
https://www.douyin.com/user/MS4wLjABAAAAqVeqgrjNWQWVpmKk8RXgncsY3qPX0C-ZGCsjqRwHvQxCFS0YXdh-9Kd8DK7j7P14,https://www.douyin.com/user/MS4wLjABAAAAqVeqgrjNWQWVpmKk8RXgncsY3qPX0C-ZGCsjqRwHvQxCFS0YXdh-9Kd8DK7j7P14,,MS4wLjABAAAAqVeqgrjNWQWVpmKk8RXgncsY3qPX0C-ZGCsjqRwHvQxCFS0YXdh-9Kd8DK7j7P14,,,,Unknown,Unknown,Unknown,0,0,0,0
https://www.douyin.com/user/MS4wLjABAAAA4wtanCvdH92A9350DPL_1vbK6iLXyPssTjGW3HObDY_FX4NH6qgsmsFGanb2HxKL,https://www.douyin.com/user/MS4wLjABAAAA4wtanCvdH92A9350DPL_1vbK6iLXyPssTjGW3HObDY_FX4NH6qgsmsFGanb2HxKL,,MS4wLjABAAAA4wtanCvdH92A9350DPL_1vbK6iLXyPssTjGW3HObDY_FX4NH6qgsmsFGanb2HxKL,,,,Unknown,Unknown,Unknown,0,0,0,0
https://www.douyin.com/user/MS4wLjABAAAAxqmcNoK627N5M9UUD4ldtEDEjukYYeow6Ijkz3kDm0n-7CoqLOatn3E7jnbejXW-,https://www.douyin.com/user/MS4wLjABAAAAxqmcNoK627N5M9UUD4ldtEDEjukYYeow6Ijkz3kDm0n-7CoqLOatn3E7jnbejXW-,,MS4wLjABAAAAxqmcNoK627N5M9UUD4ldtEDEjukYYeow6Ijkz3kDm0n-7CoqLOatn3E7jnbejXW-,,,,Unknown,Unknown,Unknown,0,0,0,0
https://www.douyin.com/user/MS4wLjABAAAAOZoXj8kYk4nwl5lvzZtrwsT6_n_ddF6sCHtByviXWFoJlpe4Z3MQ8w1DSM2QfqnH,https://www.douyin.com/user/MS4wLjABAAAAOZoXj8kYk4nwl5lvzZtrwsT6_n_ddF6sCHtByviXWFoJlpe4Z3MQ8w1DSM2QfqnH,,MS4wLjABAAAAOZoXj8kYk4nwl5lvzZtrwsT6_n_ddF6sCHtByviXWFoJlpe4Z3MQ8w1DSM2QfqnH,,,,Unknown,Unknown,Unknown,0,0,0,0
https://www.douyin.com/user/MS4wLjABAAAA-uQX11gLqrGYWZrZHDZy5Akazj_RqdEqcdxRFUSIZnQ,https://www.douyin.com/user/MS4wLjABAAAA-uQX11gLqrGYWZrZHDZy5Akazj_RqdEqcdxRFUSIZnQ,,MS4wLjABAAAA-uQX11gLqrGYWZrZHDZy5Akazj_RqdEqcdxRFUSIZnQ,,,,Unknown,Unknown,Unknown,0,0,0,0
https://www.douyin.com/user/MS4wLjABAAAALsi2yFbKcgPBjVZNUd58vn-ELcbrRjeEwPkcPMQbo_3S6ZJYVXVu-39xJV9EeC7j,https://www.douyin.com/user/MS4wLjABAAAALsi2yFbKcgPBjVZNUd58vn-ELcbrRjeEwPkcPMQbo_3S6ZJYVXVu-39xJV9EeC7j,,MS4wLjABAAAALsi2yFbKcgPBjVZNUd58vn-ELcbrRjeEwPkcPMQbo_3S6ZJYVXVu-39xJV9EeC7j,,,,Unknown,Unknown,Unknown,0,0,0,0
https://www.douyin.com/user/MS4wLjABAAAASeauUR5J7UXW_Hdi6K2danhpjtiXpeylILjZI08QhJQ1sXJfm_MUR_QFTqP_J9Wn,https://www.douyin.com/user/MS4wLjABAAAASeauUR5J7UXW_Hdi6K2danhpjtiXpeylILjZI08QhJQ1sXJfm_MUR_QFTqP_J9Wn,,MS4wLjABAAAASeauUR5J7UXW_Hdi6K2danhpjtiXpeylILjZI08QhJQ1sXJfm_MUR_QFTqP_J9Wn,,,,Unknown,Unknown,Unknown,0,0,0,0
https://www.douyin.com/user/MS4wLjABAAAArerQNuBnARCL2iF9dfY_E1ECp2O5ulCHO0LGTqAxVDBA04l54KJ_lr33Uu_VzKlZ,https://www.douyin.com/user/MS4wLjABAAAArerQNuBnARCL2iF9dfY_E1ECp2O5ulCHO0LGTqAxVDBA04l54KJ_lr33Uu_VzKlZ,,MS4wLjABAAAArerQNuBnARCL2iF9dfY_E1ECp2O5ulCHO0LGTqAxVDBA04l54KJ_lr33Uu_VzKlZ,,,,Unknown,Unknown,Unknown,0,0,0,0
https://www.douyin.com/user/MS4wLjABAAAAYiL47KgFrPJTleTKaC91GvfkmspeDL5-ZxfrEaYgnpO7RDctY1_VJE99hnEuA5nc,https://www.douyin.com/user/MS4wLjABAAAAYiL47KgFrPJTleTKaC91GvfkmspeDL5-ZxfrEaYgnpO7RDctY1_VJE99hnEuA5nc,,MS4wLjABAAAAYiL47KgFrPJTleTKaC91GvfkmspeDL5-ZxfrEaYgnpO7RDctY1_VJE99hnEuA5nc,,,,Unknown,Unknown,Unknown,0,0,0,0
https://www.douyin.com/user/MS4wLjABAAAAXrfNAWmZg_P8DJ_JAX0fyWEacUWFlOdMWDSTHJZLf_qd5MWCAhCflAGhD2zZ4Ygo,https://www.douyin.com/user/MS4wLjABAAAAXrfNAWmZg_P8DJ_JAX0fyWEacUWFlOdMWDSTHJZLf_qd5MWCAhCflAGhD2zZ4Ygo,,MS4wLjABAAAAXrfNAWmZg_P8DJ_JAX0fyWEacUWFlOdMWDSTHJZLf_qd5MWCAhCflAGhD2zZ4Ygo,,,,Unknown,Unknown,Unknown,0,0,0,0
https://www.douyin.com/user/MS4wLjABAAAA1Vq2EA4rjXKih4SLvL1zaHo3UxnxlDRRpKi0LJKZd1HoEK8GTOUU7_b9bxxfCcdq,https://www.douyin.com/user/MS4wLjABAAAA1Vq2EA4rjXKih4SLvL1zaHo3UxnxlDRRpKi0LJKZd1HoEK8GTOUU7_b9bxxfCcdq,,MS4wLjABAAAA1Vq2EA4rjXKih4SLvL1zaHo3UxnxlDRRpKi0LJKZd1HoEK8GTOUU7_b9bxxfCcdq,,,,Unknown,Unknown,Unknown,0,0,0,0
https://www.douyin.com/user/MS4wLjABAAAAYYk3jkOhPOO3-PD7Slj-UJ2KbiWuE8dB8yXMiCHesB0,https://www.douyin.com/user/MS4wLjABAAAAYYk3jkOhPOO3-PD7Slj-UJ2KbiWuE8dB8yXMiCHesB0,,MS4wLjABAAAAYYk3jkOhPOO3-PD7Slj-UJ2KbiWuE8dB8yXMiCHesB0,,,,Unknown,Unknown,Unknown,0,0,0,0
https://www.douyin.com/user/MS4wLjABAAAAr4YOH058klUzKTwvZ63CBOgSh5m7bYkv0fj0ts8Grbs8KauTuzCafj24AtR93ykK,https://www.douyin.com/user/MS4wLjABAAAAr4YOH058klUzKTwvZ63CBOgSh5m7bYkv0fj0ts8Grbs8KauTuzCafj24AtR93ykK,,MS4wLjABAAAAr4YOH058klUzKTwvZ63CBOgSh5m7bYkv0fj0ts8Grbs8KauTuzCafj24AtR93ykK,,,,Unknown,Unknown,Unknown,0,0,0,0
https://www.douyin.com/user/MS4wLjABAAAAxPNb-UATSSa1fFHjucP3zmZFOZUdk3wsSCxO45TTWvSd80g0zom8ow8JGiklN1IU,https://www.douyin.com/user/MS4wLjABAAAAxPNb-UATSSa1fFHjucP3zmZFOZUdk3wsSCxO45TTWvSd80g0zom8ow8JGiklN1IU,,MS4wLjABAAAAxPNb-UATSSa1fFHjucP3zmZFOZUdk3wsSCxO45TTWvSd80g0zom8ow8JGiklN1IU,,,,Unknown,Unknown,Unknown,0,0,0,0
https://www.douyin.com/user/MS4wLjABAAAA17943deer7ltmHZZRcMgwwuHlFXqoqzPv99VRsuTDI9SLhUGgdikSV-gJqzOLls9,https://www.douyin.com/user/MS4wLjABAAAA17943deer7ltmHZZRcMgwwuHlFXqoqzPv99VRsuTDI9SLhUGgdikSV-gJqzOLls9,,MS4wLjABAAAA17943deer7ltmHZZRcMgwwuHlFXqoqzPv99VRsuTDI9SLhUGgdikSV-gJqzOLls9,,,,Unknown,Unknown,Unknown,0,0,0,0
https://www.douyin.com/user/MS4wLjABAAAAtzekAQs5nruU9nE0gMiVGcx-eF-NcFRxtL7rTGkU8sq9kd-1yR9ob1-RxiVwPFYn,https://www.douyin.com/user/MS4wLjABAAAAtzekAQs5nruU9nE0gMiVGcx-eF-NcFRxtL7rTGkU8sq9kd-1yR9ob1-RxiVwPFYn,,MS4wLjABAAAAtzekAQs5nruU9nE0gMiVGcx-eF-NcFRxtL7rTGkU8sq9kd-1yR9ob1-RxiVwPFYn,,,,Unknown,Unknown,Unknown,0,0,0,0
https://www.douyin.com/user/MS4wLjABAAAAHkrnGIcUhwqPxKAJisA-xOW7lpA2BMo4o4Ba3LGQRy1BZIOVo8psGDV7ayQFMM3O,https://www.douyin.com/user/MS4wLjABAAAAHkrnGIcUhwqPxKAJisA-xOW7lpA2BMo4o4Ba3LGQRy1BZIOVo8psGDV7ayQFMM3O,,MS4wLjABAAAAHkrnGIcUhwqPxKAJisA-xOW7lpA2BMo4o4Ba3LGQRy1BZIOVo8psGDV7ayQFMM3O,,,,Unknown,Unknown,Unknown,0,0,0,0
https://www.douyin.com/user/MS4wLjABAAAAVJRnEOAGPXEMfU-DmT9V8_EXyXI4bXNT7Vf2T8JVm5F7if6id0OU0M3UWFgTsfoB,https://www.douyin.com/user/MS4wLjABAAAAVJRnEOAGPXEMfU-DmT9V8_EXyXI4bXNT7Vf2T8JVm5F7if6id0OU0M3UWFgTsfoB,,MS4wLjABAAAAVJRnEOAGPXEMfU-DmT9V8_EXyXI4bXNT7Vf2T8JVm5F7if6id0OU0M3UWFgTsfoB,,,,Unknown,Unknown,Unknown,0,0,0,0
https://www.douyin.com/user/MS4wLjABAAAAtUG3oNZZ4wz1lMI8E6O7-hTxi2WOWR9neXvlum7bQm5Rb0Y_JZ8SoNLceZ0rkPRq,https://www.douyin.com/user/MS4wLjABAAAAtUG3oNZZ4wz1lMI8E6O7-hTxi2WOWR9neXvlum7bQm5Rb0Y_JZ8SoNLceZ0rkPRq,,MS4wLjABAAAAtUG3oNZZ4wz1lMI8E6O7-hTxi2WOWR9neXvlum7bQm5Rb0Y_JZ8SoNLceZ0rkPRq,,,,Unknown,Unknown,Unknown,0,0,0,0
https://www.douyin.com/user/MS4wLjABAAAAxHH-kg95JJbIvINHpf-49NsqWdxgi01KH3z3D6JZEP9fesNQqMv9PJ3uxeTJy7Ky,https://www.douyin.com/user/MS4wLjABAAAAxHH-kg95JJbIvINHpf-49NsqWdxgi01KH3z3D6JZEP9fesNQqMv9PJ3uxeTJy7Ky,,MS4wLjABAAAAxHH-kg95JJbIvINHpf-49NsqWdxgi01KH3z3D6JZEP9fesNQqMv9PJ3uxeTJy7Ky,,,,Unknown,Unknown,Unknown,0,0,0,0
https://www.douyin.com/user/MS4wLjABAAAA04h5M35bG-AGtCkM5unnuu6lmxwQ-EVqrG3b7T3Brt0,https://www.douyin.com/user/MS4wLjABAAAA04h5M35bG-AGtCkM5unnuu6lmxwQ-EVqrG3b7T3Brt0,,MS4wLjABAAAA04h5M35bG-AGtCkM5unnuu6lmxwQ-EVqrG3b7T3Brt0,,,,Unknown,Unknown,Unknown,0,0,0,0
https://www.douyin.com/user/MS4wLjABAAAAGA2usF-z1skmDm3phyFPnZgSB_0hcopNH8UycYi6c_TDdlmtj7nOhwuQWf24f6pY,https://www.douyin.com/user/MS4wLjABAAAAGA2usF-z1skmDm3phyFPnZgSB_0hcopNH8UycYi6c_TDdlmtj7nOhwuQWf24f6pY,,MS4wLjABAAAAGA2usF-z1skmDm3phyFPnZgSB_0hcopNH8UycYi6c_TDdlmtj7nOhwuQWf24f6pY,,,,Unknown,Unknown,Unknown,0,0,0,0
https://www.douyin.com/user/MS4wLjABAAAAQm509H0yzJ6FsyNDL4z5lKuy4ljxaIT3WIV7ggzShzU,https://www.douyin.com/user/MS4wLjABAAAAQm509H0yzJ6FsyNDL4z5lKuy4ljxaIT3WIV7ggzShzU,,MS4wLjABAAAAQm509H0yzJ6FsyNDL4z5lKuy4ljxaIT3WIV7ggzShzU,,,,Unknown,Unknown,Unknown,0,0,0,0
https://www.douyin.com/user/MS4wLjABAAAAMKduqNNzO1cFOpnWwYQ6GwE3khfqEj9qkH8ZKT1zazI,https://www.douyin.com/user/MS4wLjABAAAAMKduqNNzO1cFOpnWwYQ6GwE3khfqEj9qkH8ZKT1zazI,,MS4wLjABAAAAMKduqNNzO1cFOpnWwYQ6GwE3khfqEj9qkH8ZKT1zazI,,,,Unknown,Unknown,Unknown,0,0,0,0
https://www.douyin.com/user/MS4wLjABAAAAZcAUMsn6BkIwQnTCZeoEt0kyS7-UEqR-TlAt138nI3SIj8IVn7EDVjI4_aSabpkS,https://www.douyin.com/user/MS4wLjABAAAAZcAUMsn6BkIwQnTCZeoEt0kyS7-UEqR-TlAt138nI3SIj8IVn7EDVjI4_aSabpkS,,MS4wLjABAAAAZcAUMsn6BkIwQnTCZeoEt0kyS7-UEqR-TlAt138nI3SIj8IVn7EDVjI4_aSabpkS,,,,Unknown,Unknown,Unknown,0,0,0,0
https://www.douyin.com/user/MS4wLjABAAAAjT6agwCNWRGS4FpSBGM9ENWREDuLkbZvSKL19NM4DUJt1HjL7dZLV5JvfFknB_uN,https://www.douyin.com/user/MS4wLjABAAAAjT6agwCNWRGS4FpSBGM9ENWREDuLkbZvSKL19NM4DUJt1HjL7dZLV5JvfFknB_uN,,MS4wLjABAAAAjT6agwCNWRGS4FpSBGM9ENWREDuLkbZvSKL19NM4DUJt1HjL7dZLV5JvfFknB_uN,,,,Unknown,Unknown,Unknown,0,0,0,0
https://www.douyin.com/user/MS4wLjABAAAA8KPD9RkYPZfK9tvQqMNjc5u8dE6poFdULNbqUhE0oEk,https://www.douyin.com/user/MS4wLjABAAAA8KPD9RkYPZfK9tvQqMNjc5u8dE6poFdULNbqUhE0oEk,,MS4wLjABAAAA8KPD9RkYPZfK9tvQqMNjc5u8dE6poFdULNbqUhE0oEk,,,,Unknown,Unknown,Unknown,0,0,0,0
https://www.douyin.com/user/MS4wLjABAAAAaxdKnokmaegsaBiQe8SUDfYmMUWWfz2V04SVj_vEtx3yVGe0Sn1fV_4APMd-AaC2,https://www.douyin.com/user/MS4wLjABAAAAaxdKnokmaegsaBiQe8SUDfYmMUWWfz2V04SVj_vEtx3yVGe0Sn1fV_4APMd-AaC2,,MS4wLjABAAAAaxdKnokmaegsaBiQe8SUDfYmMUWWfz2V04SVj_vEtx3yVGe0Sn1fV_4APMd-AaC2,,,,Unknown,Unknown,Unknown,0,0,0,0
